<ns0:TEI xmlns:ns0="http://www.tei-c.org/ns/1.0" xmlns:xsi="http://www.w3.org/2001/XMLSchema-instance" xml:space="preserve" xsi:schemaLocation="http://www.tei-c.org/ns/1.0 https://raw.githubusercontent.com/kermitt2/grobid/master/grobid-home/schemas/xsd/Grobid.xsd">
	<ns0:teiHeader>
		<ns0:fileDesc>
			<ns0:titleStmt>
				<ns0:title level="a" type="main" />
			</ns0:titleStmt>
			<ns0:publicationStmt>
				<ns0:publisher />
				<ns0:availability status="unknown"><ns0:licence /></ns0:availability>
			</ns0:publicationStmt>
			<ns0:sourceDesc>
				<ns0:biblStruct>
					<ns0:analytic>
					</ns0:analytic>
					<ns0:monogr>
						<ns0:imprint>
							<ns0:date />
						</ns0:imprint>
					</ns0:monogr>
				</ns0:biblStruct>
			</ns0:sourceDesc>
		</ns0:fileDesc>
		<ns0:encodingDesc>
			<ns0:appInfo>
				<ns0:application version="0.7.3" ident="GROBID" when="2023-07-24T18:48+0000">
					<ns0:desc>GROBID - A machine learning software for extracting information from scholarly documents</ns0:desc>
					<ns0:ref target="https://github.com/kermitt2/grobid" />
				</ns0:application>
			</ns0:appInfo>
		</ns0:encodingDesc>
		<ns0:profileDesc>
			<ns0:abstract />
		</ns0:profileDesc>
	</ns0:teiHeader>
	<ns0:text>
		<ns0:back>
			<ns0:div type="annex">
<ns0:div><ns0:head>Supporting Information</ns0:head><ns0:p>Albumin Protects Lung Cells against Acrolein Cytotoxicity and Acrolein-adducted Albumin Increases Heme Oxygenase 1 Transcripts Kiflai Bein* &#8224; , Rahel L. Birru &#8224; , Heather Wells &#8224; , Theodore P. Larkin &#8224; , Pamela S. Cantrell &#8225; , Matthew V. Fagerburg &#8225;,&#9553; , Xuemei Zeng &#8225; , George D. Leikauf &#8224; Supporting Figure <ns0:ref type="figure">S1</ns0:ref>. Hydralazine interacted with acrolein-adducted albumin and increased the UV absorbance peak of acrolein-adducted albumin. (A) Albumin control (Albumin) and acrolein-adducted albumin (ALB-ACR) samples that had been preincubated (37 o C, 1 h) in the absence or presence of hydralazine were centrifuged through Millipore ultra-2ml filter. The hydralazine in the retentate was determined from the filtrate absorbance spectrophotometrically measured at 263 nm. (B) HBSS, albumin (ALB) and acrolein-adducted albumin (ACR-ALB) samples that had been preincubated (37 o C, 1 h) in the absence or presence of hydralazine (HYD) were centrifuged through Millipore ultra-2ml filter. The UV spectrum of the retentate samples at 240-340 nm was spectrophotometrically determined.</ns0:p></ns0:div>			</ns0:div>
			<ns0:div type="references">

				<ns0:listBibl />
			</ns0:div>
		</ns0:back>
	</ns0:text>
</ns0:TEI>