<ns0:TEI xmlns:ns0="http://www.tei-c.org/ns/1.0" xmlns:xsi="http://www.w3.org/2001/XMLSchema-instance" xml:space="preserve" xsi:schemaLocation="http://www.tei-c.org/ns/1.0 https://raw.githubusercontent.com/kermitt2/grobid/master/grobid-home/schemas/xsd/Grobid.xsd">
	<ns0:teiHeader xml:lang="en">
		<ns0:fileDesc>
			<ns0:titleStmt>
				<ns0:title level="a" type="main">Hydrogen Production via Methane Cracking on Dry-Coated Fe/ZrO 2 with Support Recycle in a Fluidized Bed Process</ns0:title>
			</ns0:titleStmt>
			<ns0:publicationStmt>
				<ns0:publisher />
				<ns0:availability status="unknown"><ns0:licence /></ns0:availability>
			</ns0:publicationStmt>
			<ns0:sourceDesc>
				<ns0:biblStruct>
					<ns0:analytic>
						<ns0:author role="corresp">
							<ns0:persName><ns0:forename type="first">Martin</ns0:forename><ns0:surname>Keller</ns0:surname></ns0:persName>
							<ns0:email>keller-m@aist.go.jp</ns0:email>
						</ns0:author>
						<ns0:author>
							<ns0:persName><ns0:forename type="first">Atul</ns0:forename><ns0:surname>Sharma</ns0:surname></ns0:persName>
						</ns0:author>
						<ns0:author>
							<ns0:affiliation key="aff0">
								<ns0:orgName type="department">Global Zero Emission Research Center</ns0:orgName>
								<ns0:orgName type="laboratory">CO2 Utilization Research Team</ns0:orgName>
								<ns0:orgName type="institution">National Institute of Advanced Industrial Science and Technology</ns0:orgName>
								<ns0:address>
									<ns0:postCode>305-8569</ns0:postCode>
									<ns0:settlement>Smart, Tsukuba</ns0:settlement>
									<ns0:region>Ibaraki</ns0:region>
									<ns0:country key="JP">Japan</ns0:country>
								</ns0:address>
							</ns0:affiliation>
						</ns0:author>
						<ns0:author>
							<ns0:affiliation key="aff1">
								<ns0:orgName type="department">Global Zero Emission Research Center</ns0:orgName>
								<ns0:orgName type="laboratory">CO2 Utilization Research Team</ns0:orgName>
								<ns0:orgName type="institution">National Institute of Advanced Industrial Science and Technology</ns0:orgName>
								<ns0:address>
									<ns0:postCode>305-8569</ns0:postCode>
									<ns0:settlement>Smart, Tsukuba</ns0:settlement>
									<ns0:region>Ibaraki</ns0:region>
									<ns0:country key="JP">Japan</ns0:country>
								</ns0:address>
							</ns0:affiliation>
						</ns0:author>
						<ns0:title level="a" type="main">Hydrogen Production via Methane Cracking on Dry-Coated Fe/ZrO 2 with Support Recycle in a Fluidized Bed Process</ns0:title>
					</ns0:analytic>
					<ns0:monogr>
						<ns0:imprint>
							<ns0:date />
						</ns0:imprint>
					</ns0:monogr>
					<ns0:idno type="DOI">10.1021/acs.energyfuels.0c03287</ns0:idno>
					<ns0:note type="submission">Received: September 29, 2020 Revised: December 1, 2020</ns0:note>
				</ns0:biblStruct>
			</ns0:sourceDesc>
		</ns0:fileDesc>
		<ns0:encodingDesc>
			<ns0:appInfo>
				<ns0:application version="0.7.3" ident="GROBID" when="2023-07-24T03:06+0000">
					<ns0:desc>GROBID - A machine learning software for extracting information from scholarly documents</ns0:desc>
					<ns0:ref target="https://github.com/kermitt2/grobid" />
				</ns0:application>
			</ns0:appInfo>
		</ns0:encodingDesc>
		<ns0:profileDesc>
			<ns0:abstract>
<ns0:div><ns0:p>Hydrogen can be produced by catalytic cracking of methane in a fluidized bed to yield solid carbon as a byproduct. We report the use of a catalyst consisting of Fe 2 O 3 dry coated on dense ZrO 2 beads. A procedure for catalyst support regeneration via mild oxidation and subsequent magnetic separation was developed that allows for recovery and reuse of the ZrO 2 beads. This reuse was demonstrated for three cycles of catalyst preparation, catalyst reduction, methane cracking, and ZrO 2 bead recovery. The regeneration was possible with either oxygen or steam as an oxidizing agent. When steam is used, further hydrogen is generated by the oxidation of iron to magnetite (Fe 3 O 4 ). The phase-pure Fe 3 O 4 /C byproduct that formed in this regeneration step could be valuable for applications such as wastewater treatment.</ns0:p></ns0:div>
			</ns0:abstract>
		</ns0:profileDesc>
	</ns0:teiHeader>
	<ns0:text xml:lang="en">
		<ns0:back>

			<ns0:div type="funding">
<ns0:div><ns0:head>Funding</ns0:head><ns0:p>This work is based on results obtained from a project commissioned by the New Energy and Industrial Technology Development Organization (NEDO) for the project on Advancement of Hydrogen Technologies and Utilization Project.</ns0:p></ns0:div>
<ns0:div><ns0:head>Notes</ns0:head><ns0:p>The authors declare no competing financial interest.</ns0:p></ns0:div>
<ns0:div><ns0:head>&#9632; ACKNOWLEDGMENTS</ns0:head><ns0:p>The support of Akimitsu Matsumura with the experimental work for this project is gratefully acknowledged.</ns0:p></ns0:div>
			</ns0:div>

			<ns0:div type="annex">
<ns0:div><ns0:head>Author Contributions</ns0:head><ns0:p>The manuscript was written through contributions of all authors. All authors have given approval to the final version of the manuscript.</ns0:p></ns0:div>			</ns0:div>
			<ns0:div type="references">

				<ns0:listBibl>

<ns0:biblStruct xml:id="b0">
	<ns0:analytic>
		<ns0:title level="a" type="main">Hydrogen Futures: Toward a Sustainable Energy System</ns0:title>
		<ns0:author>
			<ns0:persName><ns0:forename type="first">S</ns0:forename><ns0:surname>Dunn</ns0:surname></ns0:persName>
		</ns0:author>
		<ns0:idno type="DOI">10.1016/S0360-3199(01)00131-8</ns0:idno>
	</ns0:analytic>
	<ns0:monogr>
		<ns0:title level="j">Int. J. Hydrogen Energy</ns0:title>
		<ns0:imprint>
			<ns0:biblScope unit="volume">27</ns0:biblScope>
			<ns0:biblScope unit="page" from="235" to="264" />
			<ns0:date type="published" when="2002">2002</ns0:date>
		</ns0:imprint>
	</ns0:monogr>
</ns0:biblStruct>

<ns0:biblStruct xml:id="b1">
	<ns0:analytic>
		<ns0:title />
		<ns0:author>
			<ns0:persName><ns0:forename type="first">G</ns0:forename><ns0:forename type="middle">W</ns0:forename><ns0:surname>Crabtree</ns0:surname></ns0:persName>
		</ns0:author>
		<ns0:author>
			<ns0:persName><ns0:forename type="first">M</ns0:forename><ns0:forename type="middle">S</ns0:forename><ns0:surname>Dresselhaus</ns0:surname></ns0:persName>
		</ns0:author>
		<ns0:author>
			<ns0:persName><ns0:forename type="first">M</ns0:forename><ns0:forename type="middle">V</ns0:forename><ns0:surname>Buchanan</ns0:surname></ns0:persName>
		</ns0:author>
		<ns0:idno type="DOI">10.1063/1.1878333</ns0:idno>
	</ns0:analytic>
	<ns0:monogr>
		<ns0:title level="j">The Hydrogen Economy. Phys. Today</ns0:title>
		<ns0:imprint>
			<ns0:biblScope unit="volume">57</ns0:biblScope>
			<ns0:biblScope unit="page" from="39" to="44" />
			<ns0:date type="published" when="2004">2004</ns0:date>
		</ns0:imprint>
	</ns0:monogr>
</ns0:biblStruct>

<ns0:biblStruct xml:id="b2">
	<ns0:analytic>
		<ns0:title level="a" type="main">Exergy Analysis of Hydrogen Production via Steam Methane Reforming</ns0:title>
		<ns0:author>
			<ns0:persName><ns0:forename type="first">A</ns0:forename><ns0:forename type="middle">P</ns0:forename><ns0:surname>Simpson</ns0:surname></ns0:persName>
		</ns0:author>
		<ns0:author>
			<ns0:persName><ns0:forename type="first">A</ns0:forename><ns0:forename type="middle">E</ns0:forename><ns0:surname>Lutz</ns0:surname></ns0:persName>
		</ns0:author>
		<ns0:idno type="DOI">10.1016/j.ijhydene.2007.08.025</ns0:idno>
	</ns0:analytic>
	<ns0:monogr>
		<ns0:title level="j">Int. J. Hydrogen Energy</ns0:title>
		<ns0:imprint>
			<ns0:biblScope unit="volume">32</ns0:biblScope>
			<ns0:biblScope unit="page" from="4811" to="4820" />
			<ns0:date type="published" when="2007">2007</ns0:date>
		</ns0:imprint>
	</ns0:monogr>
</ns0:biblStruct>

<ns0:biblStruct xml:id="b3">
	<ns0:analytic>
		<ns0:title level="a" type="main">Review of Methane Catalytic Cracking for Hydrogen Production</ns0:title>
		<ns0:author>
			<ns0:persName><ns0:forename type="first">A</ns0:forename><ns0:forename type="middle">M</ns0:forename><ns0:surname>Amin</ns0:surname></ns0:persName>
		</ns0:author>
		<ns0:author>
			<ns0:persName><ns0:forename type="first">E</ns0:forename><ns0:surname>Croiset</ns0:surname></ns0:persName>
		</ns0:author>
		<ns0:author>
			<ns0:persName><ns0:forename type="first">W</ns0:forename><ns0:surname>Epling</ns0:surname></ns0:persName>
		</ns0:author>
		<ns0:idno type="DOI">10.1016/j.ijhydene.2010.11.035</ns0:idno>
	</ns0:analytic>
	<ns0:monogr>
		<ns0:title level="j">Int. J. Hydrogen Energy</ns0:title>
		<ns0:imprint>
			<ns0:biblScope unit="volume">36</ns0:biblScope>
			<ns0:biblScope unit="page" from="2904" to="2935" />
			<ns0:date type="published" when="2011">2011</ns0:date>
		</ns0:imprint>
	</ns0:monogr>
</ns0:biblStruct>

<ns0:biblStruct xml:id="b4">
	<ns0:analytic>
		<ns0:title level="a" type="main">Hydrogen Production by Methane Decomposition: A Review</ns0:title>
		<ns0:author>
			<ns0:persName><ns0:forename type="first">H</ns0:forename><ns0:forename type="middle">F</ns0:forename><ns0:surname>Abbas</ns0:surname></ns0:persName>
		</ns0:author>
		<ns0:author>
			<ns0:persName><ns0:forename type="first">W</ns0:forename><ns0:forename type="middle">M A</ns0:forename><ns0:surname>Wan Daud</ns0:surname></ns0:persName>
		</ns0:author>
		<ns0:idno type="DOI">10.1016/j.ijhydene.2009.11.036</ns0:idno>
	</ns0:analytic>
	<ns0:monogr>
		<ns0:title level="j">Int. J. Hydrogen Energy</ns0:title>
		<ns0:imprint>
			<ns0:biblScope unit="volume">35</ns0:biblScope>
			<ns0:biblScope unit="page" from="1160" to="1190" />
			<ns0:date type="published" when="2010">2010</ns0:date>
		</ns0:imprint>
	</ns0:monogr>
</ns0:biblStruct>

<ns0:biblStruct xml:id="b5">
	<ns0:analytic>
		<ns0:title level="a" type="main">Methane Decomposition to COx-Free Hydrogen and Nano-Carbon Material on Group 8-10 Base Metal Catalysts: A Review</ns0:title>
		<ns0:author>
			<ns0:persName><ns0:forename type="first">Y</ns0:forename><ns0:surname>Li</ns0:surname></ns0:persName>
		</ns0:author>
		<ns0:author>
			<ns0:persName><ns0:forename type="first">D</ns0:forename><ns0:surname>Li</ns0:surname></ns0:persName>
		</ns0:author>
		<ns0:author>
			<ns0:persName><ns0:forename type="first">G</ns0:forename><ns0:surname>Wang</ns0:surname></ns0:persName>
		</ns0:author>
		<ns0:idno type="DOI">10.1016/j.cattod.2010.12.042</ns0:idno>
	</ns0:analytic>
	<ns0:monogr>
		<ns0:title level="j">Catal. Today</ns0:title>
		<ns0:imprint>
			<ns0:biblScope unit="volume">162</ns0:biblScope>
			<ns0:biblScope unit="page" from="1" to="48" />
			<ns0:date type="published" when="2011">2011</ns0:date>
		</ns0:imprint>
	</ns0:monogr>
</ns0:biblStruct>

<ns0:biblStruct xml:id="b6">
	<ns0:analytic>
		<ns0:title level="a" type="main">Decomposition of Hydrocarbons to Hydrogen and Carbon</ns0:title>
		<ns0:author>
			<ns0:persName><ns0:forename type="first">S</ns0:forename><ns0:surname>Ahmed</ns0:surname></ns0:persName>
		</ns0:author>
		<ns0:author>
			<ns0:persName><ns0:forename type="first">A</ns0:forename><ns0:surname>Aitani</ns0:surname></ns0:persName>
		</ns0:author>
		<ns0:author>
			<ns0:persName><ns0:forename type="first">F</ns0:forename><ns0:surname>Rahman</ns0:surname></ns0:persName>
		</ns0:author>
		<ns0:author>
			<ns0:persName><ns0:forename type="first">A</ns0:forename><ns0:surname>Al-Dawood</ns0:surname></ns0:persName>
		</ns0:author>
		<ns0:author>
			<ns0:persName><ns0:forename type="first">F</ns0:forename><ns0:surname>Al-Muhaish</ns0:surname></ns0:persName>
		</ns0:author>
		<ns0:idno type="DOI">10.1016/j.apcata.2009.02.038</ns0:idno>
	</ns0:analytic>
	<ns0:monogr>
		<ns0:title level="j">Appl. Catal., A</ns0:title>
		<ns0:imprint>
			<ns0:biblScope unit="volume">359</ns0:biblScope>
			<ns0:biblScope unit="page" from="1" to="24" />
			<ns0:date type="published" when="2009">2009</ns0:date>
		</ns0:imprint>
	</ns0:monogr>
</ns0:biblStruct>

<ns0:biblStruct xml:id="b7">
	<ns0:analytic>
		<ns0:title level="a" type="main">CO2-Free Production of Hydrogen by Catalytic Pyrolysis of Hydrocarbon Fuel</ns0:title>
		<ns0:author>
			<ns0:persName><ns0:forename type="first">N</ns0:forename><ns0:forename type="middle">Z</ns0:forename><ns0:surname>Muradov</ns0:surname></ns0:persName>
		</ns0:author>
		<ns0:idno type="DOI">10.1021/ef9701145</ns0:idno>
	</ns0:analytic>
	<ns0:monogr>
		<ns0:title level="j">Energy Fuels</ns0:title>
		<ns0:imprint>
			<ns0:biblScope unit="volume">12</ns0:biblScope>
			<ns0:biblScope unit="page" from="41" to="48" />
			<ns0:date type="published" when="1998">1998</ns0:date>
		</ns0:imprint>
	</ns0:monogr>
</ns0:biblStruct>

<ns0:biblStruct xml:id="b8">
	<ns0:analytic>
		<ns0:title level="a" type="main">Iron Ore Catalysts for Methane Decomposition to Make COx Free Hydrogen and Carbon Nano Material</ns0:title>
		<ns0:author>
			<ns0:persName><ns0:forename type="first">L</ns0:forename><ns0:surname>Zhou</ns0:surname></ns0:persName>
		</ns0:author>
		<ns0:author>
			<ns0:persName><ns0:forename type="first">L</ns0:forename><ns0:forename type="middle">R</ns0:forename><ns0:surname>Enakonda</ns0:surname></ns0:persName>
		</ns0:author>
		<ns0:author>
			<ns0:persName><ns0:forename type="first">S</ns0:forename><ns0:surname>Li</ns0:surname></ns0:persName>
		</ns0:author>
		<ns0:author>
			<ns0:persName><ns0:forename type="first">D</ns0:forename><ns0:surname>Gary</ns0:surname></ns0:persName>
		</ns0:author>
		<ns0:author>
			<ns0:persName><ns0:forename type="first">P</ns0:forename><ns0:surname>Del-Gallo</ns0:surname></ns0:persName>
		</ns0:author>
		<ns0:author>
			<ns0:persName><ns0:forename type="first">C</ns0:forename><ns0:surname>Mennemann</ns0:surname></ns0:persName>
		</ns0:author>
		<ns0:author>
			<ns0:persName><ns0:forename type="first">J</ns0:forename><ns0:forename type="middle">M</ns0:forename><ns0:surname>Basset</ns0:surname></ns0:persName>
		</ns0:author>
		<ns0:idno type="DOI">10.1016/j.jtice.2018.03.008</ns0:idno>
	</ns0:analytic>
	<ns0:monogr>
		<ns0:title level="j">J. Taiwan Inst. Chem. Eng</ns0:title>
		<ns0:imprint>
			<ns0:biblScope unit="volume">87</ns0:biblScope>
			<ns0:biblScope unit="page" from="54" to="63" />
			<ns0:date type="published" when="2018">2018</ns0:date>
		</ns0:imprint>
	</ns0:monogr>
</ns0:biblStruct>

<ns0:biblStruct xml:id="b9">
	<ns0:monogr>
		<ns0:title />
		<ns0:author>
			<ns0:persName><ns0:forename type="first">L</ns0:forename><ns0:surname>Zhou</ns0:surname></ns0:persName>
		</ns0:author>
		<ns0:author>
			<ns0:persName><ns0:forename type="first">L</ns0:forename><ns0:forename type="middle">R</ns0:forename><ns0:surname>Enakonda</ns0:surname></ns0:persName>
		</ns0:author>
		<ns0:author>
			<ns0:persName><ns0:forename type="first">Y</ns0:forename><ns0:surname>Saih</ns0:surname></ns0:persName>
		</ns0:author>
		<ns0:author>
			<ns0:persName><ns0:forename type="first">S</ns0:forename><ns0:surname>Loptain</ns0:surname></ns0:persName>
		</ns0:author>
		<ns0:author>
			<ns0:persName><ns0:forename type="first">D</ns0:forename><ns0:surname>Gary</ns0:surname></ns0:persName>
		</ns0:author>
		<ns0:author>
			<ns0:persName><ns0:forename type="first">P</ns0:forename><ns0:surname>Del-Gallo</ns0:surname></ns0:persName>
		</ns0:author>
		<ns0:author>
			<ns0:persName><ns0:forename type="first">J.-M</ns0:forename><ns0:surname>Basset</ns0:surname></ns0:persName>
		</ns0:author>
		<ns0:idno type="DOI">10.1002/cssc.201600310</ns0:idno>
		<ns0:imprint>
			<ns0:date type="published" when="2016">2016</ns0:date>
			<ns0:biblScope unit="volume">9</ns0:biblScope>
			<ns0:biblScope unit="page" from="1243" to="1248" />
		</ns0:imprint>
	</ns0:monogr>
</ns0:biblStruct>

<ns0:biblStruct xml:id="b10">
	<ns0:analytic>
		<ns0:title level="a" type="main">Hydrogen Production by Catalytic Decomposition of Methane over Fe Based Bi-Metallic Catalysts Supported on CeO2-ZrO2</ns0:title>
		<ns0:author>
			<ns0:persName><ns0:forename type="first">V</ns0:forename><ns0:surname>Ramasubramanian</ns0:surname></ns0:persName>
		</ns0:author>
		<ns0:author>
			<ns0:persName><ns0:forename type="first">H</ns0:forename><ns0:surname>Ramsurn</ns0:surname></ns0:persName>
		</ns0:author>
		<ns0:author>
			<ns0:persName><ns0:forename type="first">G</ns0:forename><ns0:forename type="middle">L</ns0:forename><ns0:surname>Price</ns0:surname></ns0:persName>
		</ns0:author>
		<ns0:idno type="DOI">10.1016/j.ijhydene.2020.02.170</ns0:idno>
	</ns0:analytic>
	<ns0:monogr>
		<ns0:title level="j">Int. J. Hydrogen Energy</ns0:title>
		<ns0:imprint>
			<ns0:biblScope unit="volume">45</ns0:biblScope>
			<ns0:biblScope unit="page" from="12026" to="12036" />
			<ns0:date type="published" when="2020">2020</ns0:date>
		</ns0:imprint>
	</ns0:monogr>
</ns0:biblStruct>

<ns0:biblStruct xml:id="b11">
	<ns0:monogr>
		<ns0:title level="m" type="main">Catalytic Methane Decomposition over ZrO2 Supported Iron Catalysts: Effect of WO3 and La2O3 Addition on Catalytic Activity and Stability</ns0:title>
		<ns0:author>
			<ns0:persName><ns0:forename type="first">A</ns0:forename><ns0:forename type="middle">S</ns0:forename><ns0:surname>Al -Fatesh</ns0:surname></ns0:persName>
		</ns0:author>
		<ns0:author>
			<ns0:persName><ns0:forename type="first">S</ns0:forename><ns0:forename type="middle">O</ns0:forename><ns0:surname>Kasim</ns0:surname></ns0:persName>
		</ns0:author>
		<ns0:author>
			<ns0:persName><ns0:forename type="first">A</ns0:forename><ns0:forename type="middle">A</ns0:forename><ns0:surname>Ibrahim</ns0:surname></ns0:persName>
		</ns0:author>
		<ns0:author>
			<ns0:persName><ns0:forename type="first">A</ns0:forename><ns0:forename type="middle">S</ns0:forename><ns0:surname>Al-Awadi</ns0:surname></ns0:persName>
		</ns0:author>
		<ns0:author>
			<ns0:persName><ns0:forename type="first">A</ns0:forename><ns0:forename type="middle">E</ns0:forename><ns0:surname>Abasaeed</ns0:surname></ns0:persName>
		</ns0:author>
		<ns0:author>
			<ns0:persName><ns0:forename type="first">A</ns0:forename><ns0:forename type="middle">H</ns0:forename><ns0:surname>Fakeeha</ns0:surname></ns0:persName>
		</ns0:author>
		<ns0:author>
			<ns0:persName><ns0:forename type="first">A</ns0:forename><ns0:forename type="middle">E</ns0:forename><ns0:surname>Awadallah</ns0:surname></ns0:persName>
		</ns0:author>
		<ns0:idno type="DOI">10.1016/j.renene.2020.04.038</ns0:idno>
		<ns0:imprint>
			<ns0:biblScope unit="volume">155</ns0:biblScope>
			<ns0:biblScope unit="page" from="969" to="978" />
		</ns0:imprint>
	</ns0:monogr>
	<ns0:note>Renewable Energy 2020</ns0:note>
</ns0:biblStruct>

<ns0:biblStruct xml:id="b12">
	<ns0:analytic>
		<ns0:title level="a" type="main">Methane Decomposition over Fe Supported Catalysts for Hydrogen and Nano Carbon Yield</ns0:title>
		<ns0:author>
			<ns0:persName><ns0:forename type="first">A</ns0:forename><ns0:forename type="middle">H</ns0:forename><ns0:surname>Fakeeha</ns0:surname></ns0:persName>
		</ns0:author>
		<ns0:author>
			<ns0:persName><ns0:forename type="first">A</ns0:forename><ns0:forename type="middle">A</ns0:forename><ns0:surname>Ibrahim</ns0:surname></ns0:persName>
		</ns0:author>
		<ns0:author>
			<ns0:persName><ns0:forename type="first">M</ns0:forename><ns0:forename type="middle">A</ns0:forename><ns0:surname>Naeem</ns0:surname></ns0:persName>
		</ns0:author>
		<ns0:author>
			<ns0:persName><ns0:forename type="first">W</ns0:forename><ns0:forename type="middle">U</ns0:forename><ns0:surname>Khan</ns0:surname></ns0:persName>
		</ns0:author>
		<ns0:author>
			<ns0:persName><ns0:forename type="first">A</ns0:forename><ns0:forename type="middle">E</ns0:forename><ns0:surname>Abasaeed</ns0:surname></ns0:persName>
		</ns0:author>
		<ns0:author>
			<ns0:persName><ns0:forename type="first">R</ns0:forename><ns0:forename type="middle">L</ns0:forename><ns0:surname>Alotaibi</ns0:surname></ns0:persName>
		</ns0:author>
		<ns0:author>
			<ns0:persName><ns0:forename type="first">A</ns0:forename><ns0:forename type="middle">S</ns0:forename><ns0:surname>Al-Fatesh</ns0:surname></ns0:persName>
		</ns0:author>
		<ns0:idno type="DOI">10.1515/cse-2015-0005</ns0:idno>
	</ns0:analytic>
	<ns0:monogr>
		<ns0:title level="j">Catal. Sustainable Energy</ns0:title>
		<ns0:imprint>
			<ns0:biblScope unit="volume">2</ns0:biblScope>
			<ns0:biblScope unit="page" from="71" to="82" />
			<ns0:date type="published" when="2015">2015</ns0:date>
		</ns0:imprint>
	</ns0:monogr>
</ns0:biblStruct>

<ns0:biblStruct xml:id="b13">
	<ns0:analytic>
		<ns0:title level="a" type="main">Methane Decomposition over Ceria Modified Iron Catalysts</ns0:title>
		<ns0:author>
			<ns0:persName><ns0:forename type="first">L</ns0:forename><ns0:surname>Tang</ns0:surname></ns0:persName>
		</ns0:author>
		<ns0:author>
			<ns0:persName><ns0:forename type="first">D</ns0:forename><ns0:surname>Yamaguchi</ns0:surname></ns0:persName>
		</ns0:author>
		<ns0:author>
			<ns0:persName><ns0:forename type="first">N</ns0:forename><ns0:surname>Burke</ns0:surname></ns0:persName>
		</ns0:author>
		<ns0:author>
			<ns0:persName><ns0:forename type="first">D</ns0:forename><ns0:surname>Trimm</ns0:surname></ns0:persName>
		</ns0:author>
		<ns0:author>
			<ns0:persName><ns0:forename type="first">K</ns0:forename><ns0:surname>Chiang</ns0:surname></ns0:persName>
		</ns0:author>
		<ns0:idno type="DOI">10.1016/j.catcom.2010.07.004</ns0:idno>
	</ns0:analytic>
	<ns0:monogr>
		<ns0:title level="j">Catal. Commun</ns0:title>
		<ns0:imprint>
			<ns0:biblScope unit="volume">11</ns0:biblScope>
			<ns0:biblScope unit="page" from="1215" to="1219" />
			<ns0:date type="published" when="2010">2010</ns0:date>
		</ns0:imprint>
	</ns0:monogr>
</ns0:biblStruct>

<ns0:biblStruct xml:id="b14">
	<ns0:analytic>
		<ns0:title level="a" type="main">Iron-Containing Catalysts of Methane Decomposition: Accumulation of Filamentous Carbon</ns0:title>
		<ns0:author>
			<ns0:persName><ns0:forename type="first">L</ns0:forename><ns0:forename type="middle">B</ns0:forename><ns0:surname>Avdeeva</ns0:surname></ns0:persName>
		</ns0:author>
		<ns0:author>
			<ns0:persName><ns0:forename type="first">T</ns0:forename><ns0:forename type="middle">V</ns0:forename><ns0:surname>Reshetenko</ns0:surname></ns0:persName>
		</ns0:author>
		<ns0:author>
			<ns0:persName><ns0:forename type="first">Z</ns0:forename><ns0:forename type="middle">R</ns0:forename><ns0:surname>Ismagilov</ns0:surname></ns0:persName>
		</ns0:author>
		<ns0:author>
			<ns0:persName><ns0:forename type="first">V</ns0:forename><ns0:forename type="middle">A</ns0:forename><ns0:surname>Likholobov</ns0:surname></ns0:persName>
		</ns0:author>
		<ns0:idno type="DOI">10.1016/S0926-860X(01)00959-0</ns0:idno>
	</ns0:analytic>
	<ns0:monogr>
		<ns0:title level="j">Appl. Catal., A</ns0:title>
		<ns0:imprint>
			<ns0:biblScope unit="volume">228</ns0:biblScope>
			<ns0:biblScope unit="page" from="53" to="63" />
			<ns0:date type="published" when="2002">2002</ns0:date>
		</ns0:imprint>
	</ns0:monogr>
</ns0:biblStruct>

<ns0:biblStruct xml:id="b15">
	<ns0:analytic>
		<ns0:title level="a" type="main">Decomposition of Methane over Iron Catalysts at the Range of Moderate Temperatures: The Influence of Structure of the Catalytic Systems and the Reaction Conditions on the Yield of Carbon and Morphology of Carbon Filaments</ns0:title>
		<ns0:author>
			<ns0:persName><ns0:forename type="first">M</ns0:forename><ns0:forename type="middle">A</ns0:forename><ns0:surname>Ermakova</ns0:surname></ns0:persName>
		</ns0:author>
		<ns0:author>
			<ns0:persName><ns0:forename type="first">D</ns0:forename><ns0:forename type="middle">Y</ns0:forename><ns0:surname>Ermakov</ns0:surname></ns0:persName>
		</ns0:author>
		<ns0:author>
			<ns0:persName><ns0:forename type="first">A</ns0:forename><ns0:forename type="middle">L</ns0:forename><ns0:surname>Chuvilin</ns0:surname></ns0:persName>
		</ns0:author>
		<ns0:author>
			<ns0:persName><ns0:forename type="first">G</ns0:forename><ns0:forename type="middle">G</ns0:forename><ns0:surname>Kuvshinov</ns0:surname></ns0:persName>
		</ns0:author>
		<ns0:idno type="DOI">10.1006/jcat.2001.3243</ns0:idno>
	</ns0:analytic>
	<ns0:monogr>
		<ns0:title level="j">J. Catal</ns0:title>
		<ns0:imprint>
			<ns0:biblScope unit="volume">201</ns0:biblScope>
			<ns0:biblScope unit="page" from="183" to="197" />
			<ns0:date type="published" when="2001">2001</ns0:date>
		</ns0:imprint>
	</ns0:monogr>
</ns0:biblStruct>

<ns0:biblStruct xml:id="b16">
	<ns0:analytic>
		<ns0:title level="a" type="main">Formation of Filamentous Carbons over Supported Fe Catalysts through Methane Decomposition</ns0:title>
		<ns0:author>
			<ns0:persName><ns0:forename type="first">S</ns0:forename><ns0:surname>Takenaka</ns0:surname></ns0:persName>
		</ns0:author>
		<ns0:author>
			<ns0:persName><ns0:forename type="first">M</ns0:forename><ns0:surname>Serizawa</ns0:surname></ns0:persName>
		</ns0:author>
		<ns0:author>
			<ns0:persName><ns0:forename type="first">K</ns0:forename><ns0:surname>Otsuka</ns0:surname></ns0:persName>
		</ns0:author>
		<ns0:idno type="DOI">10.1016/j.jcat.2003.11.017</ns0:idno>
	</ns0:analytic>
	<ns0:monogr>
		<ns0:title level="j">J. Catal</ns0:title>
		<ns0:imprint>
			<ns0:biblScope unit="volume">222</ns0:biblScope>
			<ns0:biblScope unit="page" from="520" to="531" />
			<ns0:date type="published" when="2004">2004</ns0:date>
		</ns0:imprint>
	</ns0:monogr>
</ns0:biblStruct>

<ns0:biblStruct xml:id="b17">
	<ns0:analytic>
		<ns0:title level="a" type="main">High Temperature Iron-Based Catalysts for Hydrogen and Nanostructured Carbon Production by Methane Decomposition</ns0:title>
		<ns0:author>
			<ns0:persName><ns0:forename type="first">J</ns0:forename><ns0:forename type="middle">L</ns0:forename><ns0:surname>Pinilla</ns0:surname></ns0:persName>
		</ns0:author>
		<ns0:author>
			<ns0:persName><ns0:forename type="first">R</ns0:forename><ns0:surname>Utrilla</ns0:surname></ns0:persName>
		</ns0:author>
		<ns0:author>
			<ns0:persName><ns0:forename type="first">R</ns0:forename><ns0:forename type="middle">K</ns0:forename><ns0:surname>Karn</ns0:surname></ns0:persName>
		</ns0:author>
		<ns0:author>
			<ns0:persName><ns0:forename type="first">I</ns0:forename><ns0:surname>Suelves</ns0:surname></ns0:persName>
		</ns0:author>
		<ns0:author>
			<ns0:persName><ns0:forename type="first">M</ns0:forename><ns0:forename type="middle">J</ns0:forename><ns0:surname>La&#769;zaro</ns0:surname></ns0:persName>
		</ns0:author>
		<ns0:author>
			<ns0:persName><ns0:forename type="first">R</ns0:forename><ns0:surname>Moliner</ns0:surname></ns0:persName>
		</ns0:author>
		<ns0:author>
			<ns0:persName><ns0:forename type="first">A</ns0:forename><ns0:forename type="middle">B</ns0:forename><ns0:surname>Garc&#237; A</ns0:surname></ns0:persName>
		</ns0:author>
		<ns0:author>
			<ns0:persName><ns0:forename type="first">J</ns0:forename><ns0:forename type="middle">N</ns0:forename><ns0:surname>Rouzaud</ns0:surname></ns0:persName>
		</ns0:author>
		<ns0:idno type="DOI">10.1016/j.ijhydene.2011.01.184</ns0:idno>
	</ns0:analytic>
	<ns0:monogr>
		<ns0:title level="j">Int. J. Hydrogen Energy</ns0:title>
		<ns0:imprint>
			<ns0:biblScope unit="volume">36</ns0:biblScope>
			<ns0:biblScope unit="page" from="7832" to="7843" />
			<ns0:date type="published" when="2011">2011</ns0:date>
		</ns0:imprint>
	</ns0:monogr>
</ns0:biblStruct>

<ns0:biblStruct xml:id="b18">
	<ns0:analytic>
		<ns0:title level="a" type="main">Fe Catalysts for Methane Decomposition to Produce Hydrogen and Carbon Nano Materials</ns0:title>
		<ns0:author>
			<ns0:persName><ns0:forename type="first">L</ns0:forename><ns0:surname>Zhou</ns0:surname></ns0:persName>
		</ns0:author>
		<ns0:author>
			<ns0:persName><ns0:forename type="first">L</ns0:forename><ns0:forename type="middle">R</ns0:forename><ns0:surname>Enakonda</ns0:surname></ns0:persName>
		</ns0:author>
		<ns0:author>
			<ns0:persName><ns0:forename type="first">M</ns0:forename><ns0:surname>Harb</ns0:surname></ns0:persName>
		</ns0:author>
		<ns0:author>
			<ns0:persName><ns0:forename type="first">Y</ns0:forename><ns0:surname>Saih</ns0:surname></ns0:persName>
		</ns0:author>
		<ns0:author>
			<ns0:persName><ns0:forename type="first">A</ns0:forename><ns0:surname>Aguilar-Tapia</ns0:surname></ns0:persName>
		</ns0:author>
		<ns0:author>
			<ns0:persName><ns0:forename type="first">S</ns0:forename><ns0:surname>Ould-Chikh</ns0:surname></ns0:persName>
		</ns0:author>
		<ns0:author>
			<ns0:persName><ns0:forename type="first">J</ns0:forename><ns0:forename type="middle">L</ns0:forename><ns0:surname>Hazemann</ns0:surname></ns0:persName>
		</ns0:author>
		<ns0:author>
			<ns0:persName><ns0:forename type="first">J</ns0:forename><ns0:surname>Li</ns0:surname></ns0:persName>
		</ns0:author>
		<ns0:author>
			<ns0:persName><ns0:forename type="first">N</ns0:forename><ns0:surname>Wei</ns0:surname></ns0:persName>
		</ns0:author>
		<ns0:author>
			<ns0:persName><ns0:forename type="first">D</ns0:forename><ns0:surname>Gary</ns0:surname></ns0:persName>
		</ns0:author>
		<ns0:author>
			<ns0:persName><ns0:forename type="first">P</ns0:forename><ns0:surname>Del-Gallo</ns0:surname></ns0:persName>
		</ns0:author>
		<ns0:author>
			<ns0:persName><ns0:forename type="first">J</ns0:forename><ns0:forename type="middle">M</ns0:forename><ns0:surname>Basset</ns0:surname></ns0:persName>
		</ns0:author>
		<ns0:idno type="DOI">10.1016/j.apcatb.2017.02.052</ns0:idno>
	</ns0:analytic>
	<ns0:monogr>
		<ns0:title level="j">Appl. Catal</ns0:title>
		<ns0:imprint>
			<ns0:biblScope unit="volume">208</ns0:biblScope>
			<ns0:biblScope unit="page" from="44" to="59" />
			<ns0:date type="published" when="2017">2017</ns0:date>
		</ns0:imprint>
	</ns0:monogr>
</ns0:biblStruct>

<ns0:biblStruct xml:id="b19">
	<ns0:analytic>
		<ns0:title level="a" type="main">Catalytic Decomposition of Methane over Rare Earth Metal (Ce and La) Oxides Supported Iron Catalysts</ns0:title>
		<ns0:author>
			<ns0:persName><ns0:forename type="first">M</ns0:forename><ns0:surname>Pudukudy</ns0:surname></ns0:persName>
		</ns0:author>
		<ns0:author>
			<ns0:persName><ns0:forename type="first">Z</ns0:forename><ns0:surname>Yaakob</ns0:surname></ns0:persName>
		</ns0:author>
		<ns0:author>
			<ns0:persName><ns0:forename type="first">Q</ns0:forename><ns0:surname>Jia</ns0:surname></ns0:persName>
		</ns0:author>
		<ns0:author>
			<ns0:persName><ns0:forename type="first">M</ns0:forename><ns0:forename type="middle">S</ns0:forename><ns0:surname>Takriff</ns0:surname></ns0:persName>
		</ns0:author>
		<ns0:idno type="DOI">10.1016/j.apsusc.2018.10.122</ns0:idno>
	</ns0:analytic>
	<ns0:monogr>
		<ns0:title level="j">Appl. Surf. Sci</ns0:title>
		<ns0:imprint>
			<ns0:biblScope unit="page" from="236" to="248" />
			<ns0:date type="published" when="2019">2019</ns0:date>
		</ns0:imprint>
	</ns0:monogr>
</ns0:biblStruct>

<ns0:biblStruct xml:id="b20">
	<ns0:analytic>
		<ns0:title level="a" type="main">Hydrogen Production by the Thermocatalytic Decomposition of Methane in a Fluidized Bed Reactor</ns0:title>
		<ns0:author>
			<ns0:persName><ns0:forename type="first">H</ns0:forename><ns0:forename type="middle">T</ns0:forename><ns0:surname>Jang</ns0:surname></ns0:persName>
		</ns0:author>
		<ns0:author>
			<ns0:persName><ns0:forename type="first">W</ns0:forename><ns0:forename type="middle">S</ns0:forename><ns0:surname>Cha</ns0:surname></ns0:persName>
		</ns0:author>
		<ns0:idno type="DOI">10.1007/s11814-007-5037-9</ns0:idno>
	</ns0:analytic>
	<ns0:monogr>
		<ns0:title level="j">Korean J. Chem. Eng</ns0:title>
		<ns0:imprint>
			<ns0:biblScope unit="volume">24</ns0:biblScope>
			<ns0:biblScope unit="page" from="374" to="377" />
			<ns0:date type="published" when="2007">2007</ns0:date>
		</ns0:imprint>
	</ns0:monogr>
</ns0:biblStruct>

<ns0:biblStruct xml:id="b21">
	<ns0:analytic>
		<ns0:title level="a" type="main">Hydrogen Production by Catalytic Decomposition of Methane Using a Fe-Based Catalyst in a Fluidized Bed Reactor</ns0:title>
		<ns0:author>
			<ns0:persName><ns0:forename type="first">D</ns0:forename><ns0:surname>Torres</ns0:surname></ns0:persName>
		</ns0:author>
		<ns0:author>
			<ns0:persName><ns0:forename type="first">S</ns0:forename><ns0:surname>De Llobet</ns0:surname></ns0:persName>
		</ns0:author>
		<ns0:author>
			<ns0:persName><ns0:forename type="first">J</ns0:forename><ns0:forename type="middle">L</ns0:forename><ns0:surname>Pinilla</ns0:surname></ns0:persName>
		</ns0:author>
		<ns0:author>
			<ns0:persName><ns0:forename type="first">M</ns0:forename><ns0:forename type="middle">J</ns0:forename><ns0:surname>La&#769;zaro</ns0:surname></ns0:persName>
		</ns0:author>
		<ns0:author>
			<ns0:persName><ns0:forename type="first">I</ns0:forename><ns0:surname>Suelves</ns0:surname></ns0:persName>
		</ns0:author>
		<ns0:author>
			<ns0:persName><ns0:forename type="first">R</ns0:forename><ns0:surname>Moliner</ns0:surname></ns0:persName>
		</ns0:author>
		<ns0:idno type="DOI">10.1016/S1003-9953(11)60378-2</ns0:idno>
	</ns0:analytic>
	<ns0:monogr>
		<ns0:title level="j">J. Nat. Gas Chem</ns0:title>
		<ns0:imprint>
			<ns0:biblScope unit="volume">21</ns0:biblScope>
			<ns0:biblScope unit="page" from="367" to="373" />
			<ns0:date type="published" when="2012">2012</ns0:date>
		</ns0:imprint>
	</ns0:monogr>
</ns0:biblStruct>

<ns0:biblStruct xml:id="b22">
	<ns0:analytic>
		<ns0:title level="a" type="main">Methane Decomposition Kinetics over Fe2O3 Catalyst in Micro Fluidized Bed Reaction Analyzer</ns0:title>
		<ns0:author>
			<ns0:persName><ns0:forename type="first">S</ns0:forename><ns0:surname>Geng</ns0:surname></ns0:persName>
		</ns0:author>
		<ns0:author>
			<ns0:persName><ns0:forename type="first">Z</ns0:forename><ns0:surname>Han</ns0:surname></ns0:persName>
		</ns0:author>
		<ns0:author>
			<ns0:persName><ns0:forename type="first">Y</ns0:forename><ns0:surname>Hu</ns0:surname></ns0:persName>
		</ns0:author>
		<ns0:author>
			<ns0:persName><ns0:forename type="first">Y</ns0:forename><ns0:surname>Cui</ns0:surname></ns0:persName>
		</ns0:author>
		<ns0:author>
			<ns0:persName><ns0:forename type="first">J</ns0:forename><ns0:surname>Yue</ns0:surname></ns0:persName>
		</ns0:author>
		<ns0:author>
			<ns0:persName><ns0:forename type="first">J</ns0:forename><ns0:surname>Yu</ns0:surname></ns0:persName>
		</ns0:author>
		<ns0:author>
			<ns0:persName><ns0:forename type="first">G</ns0:forename><ns0:surname>Xu</ns0:surname></ns0:persName>
		</ns0:author>
		<ns0:idno type="DOI">10.1021/acs.iecr.8b00662</ns0:idno>
	</ns0:analytic>
	<ns0:monogr>
		<ns0:title level="j">Ind. Eng. Chem. Res</ns0:title>
		<ns0:imprint>
			<ns0:biblScope unit="volume">57</ns0:biblScope>
			<ns0:biblScope unit="page" from="8413" to="8423" />
			<ns0:date type="published" when="2018">2018</ns0:date>
		</ns0:imprint>
	</ns0:monogr>
</ns0:biblStruct>

<ns0:biblStruct xml:id="b23">
	<ns0:analytic>
		<ns0:title level="a" type="main">Generating Hydrogen Gas from Methane with Carbon Captured as Pure Spheroidal Nanomaterials</ns0:title>
		<ns0:author>
			<ns0:persName><ns0:forename type="first">A</ns0:forename><ns0:surname>Cornejo</ns0:surname></ns0:persName>
		</ns0:author>
		<ns0:author>
			<ns0:persName><ns0:forename type="first">W</ns0:forename><ns0:surname>Zhang</ns0:surname></ns0:persName>
		</ns0:author>
		<ns0:author>
			<ns0:persName><ns0:forename type="first">L</ns0:forename><ns0:surname>Gao</ns0:surname></ns0:persName>
		</ns0:author>
		<ns0:author>
			<ns0:persName><ns0:forename type="first">R</ns0:forename><ns0:forename type="middle">R</ns0:forename><ns0:surname>Varsani</ns0:surname></ns0:persName>
		</ns0:author>
		<ns0:author>
			<ns0:persName><ns0:forename type="first">M</ns0:forename><ns0:surname>Saunders</ns0:surname></ns0:persName>
		</ns0:author>
		<ns0:author>
			<ns0:persName><ns0:forename type="first">K</ns0:forename><ns0:forename type="middle">S</ns0:forename><ns0:surname>Iyer</ns0:surname></ns0:persName>
		</ns0:author>
		<ns0:author>
			<ns0:persName><ns0:forename type="first">C</ns0:forename><ns0:forename type="middle">L</ns0:forename><ns0:surname>Raston</ns0:surname></ns0:persName>
		</ns0:author>
		<ns0:author>
			<ns0:persName><ns0:forename type="first">H</ns0:forename><ns0:forename type="middle">T</ns0:forename><ns0:surname>Chua</ns0:surname></ns0:persName>
		</ns0:author>
		<ns0:idno type="DOI">10.1002/chem.201100532</ns0:idno>
	</ns0:analytic>
	<ns0:monogr>
		<ns0:title level="j">Chem. -Eur. J</ns0:title>
		<ns0:imprint>
			<ns0:biblScope unit="volume">17</ns0:biblScope>
			<ns0:biblScope unit="page" from="9188" to="9192" />
			<ns0:date type="published" when="2011">2011</ns0:date>
		</ns0:imprint>
	</ns0:monogr>
</ns0:biblStruct>

<ns0:biblStruct xml:id="b24">
	<ns0:analytic>
		<ns0:title level="a" type="main">Mechanisms of Non-Catalysed and Iron-Catalysed Water Vapour Gasification of Carbon</ns0:title>
		<ns0:author>
			<ns0:persName><ns0:forename type="first">G</ns0:forename><ns0:surname>Hermann</ns0:surname></ns0:persName>
		</ns0:author>
		<ns0:author>
			<ns0:persName><ns0:forename type="first">K</ns0:forename><ns0:forename type="middle">J</ns0:forename><ns0:surname>Hu&#7831;tinger</ns0:surname></ns0:persName>
		</ns0:author>
		<ns0:idno type="DOI">10.1016/0016-2361(86)90115-8</ns0:idno>
	</ns0:analytic>
	<ns0:monogr>
		<ns0:title level="j">Fuel</ns0:title>
		<ns0:imprint>
			<ns0:biblScope unit="volume">65</ns0:biblScope>
			<ns0:biblScope unit="page" from="1410" to="1418" />
			<ns0:date type="published" when="1986">1986</ns0:date>
		</ns0:imprint>
	</ns0:monogr>
</ns0:biblStruct>

<ns0:biblStruct xml:id="b25">
	<ns0:analytic>
		<ns0:title level="a" type="main">Iron-Based Catalysts for the High-Temperature Water-Gas Shift (HT-WGS) Reaction: A Review</ns0:title>
		<ns0:author>
			<ns0:persName><ns0:forename type="first">M</ns0:forename><ns0:surname>Zhu</ns0:surname></ns0:persName>
		</ns0:author>
		<ns0:author>
			<ns0:persName><ns0:forename type="first">I</ns0:forename><ns0:forename type="middle">E</ns0:forename><ns0:surname>Wachs</ns0:surname></ns0:persName>
		</ns0:author>
		<ns0:idno type="DOI">10.1021/acscatal.5b02594</ns0:idno>
	</ns0:analytic>
	<ns0:monogr>
		<ns0:title level="j">ACS Catal</ns0:title>
		<ns0:imprint>
			<ns0:biblScope unit="volume">6</ns0:biblScope>
			<ns0:biblScope unit="page" from="722" to="732" />
			<ns0:date type="published" when="2016">2016</ns0:date>
		</ns0:imprint>
	</ns0:monogr>
</ns0:biblStruct>

<ns0:biblStruct xml:id="b26">
	<ns0:analytic>
		<ns0:title level="a" type="main">Spectroscopy of Carbon Materials: Structural Basis of Observed Spectra</ns0:title>
		<ns0:author>
			<ns0:persName><ns0:forename type="first">Y</ns0:forename><ns0:surname>Wang</ns0:surname></ns0:persName>
		</ns0:author>
		<ns0:author>
			<ns0:persName><ns0:forename type="first">D</ns0:forename><ns0:forename type="middle">C</ns0:forename><ns0:surname>Alsmeyer</ns0:surname></ns0:persName>
		</ns0:author>
		<ns0:author>
			<ns0:persName><ns0:forename type="first">R</ns0:forename><ns0:forename type="middle">L</ns0:forename><ns0:surname>Mccreery</ns0:surname></ns0:persName>
		</ns0:author>
		<ns0:author>
			<ns0:persName><ns0:surname>Raman</ns0:surname></ns0:persName>
		</ns0:author>
		<ns0:idno type="DOI">10.1021/cm00011a018</ns0:idno>
	</ns0:analytic>
	<ns0:monogr>
		<ns0:title level="j">Chem. Mater</ns0:title>
		<ns0:imprint>
			<ns0:biblScope unit="volume">2</ns0:biblScope>
			<ns0:biblScope unit="page" from="557" to="563" />
			<ns0:date type="published" when="1990">1990</ns0:date>
		</ns0:imprint>
	</ns0:monogr>
</ns0:biblStruct>

<ns0:biblStruct xml:id="b27">
	<ns0:analytic>
		<ns0:title />
		<ns0:idno type="DOI">10.1021/pubs.acs.org/EF?ref=pdf</ns0:idno>
		<ns0:idno>acs.org/EF</ns0:idno>
	</ns0:analytic>
	<ns0:monogr>
		<ns0:title level="j">Energy &amp; Fuels pubs</ns0:title>
		<ns0:imprint />
	</ns0:monogr>
</ns0:biblStruct>

				</ns0:listBibl>
			</ns0:div>
		</ns0:back>
	</ns0:text>
</ns0:TEI>