<ns0:TEI xmlns:ns0="http://www.tei-c.org/ns/1.0" xmlns:xsi="http://www.w3.org/2001/XMLSchema-instance" xml:space="preserve" xsi:schemaLocation="http://www.tei-c.org/ns/1.0 https://raw.githubusercontent.com/kermitt2/grobid/master/grobid-home/schemas/xsd/Grobid.xsd">
	<ns0:teiHeader xml:lang="en">
		<ns0:fileDesc>
			<ns0:titleStmt>
				<ns0:title level="a" type="main">Calibration Transfer of PLS Regression Models Between</ns0:title>
			</ns0:titleStmt>
			<ns0:publicationStmt>
				<ns0:publisher />
				<ns0:availability status="unknown"><ns0:licence /></ns0:availability>
			</ns0:publicationStmt>
			<ns0:sourceDesc>
				<ns0:biblStruct>
					<ns0:analytic>
						<ns0:author>
							<ns0:persName><ns0:forename type="first">Diego</ns0:forename><ns0:surname>Galvan</ns0:surname></ns0:persName>
							<ns0:affiliation key="aff0">
								<ns0:orgName type="department">Departamento de Qu&#237;mica</ns0:orgName>
								<ns0:orgName type="institution">Universidade Estadual de Londrina</ns0:orgName>
								<ns0:address>
									<ns0:addrLine>86</ns0:addrLine>
									<ns0:postCode>057-970</ns0:postCode>
									<ns0:settlement>Londrina</ns0:settlement>
									<ns0:country key="BR">Brazil</ns0:country>
								</ns0:address>
							</ns0:affiliation>
						</ns0:author>
						<ns0:author>
							<ns0:persName><ns0:forename type="first">Evandro</ns0:forename><ns0:surname>Bona</ns0:surname></ns0:persName>
							<ns0:affiliation key="aff1">
								<ns0:orgName type="department">Programa de P&#243;s-Gradua&#231;&#227;o em Tecnologia de Alimentos</ns0:orgName>
								<ns0:orgName type="institution">Universidade Tecnol&#243;gica Federal do Paran&#225;</ns0:orgName>
								<ns0:address>
									<ns0:addrLine>9 C&#226;mpus -Campo Mour&#227;o, 87.301 899 Campo Mour&#227;o</ns0:addrLine>
									<ns0:country key="BR">Brazil</ns0:country>
								</ns0:address>
							</ns0:affiliation>
						</ns0:author>
						<ns0:author>
							<ns0:persName><ns0:forename type="first">Dionisio</ns0:forename><ns0:surname>Borsato</ns0:surname></ns0:persName>
							<ns0:affiliation key="aff0">
								<ns0:orgName type="department">Departamento de Qu&#237;mica</ns0:orgName>
								<ns0:orgName type="institution">Universidade Estadual de Londrina</ns0:orgName>
								<ns0:address>
									<ns0:addrLine>86</ns0:addrLine>
									<ns0:postCode>057-970</ns0:postCode>
									<ns0:settlement>Londrina</ns0:settlement>
									<ns0:country key="BR">Brazil</ns0:country>
								</ns0:address>
							</ns0:affiliation>
						</ns0:author>
						<ns0:author>
							<ns0:persName><ns0:forename type="first">Ernesto</ns0:forename><ns0:surname>Danieli</ns0:surname></ns0:persName>
							<ns0:affiliation key="aff2">
								<ns0:orgName type="department">Magritek GmbH</ns0:orgName>
								<ns0:address>
									<ns0:addrLine>Philipstr. 8</ns0:addrLine>
									<ns0:postCode>52068</ns0:postCode>
									<ns0:settlement>Aachen</ns0:settlement>
									<ns0:country key="DE">Germany</ns0:country>
								</ns0:address>
							</ns0:affiliation>
						</ns0:author>
						<ns0:author>
							<ns0:persName><ns0:forename type="first">M&#225;rio</ns0:forename><ns0:surname>Henrique</ns0:surname></ns0:persName>
						</ns0:author>
						<ns0:author role="corresp">
							<ns0:persName><ns0:forename type="first">M</ns0:forename><ns0:surname>Killner</ns0:surname></ns0:persName>
							<ns0:email>killner@uel.br</ns0:email>
							<ns0:affiliation key="aff0">
								<ns0:orgName type="department">Departamento de Qu&#237;mica</ns0:orgName>
								<ns0:orgName type="institution">Universidade Estadual de Londrina</ns0:orgName>
								<ns0:address>
									<ns0:addrLine>86</ns0:addrLine>
									<ns0:postCode>057-970</ns0:postCode>
									<ns0:settlement>Londrina</ns0:settlement>
									<ns0:country key="BR">Brazil</ns0:country>
								</ns0:address>
							</ns0:affiliation>
						</ns0:author>
						<ns0:title level="a" type="main">Calibration Transfer of PLS Regression Models Between</ns0:title>
					</ns0:analytic>
					<ns0:monogr>
						<ns0:imprint>
							<ns0:date />
						</ns0:imprint>
					</ns0:monogr>
					<ns0:idno type="DOI">10.1021/acs.analchem.0c00902</ns0:idno>
				</ns0:biblStruct>
			</ns0:sourceDesc>
		</ns0:fileDesc>
		<ns0:encodingDesc>
			<ns0:appInfo>
				<ns0:application version="0.7.3" ident="GROBID" when="2023-07-24T10:44+0000">
					<ns0:desc>GROBID - A machine learning software for extracting information from scholarly documents</ns0:desc>
					<ns0:ref target="https://github.com/kermitt2/grobid" />
				</ns0:application>
			</ns0:appInfo>
		</ns0:encodingDesc>
		<ns0:profileDesc>
			<ns0:textClass>
				<ns0:keywords>
					<ns0:term>low-field NMR</ns0:term>
					<ns0:term>medium-resolution NMR</ns0:term>
					<ns0:term>Bench-top NMR</ns0:term>
					<ns0:term>Process Analytical 36 Chemistry</ns0:term>
					<ns0:term>Chemometrics</ns0:term>
				</ns0:keywords>
			</ns0:textClass>
			<ns0:abstract>
<ns0:div><ns0:p>Low-field proton nuclear magnetic resonance (LF-1 H NMR) devices based on permanent 16 magnets are a promising analytical tool to be extensively applied to the Process Analytical 17 Chemistry (PAC) scenario. To enhance its analytical applicability in samples where the 18 spectral resolution is compromised, multivariate regression methods are required. However, 19 building a robust calibration model, such as partial least squares (PLS) regression, is a 20 laborious task because 1) the number of measurements required during the calibration process 21 is large and 2) the procedure must be repeated when the instrument is changed or after a 22 certain period due to the long-term stability of the instrument. Thus, the present work 23 describes the application of calibration transfer methodologies (direct standardization (DS), 24 piece-wise direct standardization (PDS) and double window piece-wise direct standardization 25 (DWPDS)) on LF-1 H NMR to exempt the necessity of recalibration procedure when moving 26 from the original spectrometer to a second one, with same, lower or higher magnetic field.</ns0:p></ns0:div>
<ns0:div><ns0:head>27</ns0:head><ns0:p>These calibration transfer methodologies were tested with PLS models built on a 60 MHz (for 28 the proton Larmor frequency) spectrometer to predict specific gravity (SG), distillation 29 temperature (T50), and final boiling point (FBP) of commercial gasoline. The results showed 30 that the DWPDS method applying only 2 to 7 transference samples enables the transference 31 of all PLS models built on the primary instrument (60 MHz) to other 43 MHz, 60 MHz and 32 80 MHz different instruments, reaching the same RMSEP values as the primary instrument: 33 1.2 kg/m 3 for SG, 5.1 &#186;C for FBP and 1.1 &#186;C for T50.</ns0:p><ns0:p>34</ns0:p></ns0:div>
			</ns0:abstract>
		</ns0:profileDesc>
	</ns0:teiHeader>
	<ns0:text xml:lang="en">
		<ns0:back>

			<ns0:div type="acknowledgement">
<ns0:div><ns0:head>Acknowledgments</ns0:head></ns0:div>
<ns0:div><ns0:head>31</ns0:head></ns0:div>
			</ns0:div>

			<ns0:div type="references">

				<ns0:listBibl>

<ns0:biblStruct xml:id="b0">
	<ns0:monogr>
		<ns0:title />
		<ns0:author>
			<ns0:persName><ns0:forename type="first">M</ns0:forename><ns0:surname>Grootveld</ns0:surname></ns0:persName>
		</ns0:author>
		<ns0:author>
			<ns0:persName><ns0:forename type="first">B</ns0:forename><ns0:surname>Percival</ns0:surname></ns0:persName>
		</ns0:author>
		<ns0:author>
			<ns0:persName><ns0:forename type="first">M</ns0:forename><ns0:surname>Gibson</ns0:surname></ns0:persName>
		</ns0:author>
		<ns0:author>
			<ns0:persName><ns0:forename type="first">Y</ns0:forename><ns0:surname>Osman</ns0:surname></ns0:persName>
		</ns0:author>
		<ns0:author>
			<ns0:persName><ns0:forename type="first">M</ns0:forename><ns0:surname>Edgar</ns0:surname></ns0:persName>
		</ns0:author>
		<ns0:author>
			<ns0:persName><ns0:forename type="first">M</ns0:forename><ns0:surname>Molinari</ns0:surname></ns0:persName>
		</ns0:author>
		<ns0:imprint />
	</ns0:monogr>
</ns0:biblStruct>

<ns0:biblStruct xml:id="b1">
	<ns0:analytic>
		<ns0:title level="a" type="main">Progress in Low-Field Benchtop NMR 39 Spectroscopy in Chemical and Biochemical Analysis</ns0:title>
		<ns0:author>
			<ns0:persName><ns0:forename type="first">M</ns0:forename><ns0:forename type="middle">L</ns0:forename><ns0:surname>Mather</ns0:surname></ns0:persName>
		</ns0:author>
		<ns0:author>
			<ns0:persName><ns0:forename type="first">F</ns0:forename><ns0:surname>Casanova</ns0:surname></ns0:persName>
		</ns0:author>
		<ns0:author>
			<ns0:persName><ns0:forename type="first">P</ns0:forename><ns0:forename type="middle">B</ns0:forename><ns0:surname>Wilson</ns0:surname></ns0:persName>
		</ns0:author>
		<ns0:idno type="DOI">10.1016/j.aca.2019.02.026</ns0:idno>
		<ns0:ptr target="https://doi.org/10.1016/j.aca.2019.02.026" />
	</ns0:analytic>
	<ns0:monogr>
		<ns0:title level="j">Anal. Chim. Acta</ns0:title>
		<ns0:imprint>
			<ns0:biblScope unit="volume">1067</ns0:biblScope>
			<ns0:biblScope unit="page" from="1" to="11" />
			<ns0:date type="published" when="2019">2019</ns0:date>
		</ns0:imprint>
	</ns0:monogr>
</ns0:biblStruct>

<ns0:biblStruct xml:id="b2">
	<ns0:analytic>
		<ns0:title level="a" type="main">The Emergence of Benchtop NMR Systems and the Exciting Future of 3 the Technology</ns0:title>
		<ns0:author>
			<ns0:persName><ns0:forename type="first">J</ns0:forename><ns0:forename type="middle">C</ns0:forename><ns0:surname>Edwards</ns0:surname></ns0:persName>
		</ns0:author>
	</ns0:analytic>
	<ns0:monogr>
		<ns0:title level="j">Magn. Reson. Chem</ns0:title>
		<ns0:imprint>
			<ns0:biblScope unit="volume">54</ns0:biblScope>
			<ns0:biblScope unit="issue">6</ns0:biblScope>
			<ns0:biblScope unit="page" from="492" to="493" />
			<ns0:date type="published" when="2016">2016</ns0:date>
		</ns0:imprint>
	</ns0:monogr>
</ns0:biblStruct>

<ns0:biblStruct xml:id="b3">
	<ns0:monogr>
		<ns0:title />
		<ns0:idno type="DOI">10.1002/mrc.4439</ns0:idno>
		<ns0:ptr target="https://doi.org/10.1002/mrc.4439" />
		<ns0:imprint />
	</ns0:monogr>
</ns0:biblStruct>

<ns0:biblStruct xml:id="b4">
	<ns0:monogr>
		<ns0:title />
		<ns0:idno type="DOI">10.1002/mrc.4433</ns0:idno>
		<ns0:ptr target="https://doi.org/10.1002/mrc.4433" />
		<ns0:imprint />
	</ns0:monogr>
</ns0:biblStruct>

<ns0:biblStruct xml:id="b5">
	<ns0:analytic>
		<ns0:title level="a" type="main">Calibration Transfer of Chemometric Models 22 Based on Process Nuclear Magnetic Resonance Spectroscopy</ns0:title>
		<ns0:author>
			<ns0:persName><ns0:forename type="first">J</ns0:forename><ns0:surname>Gislason</ns0:surname></ns0:persName>
		</ns0:author>
		<ns0:author>
			<ns0:persName><ns0:forename type="first">H</ns0:forename><ns0:surname>Chan</ns0:surname></ns0:persName>
		</ns0:author>
		<ns0:author>
			<ns0:persName><ns0:forename type="first">M</ns0:forename><ns0:surname>Sardashti</ns0:surname></ns0:persName>
		</ns0:author>
		<ns0:idno type="DOI">10.1366/0003702011953793</ns0:idno>
		<ns0:ptr target="https://doi.org/10.1366/0003702011953793" />
	</ns0:analytic>
	<ns0:monogr>
		<ns0:title level="j">Appl. Spectrosc</ns0:title>
		<ns0:imprint>
			<ns0:biblScope unit="volume">23</ns0:biblScope>
			<ns0:biblScope unit="issue">11</ns0:biblScope>
			<ns0:biblScope unit="page" from="1553" to="1560" />
			<ns0:date type="published" when="2001">2001</ns0:date>
		</ns0:imprint>
	</ns0:monogr>
</ns0:biblStruct>

<ns0:biblStruct xml:id="b6">
	<ns0:analytic>
		<ns0:title level="a" type="main">Development of Variance-Filtered Instrumental Transfer 25 Methods for High-Resolution Nmr Spectroscopy</ns0:title>
		<ns0:author>
			<ns0:persName><ns0:forename type="first">T</ns0:forename><ns0:forename type="middle">M</ns0:forename><ns0:surname>Alam</ns0:surname></ns0:persName>
		</ns0:author>
		<ns0:author>
			<ns0:persName><ns0:forename type="first">M</ns0:forename><ns0:forename type="middle">K</ns0:forename><ns0:surname>Alam</ns0:surname></ns0:persName>
		</ns0:author>
	</ns0:analytic>
	<ns0:monogr>
		<ns0:title level="j">J. Chemom</ns0:title>
		<ns0:imprint>
			<ns0:biblScope unit="volume">24</ns0:biblScope>
			<ns0:biblScope unit="issue">5</ns0:biblScope>
			<ns0:biblScope unit="page" from="261" to="272" />
			<ns0:date type="published" when="2010">2010</ns0:date>
		</ns0:imprint>
	</ns0:monogr>
</ns0:biblStruct>

<ns0:biblStruct xml:id="b7">
	<ns0:monogr>
		<ns0:title />
		<ns0:idno type="DOI">10.1002/cem.1287</ns0:idno>
		<ns0:ptr target="https://doi.org/10.1002/cem.1287" />
		<ns0:imprint />
	</ns0:monogr>
</ns0:biblStruct>

<ns0:biblStruct xml:id="b8">
	<ns0:analytic>
		<ns0:title level="a" type="main">A Procedure for Calibration Transfer of DOSY 28 NMR Measurements: An Example of Molecular Weight of Heparin Preparations</ns0:title>
		<ns0:author>
			<ns0:persName><ns0:forename type="first">Y</ns0:forename><ns0:forename type="middle">B</ns0:forename><ns0:surname>Monakhova</ns0:surname></ns0:persName>
		</ns0:author>
		<ns0:author>
			<ns0:persName><ns0:forename type="first">B</ns0:forename><ns0:forename type="middle">W K</ns0:forename><ns0:surname>Diehl</ns0:surname></ns0:persName>
		</ns0:author>
		<ns0:idno type="DOI">10.1002/cem.3210</ns0:idno>
		<ns0:ptr target="https://doi.org/10.1002/cem.3210" />
	</ns0:analytic>
	<ns0:monogr>
		<ns0:title level="j">J. 29 Chemom</ns0:title>
		<ns0:imprint>
			<ns0:biblScope unit="volume">34</ns0:biblScope>
			<ns0:biblScope unit="issue">4</ns0:biblScope>
			<ns0:biblScope unit="page" from="1" to="7" />
			<ns0:date type="published" when="2020">2020</ns0:date>
		</ns0:imprint>
	</ns0:monogr>
</ns0:biblStruct>

<ns0:biblStruct xml:id="b9">
	<ns0:monogr>
		<ns0:title />
		<ns0:author>
			<ns0:persName><ns0:forename type="first">Y</ns0:forename><ns0:surname>Wang</ns0:surname></ns0:persName>
		</ns0:author>
		<ns0:author>
			<ns0:persName><ns0:forename type="first">D</ns0:forename><ns0:forename type="middle">J</ns0:forename><ns0:surname>Veltkamp</ns0:surname></ns0:persName>
		</ns0:author>
		<ns0:author>
			<ns0:persName><ns0:forename type="first">B</ns0:forename><ns0:forename type="middle">R</ns0:forename><ns0:surname>Kowalski</ns0:surname></ns0:persName>
		</ns0:author>
		<ns0:imprint>
			<ns0:publisher>Multivariate Instrument Standardization</ns0:publisher>
		</ns0:imprint>
	</ns0:monogr>
</ns0:biblStruct>

<ns0:biblStruct xml:id="b10">
	<ns0:analytic>
		<ns0:title />
		<ns0:author>
			<ns0:persName><ns0:forename type="first">B</ns0:forename><ns0:forename type="middle">M</ns0:forename><ns0:surname>Wise</ns0:surname></ns0:persName>
		</ns0:author>
		<ns0:author>
			<ns0:persName><ns0:forename type="first">N</ns0:forename><ns0:forename type="middle">B</ns0:forename><ns0:surname>Gallagher</ns0:surname></ns0:persName>
		</ns0:author>
		<ns0:author>
			<ns0:persName><ns0:forename type="first">R</ns0:forename><ns0:surname>Bro</ns0:surname></ns0:persName>
		</ns0:author>
		<ns0:author>
			<ns0:persName><ns0:forename type="first">J</ns0:forename><ns0:forename type="middle">M</ns0:forename><ns0:surname>Shaver</ns0:surname></ns0:persName>
		</ns0:author>
		<ns0:author>
			<ns0:persName><ns0:forename type="first">W</ns0:forename><ns0:surname>Windig</ns0:surname></ns0:persName>
		</ns0:author>
		<ns0:author>
			<ns0:persName><ns0:forename type="first">R</ns0:forename><ns0:forename type="middle">S</ns0:forename><ns0:surname>Koch</ns0:surname></ns0:persName>
		</ns0:author>
		<ns0:idno type="DOI">10.1021/ac00023a016.32</ns0:idno>
		<ns0:ptr target="https://doi.org/10.1021/ac00023a016.32" />
	</ns0:analytic>
	<ns0:monogr>
		<ns0:title level="j">Anal. Chem</ns0:title>
		<ns0:imprint>
			<ns0:biblScope unit="issue">23</ns0:biblScope>
			<ns0:biblScope unit="page" from="2750" to="2756" />
			<ns0:date type="published" when="1991">1991</ns0:date>
		</ns0:imprint>
	</ns0:monogr>
</ns0:biblStruct>

<ns0:biblStruct xml:id="b11">
	<ns0:monogr>
		<ns0:title level="m" type="main">GAMMA-Routines for Multivariate Analysis</ns0:title>
		<ns0:author>
			<ns0:persName><ns0:forename type="first">E</ns0:forename><ns0:surname>Bona</ns0:surname></ns0:persName>
		</ns0:author>
		<ns0:imprint>
			<ns0:date type="published" when="2017">2017</ns0:date>
			<ns0:pubPlace>Campo Mour&#227;o</ns0:pubPlace>
		</ns0:imprint>
	</ns0:monogr>
</ns0:biblStruct>

<ns0:biblStruct xml:id="b12">
	<ns0:analytic>
		<ns0:title level="a" type="main">Validation of Chemometric Models -A Tutorial</ns0:title>
		<ns0:author>
			<ns0:persName><ns0:forename type="first">F</ns0:forename><ns0:surname>Westad</ns0:surname></ns0:persName>
		</ns0:author>
		<ns0:author>
			<ns0:persName><ns0:forename type="first">F</ns0:forename><ns0:surname>Marini</ns0:surname></ns0:persName>
		</ns0:author>
	</ns0:analytic>
	<ns0:monogr>
		<ns0:title level="j">Anal. Chim</ns0:title>
		<ns0:imprint />
	</ns0:monogr>
</ns0:biblStruct>

<ns0:biblStruct xml:id="b13">
	<ns0:analytic>
		<ns0:title />
		<ns0:idno type="DOI">10.1016/j.aca.2015.06.056</ns0:idno>
		<ns0:ptr target="https://doi.org/10.1016/j.aca.2015.06.056" />
	</ns0:analytic>
	<ns0:monogr>
		<ns0:title level="j">Acta</ns0:title>
		<ns0:imprint>
			<ns0:date type="published" when="2015">2015</ns0:date>
		</ns0:imprint>
	</ns0:monogr>
</ns0:biblStruct>

<ns0:biblStruct xml:id="b14">
	<ns0:monogr>
		<ns0:author>
			<ns0:persName><ns0:forename type="first">R</ns0:forename><ns0:forename type="middle">W</ns0:forename><ns0:surname>Kennard</ns0:surname></ns0:persName>
		</ns0:author>
		<ns0:author>
			<ns0:persName><ns0:forename type="first">L</ns0:forename><ns0:forename type="middle">A</ns0:forename><ns0:surname>Stone</ns0:surname></ns0:persName>
		</ns0:author>
		<ns0:title level="m">Computer Aided Design of Experiments</ns0:title>
		<ns0:imprint />
	</ns0:monogr>
</ns0:biblStruct>

<ns0:biblStruct xml:id="b15">
	<ns0:monogr>
		<ns0:title level="m" type="main">39 Technometrics</ns0:title>
		<ns0:imprint>
			<ns0:date type="published" when="1969">1969</ns0:date>
			<ns0:biblScope unit="volume">11</ns0:biblScope>
			<ns0:biblScope unit="page" from="137" to="148" />
		</ns0:imprint>
	</ns0:monogr>
</ns0:biblStruct>

<ns0:biblStruct xml:id="b16">
	<ns0:monogr>
		<ns0:title />
		<ns0:idno type="DOI">10.1080/00401706.1969.10490666</ns0:idno>
		<ns0:ptr target="https://doi.org/10.1080/00401706.1969.10490666" />
		<ns0:imprint />
	</ns0:monogr>
</ns0:biblStruct>

<ns0:biblStruct xml:id="b17">
	<ns0:analytic>
		<ns0:title level="a" type="main">SIMPLS: An Alternative Approach to Partial Least Squares Regression</ns0:title>
		<ns0:author>
			<ns0:persName><ns0:forename type="first">S</ns0:forename><ns0:forename type="middle">De</ns0:forename><ns0:surname>Jong</ns0:surname></ns0:persName>
		</ns0:author>
	</ns0:analytic>
	<ns0:monogr>
		<ns0:title level="j">Chemom. Intell. Lab. Syst</ns0:title>
		<ns0:imprint>
			<ns0:biblScope unit="volume">18</ns0:biblScope>
			<ns0:biblScope unit="page" from="251" to="263" />
			<ns0:date type="published" when="1993">1993</ns0:date>
		</ns0:imprint>
	</ns0:monogr>
</ns0:biblStruct>

<ns0:biblStruct xml:id="b18">
	<ns0:monogr>
		<ns0:title />
		<ns0:idno type="DOI">10.1016/01697439(93)85002-X</ns0:idno>
		<ns0:ptr target="https://doi.org/10.1016/01697439(93)85002-X" />
		<ns0:imprint />
	</ns0:monogr>
</ns0:biblStruct>

				</ns0:listBibl>
			</ns0:div>
		</ns0:back>
	</ns0:text>
</ns0:TEI>