<ns0:TEI xmlns:ns0="http://www.tei-c.org/ns/1.0" xmlns:xsi="http://www.w3.org/2001/XMLSchema-instance" xml:space="preserve" xsi:schemaLocation="http://www.tei-c.org/ns/1.0 https://raw.githubusercontent.com/kermitt2/grobid/master/grobid-home/schemas/xsd/Grobid.xsd">
	<ns0:teiHeader xml:lang="en">
		<ns0:fileDesc>
			<ns0:titleStmt>
				<ns0:title level="a" type="main">Evaporation-Driven Flow in Micropillar Arrays: Transport Dynamics and Chemical Analysis under Varied Sample and Ambient Conditions</ns0:title>
			</ns0:titleStmt>
			<ns0:publicationStmt>
				<ns0:publisher />
				<ns0:availability status="unknown"><ns0:licence /></ns0:availability>
			</ns0:publicationStmt>
			<ns0:sourceDesc>
				<ns0:biblStruct>
					<ns0:analytic>
						<ns0:author>
							<ns0:persName><ns0:forename type="first">Marta</ns0:forename><ns0:forename type="middle">K</ns0:forename><ns0:surname>Orlowska</ns0:surname></ns0:persName>
						</ns0:author>
						<ns0:author>
							<ns0:persName><ns0:forename type="first">Bin</ns0:forename><ns0:surname>Guan</ns0:surname></ns0:persName>
						</ns0:author>
						<ns0:author>
							<ns0:persName><ns0:forename type="first">Rossen</ns0:forename><ns0:surname>Sedev</ns0:surname></ns0:persName>
						</ns0:author>
						<ns0:author>
							<ns0:persName><ns0:forename type="first">Yasuhiro</ns0:forename><ns0:surname>Morikawa</ns0:surname></ns0:persName>
						</ns0:author>
						<ns0:author>
							<ns0:persName><ns0:forename type="first">Koukou</ns0:forename><ns0:surname>Suu</ns0:surname></ns0:persName>
						</ns0:author>
						<ns0:author>
							<ns0:persName><ns0:forename type="first">Craig</ns0:forename><ns0:surname>Priest</ns0:surname></ns0:persName>
						</ns0:author>
						<ns0:title level="a" type="main">Evaporation-Driven Flow in Micropillar Arrays: Transport Dynamics and Chemical Analysis under Varied Sample and Ambient Conditions</ns0:title>
					</ns0:analytic>
					<ns0:monogr>
						<ns0:imprint>
							<ns0:date />
						</ns0:imprint>
					</ns0:monogr>
					<ns0:idno type="DOI">10.1021/acs.analchem.0c03667</ns0:idno>
					<ns0:note type="submission">Received: August 28, 2020 Accepted: November 18, 2020</ns0:note>
				</ns0:biblStruct>
			</ns0:sourceDesc>
		</ns0:fileDesc>
		<ns0:encodingDesc>
			<ns0:appInfo>
				<ns0:application version="0.7.3" ident="GROBID" when="2023-07-24T16:43+0000">
					<ns0:desc>GROBID - A machine learning software for extracting information from scholarly documents</ns0:desc>
					<ns0:ref target="https://github.com/kermitt2/grobid" />
				</ns0:application>
			</ns0:appInfo>
		</ns0:encodingDesc>
		<ns0:profileDesc>
			<ns0:abstract>
<ns0:div><ns0:p>Microfluidic flow in lab-on-a-chip devices is typically very sensitive to the variable physical properties of complex samples, e.g., biological fluids. Here, evaporation-driven fluid transport (transpiration) is achieved in a configuration that is insensitive to interfacial tension, salinity, and viscosity over a wide range. Micropillar arrays ("pillar cuvettes") were preloaded by wicking a known volatile fluid (water) and then adding a microliter sample of salt, surfactant, sugar, or saliva solution to the loading zone. As the preloaded fluid evaporates, the sample is reliably drawn from a reservoir through the pillar array at a rate defined by the evaporation of the preloaded fluid (typically nL/s). Including a reagent in the preloaded fluid allows photometric reactions to take place at the boundary between the two fluids. In this configuration, a photometric signal enhancement is observed and chemical analysis is independent of both humidity and temperature. The ability to reliably transport and sense an analyte in microliter volumes without concern over salt, surfactant, viscosity (in part), humidity, and temperature is a remarkable advantage for analytical purposes.</ns0:p></ns0:div>
			</ns0:abstract>
		</ns0:profileDesc>
	</ns0:teiHeader>
	<ns0:text xml:lang="en">
		<ns0:back>

			<ns0:div type="funding">
<ns0:div><ns0:p>Funding was provided by the Australian Academy of Science on behalf of the Department of Industry, Innovation and Science. The Regional Collaborations Programme is supported by the Australian Government under the National Innovation and Science Agenda. This work was performed in part by the South Australian node of the Australian National Fabrication Facility (ANFF-SA), which is supported by Australia's National Collaborative Research Infrastructure Strategy (NCRIS). The authors thank Dr. Donghoon Chang, Koki Nakamura, and colleagues at ULVAC, Inc. for technical assistance.</ns0:p></ns0:div>
			</ns0:div>

			<ns0:div type="annex">
<ns0:div><ns0:head>Author Contributions</ns0:head><ns0:p>C.P. proposed the concept. C.P. and M.K.O. conducted the experiments. All authors contributed to the experimental approach and methods. M.K.O., B.G., R.S., and C.P. interpreted the results and wrote the manuscript. All authors have given approval to the final version of the manuscript.</ns0:p></ns0:div>
<ns0:div><ns0:head>Notes</ns0:head><ns0:p>The authors declare no competing financial interest.</ns0:p><ns0:p>&#9632; ACKNOWLEDGMENTS</ns0:p></ns0:div>			</ns0:div>
			<ns0:div type="references">

				<ns0:listBibl>

<ns0:biblStruct xml:id="b0">
	<ns0:monogr>
		<ns0:idno type="DOI">10.1021/acs.analchem.0c03667?ref=pdf</ns0:idno>
		<ns0:ptr target="https://pubs.acs.org/10.1021/acs.analchem.0c03667&#9632;REFERENCES" />
		<ns0:title level="m">Kanagawa 253-8543, Japan Complete contact information is</ns0:title>
		<ns0:imprint>
			<ns0:publisher>Japan Koukou Suu -ULVAC Inc</ns0:publisher>
			<ns0:biblScope unit="page" from="253" to="8543" />
		</ns0:imprint>
	</ns0:monogr>
</ns0:biblStruct>

<ns0:biblStruct xml:id="b1">
	<ns0:monogr>
		<ns0:title />
		<ns0:author>
			<ns0:persName><ns0:forename type="first">V</ns0:forename><ns0:surname>Narayanamurthy</ns0:surname></ns0:persName>
		</ns0:author>
		<ns0:author>
			<ns0:persName><ns0:forename type="first">Z</ns0:forename><ns0:forename type="middle">E</ns0:forename><ns0:surname>Jeroish</ns0:surname></ns0:persName>
		</ns0:author>
		<ns0:author>
			<ns0:persName><ns0:forename type="first">K</ns0:forename><ns0:forename type="middle">S</ns0:forename><ns0:surname>Bhuvaneshwari</ns0:surname></ns0:persName>
		</ns0:author>
		<ns0:author>
			<ns0:persName><ns0:forename type="first">P</ns0:forename><ns0:surname>Bayat</ns0:surname></ns0:persName>
		</ns0:author>
		<ns0:author>
			<ns0:persName><ns0:forename type="first">R</ns0:forename><ns0:surname>Premkumar</ns0:surname></ns0:persName>
		</ns0:author>
		<ns0:author>
			<ns0:persName><ns0:forename type="first">F</ns0:forename><ns0:surname>Samsuri</ns0:surname></ns0:persName>
		</ns0:author>
		<ns0:author>
			<ns0:persName><ns0:forename type="first">M</ns0:forename><ns0:forename type="middle">M</ns0:forename><ns0:surname>Yusoff</ns0:surname></ns0:persName>
		</ns0:author>
		<ns0:author>
			<ns0:persName><ns0:surname>Adv</ns0:surname></ns0:persName>
		</ns0:author>
		<ns0:idno type="DOI">10.1039/D0RA00263A</ns0:idno>
		<ns0:imprint>
			<ns0:date type="published" when="2020">2020</ns0:date>
			<ns0:biblScope unit="volume">10</ns0:biblScope>
			<ns0:biblScope unit="page" from="11652" to="11680" />
		</ns0:imprint>
	</ns0:monogr>
</ns0:biblStruct>

<ns0:biblStruct xml:id="b2">
	<ns0:analytic>
		<ns0:title />
		<ns0:author>
			<ns0:persName><ns0:forename type="first">E</ns0:forename><ns0:surname>Fu</ns0:surname></ns0:persName>
		</ns0:author>
		<ns0:author>
			<ns0:persName><ns0:forename type="first">C</ns0:forename><ns0:surname>Downs</ns0:surname></ns0:persName>
		</ns0:author>
		<ns0:idno type="DOI">10.1039/C6LC01451H</ns0:idno>
	</ns0:analytic>
	<ns0:monogr>
		<ns0:title level="j">Lab Chip</ns0:title>
		<ns0:imprint>
			<ns0:biblScope unit="volume">17</ns0:biblScope>
			<ns0:biblScope unit="page" from="614" to="628" />
			<ns0:date type="published" when="2017">2017</ns0:date>
		</ns0:imprint>
	</ns0:monogr>
</ns0:biblStruct>

<ns0:biblStruct xml:id="b3">
	<ns0:analytic>
		<ns0:title />
		<ns0:author>
			<ns0:persName><ns0:forename type="first">M</ns0:forename><ns0:surname>Wolf</ns0:surname></ns0:persName>
		</ns0:author>
		<ns0:author>
			<ns0:persName><ns0:forename type="first">D</ns0:forename><ns0:surname>Juncker</ns0:surname></ns0:persName>
		</ns0:author>
		<ns0:author>
			<ns0:persName><ns0:forename type="first">B</ns0:forename><ns0:surname>Michel</ns0:surname></ns0:persName>
		</ns0:author>
		<ns0:author>
			<ns0:persName><ns0:forename type="first">P</ns0:forename><ns0:surname>Hunziker</ns0:surname></ns0:persName>
		</ns0:author>
		<ns0:author>
			<ns0:persName><ns0:forename type="first">E</ns0:forename><ns0:surname>Delamarche</ns0:surname></ns0:persName>
		</ns0:author>
		<ns0:idno type="DOI">10.1016/j.bios.2003.11.003</ns0:idno>
	</ns0:analytic>
	<ns0:monogr>
		<ns0:title level="j">Biosens. Bioelectron</ns0:title>
		<ns0:imprint>
			<ns0:biblScope unit="volume">19</ns0:biblScope>
			<ns0:biblScope unit="page" from="1193" to="1202" />
			<ns0:date type="published" when="2004">2004</ns0:date>
		</ns0:imprint>
	</ns0:monogr>
</ns0:biblStruct>

<ns0:biblStruct xml:id="b4">
	<ns0:analytic>
		<ns0:title />
		<ns0:author>
			<ns0:persName><ns0:forename type="first">D</ns0:forename><ns0:surname>Juncker</ns0:surname></ns0:persName>
		</ns0:author>
		<ns0:author>
			<ns0:persName><ns0:forename type="first">H</ns0:forename><ns0:surname>Schmid</ns0:surname></ns0:persName>
		</ns0:author>
		<ns0:author>
			<ns0:persName><ns0:forename type="first">U</ns0:forename><ns0:surname>Drechsler</ns0:surname></ns0:persName>
		</ns0:author>
		<ns0:author>
			<ns0:persName><ns0:forename type="first">H</ns0:forename><ns0:surname>Wolf</ns0:surname></ns0:persName>
		</ns0:author>
		<ns0:author>
			<ns0:persName><ns0:forename type="first">M</ns0:forename><ns0:surname>Wolf</ns0:surname></ns0:persName>
		</ns0:author>
		<ns0:author>
			<ns0:persName><ns0:forename type="first">B</ns0:forename><ns0:surname>Michel</ns0:surname></ns0:persName>
		</ns0:author>
		<ns0:author>
			<ns0:persName><ns0:forename type="first">N</ns0:forename><ns0:surname>De Rooij</ns0:surname></ns0:persName>
		</ns0:author>
		<ns0:author>
			<ns0:persName><ns0:forename type="first">E</ns0:forename><ns0:surname>Delamarche</ns0:surname></ns0:persName>
		</ns0:author>
		<ns0:idno type="DOI">10.1021/ac0261449</ns0:idno>
	</ns0:analytic>
	<ns0:monogr>
		<ns0:title level="j">Anal. Chem</ns0:title>
		<ns0:imprint>
			<ns0:biblScope unit="volume">74</ns0:biblScope>
			<ns0:biblScope unit="page" from="6139" to="6144" />
			<ns0:date type="published" when="2002">2002</ns0:date>
		</ns0:imprint>
	</ns0:monogr>
</ns0:biblStruct>

<ns0:biblStruct xml:id="b5">
	<ns0:monogr>
		<ns0:title level="m" type="main">Capillary-driven microfluidic chips with evaporation-induced flow control and dielectrophoretic microbead trapping</ns0:title>
		<ns0:author>
			<ns0:persName><ns0:forename type="first">Y</ns0:forename><ns0:surname>Temiz</ns0:surname></ns0:persName>
		</ns0:author>
		<ns0:author>
			<ns0:persName><ns0:forename type="first">J</ns0:forename><ns0:surname>Skorucak</ns0:surname></ns0:persName>
		</ns0:author>
		<ns0:author>
			<ns0:persName><ns0:forename type="first">E</ns0:forename><ns0:surname>Delamarche</ns0:surname></ns0:persName>
		</ns0:author>
		<ns0:imprint>
			<ns0:date type="published" when="2014">2014</ns0:date>
			<ns0:biblScope unit="volume">13</ns0:biblScope>
		</ns0:imprint>
	</ns0:monogr>
</ns0:biblStruct>

<ns0:biblStruct xml:id="b6">
	<ns0:analytic>
		<ns0:title />
		<ns0:author>
			<ns0:persName><ns0:forename type="first">A</ns0:forename><ns0:forename type="middle">W</ns0:forename><ns0:surname>Martinez</ns0:surname></ns0:persName>
		</ns0:author>
		<ns0:author>
			<ns0:persName><ns0:forename type="first">S</ns0:forename><ns0:forename type="middle">T</ns0:forename><ns0:surname>Phillips</ns0:surname></ns0:persName>
		</ns0:author>
		<ns0:author>
			<ns0:persName><ns0:forename type="first">G</ns0:forename><ns0:forename type="middle">M</ns0:forename><ns0:surname>Whitesides</ns0:surname></ns0:persName>
		</ns0:author>
		<ns0:author>
			<ns0:persName><ns0:forename type="first">E</ns0:forename><ns0:surname>Carrilho</ns0:surname></ns0:persName>
		</ns0:author>
		<ns0:idno type="DOI">10.1021/ac9013989</ns0:idno>
	</ns0:analytic>
	<ns0:monogr>
		<ns0:title level="j">Anal. Chem</ns0:title>
		<ns0:imprint>
			<ns0:biblScope unit="volume">82</ns0:biblScope>
			<ns0:biblScope unit="page" from="3" to="10" />
			<ns0:date type="published" when="2010">2010</ns0:date>
		</ns0:imprint>
	</ns0:monogr>
</ns0:biblStruct>

<ns0:biblStruct xml:id="b7">
	<ns0:analytic>
		<ns0:title />
		<ns0:author>
			<ns0:persName><ns0:forename type="first">D</ns0:forename><ns0:surname>Yang</ns0:surname></ns0:persName>
		</ns0:author>
		<ns0:author>
			<ns0:persName><ns0:forename type="first">M</ns0:forename><ns0:surname>Krasowska</ns0:surname></ns0:persName>
		</ns0:author>
		<ns0:author>
			<ns0:persName><ns0:forename type="first">C</ns0:forename><ns0:surname>Priest</ns0:surname></ns0:persName>
		</ns0:author>
		<ns0:author>
			<ns0:persName><ns0:forename type="first">M</ns0:forename><ns0:forename type="middle">N</ns0:forename><ns0:surname>Popescu</ns0:surname></ns0:persName>
		</ns0:author>
		<ns0:author>
			<ns0:persName><ns0:surname>Ralston</ns0:surname></ns0:persName>
		</ns0:author>
		<ns0:idno type="DOI">10.1021/jp2065826</ns0:idno>
	</ns0:analytic>
	<ns0:monogr>
		<ns0:title level="j">J. J. Phys. Chem. C</ns0:title>
		<ns0:imprint>
			<ns0:biblScope unit="volume">115</ns0:biblScope>
			<ns0:biblScope unit="page" from="18761" to="18769" />
			<ns0:date type="published" when="2011">2011</ns0:date>
		</ns0:imprint>
	</ns0:monogr>
</ns0:biblStruct>

<ns0:biblStruct xml:id="b8">
	<ns0:analytic>
		<ns0:title />
		<ns0:author>
			<ns0:persName><ns0:forename type="first">M</ns0:forename><ns0:surname>Zimmermann</ns0:surname></ns0:persName>
		</ns0:author>
		<ns0:author>
			<ns0:persName><ns0:forename type="first">H</ns0:forename><ns0:surname>Schmid</ns0:surname></ns0:persName>
		</ns0:author>
		<ns0:author>
			<ns0:persName><ns0:forename type="first">P</ns0:forename><ns0:surname>Hunziker</ns0:surname></ns0:persName>
		</ns0:author>
		<ns0:author>
			<ns0:persName><ns0:forename type="first">E</ns0:forename><ns0:surname>Delamarche</ns0:surname></ns0:persName>
		</ns0:author>
		<ns0:idno type="DOI">10.1039/B609813D</ns0:idno>
	</ns0:analytic>
	<ns0:monogr>
		<ns0:title level="j">Lab Chip</ns0:title>
		<ns0:imprint>
			<ns0:biblScope unit="volume">7</ns0:biblScope>
			<ns0:biblScope unit="page" from="119" to="125" />
			<ns0:date type="published" when="2007">2007</ns0:date>
		</ns0:imprint>
	</ns0:monogr>
</ns0:biblStruct>

<ns0:biblStruct xml:id="b9">
	<ns0:monogr>
		<ns0:title />
		<ns0:author>
			<ns0:persName><ns0:forename type="first">C</ns0:forename><ns0:surname>Carrell</ns0:surname></ns0:persName>
		</ns0:author>
		<ns0:author>
			<ns0:persName><ns0:forename type="first">A</ns0:forename><ns0:surname>Kava</ns0:surname></ns0:persName>
		</ns0:author>
		<ns0:author>
			<ns0:persName><ns0:forename type="first">M</ns0:forename><ns0:surname>Nguyen</ns0:surname></ns0:persName>
		</ns0:author>
		<ns0:author>
			<ns0:persName><ns0:forename type="first">R</ns0:forename><ns0:surname>Menger</ns0:surname></ns0:persName>
		</ns0:author>
		<ns0:author>
			<ns0:persName><ns0:forename type="first">Z</ns0:forename><ns0:surname>Munshi</ns0:surname></ns0:persName>
		</ns0:author>
		<ns0:author>
			<ns0:persName><ns0:forename type="first">Z</ns0:forename><ns0:surname>Call</ns0:surname></ns0:persName>
		</ns0:author>
		<ns0:author>
			<ns0:persName><ns0:forename type="first">M</ns0:forename><ns0:surname>Nussbaum</ns0:surname></ns0:persName>
		</ns0:author>
		<ns0:author>
			<ns0:persName><ns0:forename type="first">C</ns0:forename><ns0:surname>Henry</ns0:surname></ns0:persName>
		</ns0:author>
		<ns0:author>
			<ns0:persName><ns0:surname>Microelectron</ns0:surname></ns0:persName>
		</ns0:author>
		<ns0:author>
			<ns0:persName><ns0:surname>Eng</ns0:surname></ns0:persName>
		</ns0:author>
		<ns0:idno type="DOI">10.1016/j.mee.2018.12.002</ns0:idno>
		<ns0:imprint>
			<ns0:date type="published" when="2019">2019</ns0:date>
			<ns0:biblScope unit="volume">206</ns0:biblScope>
			<ns0:biblScope unit="page" from="45" to="54" />
		</ns0:imprint>
	</ns0:monogr>
</ns0:biblStruct>

<ns0:biblStruct xml:id="b10">
	<ns0:analytic>
		<ns0:title />
		<ns0:author>
			<ns0:persName><ns0:forename type="first">X</ns0:forename><ns0:surname>Weng</ns0:surname></ns0:persName>
		</ns0:author>
		<ns0:author>
			<ns0:persName><ns0:forename type="first">Y</ns0:forename><ns0:surname>Kang</ns0:surname></ns0:persName>
		</ns0:author>
		<ns0:author>
			<ns0:persName><ns0:forename type="first">Q</ns0:forename><ns0:surname>Guo</ns0:surname></ns0:persName>
		</ns0:author>
		<ns0:author>
			<ns0:persName><ns0:forename type="first">B</ns0:forename><ns0:surname>Peng</ns0:surname></ns0:persName>
		</ns0:author>
		<ns0:author>
			<ns0:persName><ns0:forename type="first">H</ns0:forename><ns0:surname>Jiang</ns0:surname></ns0:persName>
		</ns0:author>
		<ns0:idno type="DOI">10.1016/j.bios.2019.03.009</ns0:idno>
	</ns0:analytic>
	<ns0:monogr>
		<ns0:title level="j">Biosens. Bioelectron</ns0:title>
		<ns0:imprint>
			<ns0:biblScope unit="volume">132</ns0:biblScope>
			<ns0:biblScope unit="page" from="171" to="185" />
			<ns0:date type="published" when="2019">2019</ns0:date>
		</ns0:imprint>
	</ns0:monogr>
</ns0:biblStruct>

<ns0:biblStruct xml:id="b11">
	<ns0:analytic>
		<ns0:title />
		<ns0:author>
			<ns0:persName><ns0:forename type="first">S</ns0:forename><ns0:surname>Anastasova</ns0:surname></ns0:persName>
		</ns0:author>
		<ns0:author>
			<ns0:persName><ns0:forename type="first">B</ns0:forename><ns0:surname>Crewther</ns0:surname></ns0:persName>
		</ns0:author>
		<ns0:author>
			<ns0:persName><ns0:forename type="first">P</ns0:forename><ns0:surname>Bembnowicz</ns0:surname></ns0:persName>
		</ns0:author>
		<ns0:author>
			<ns0:persName><ns0:forename type="first">V</ns0:forename><ns0:surname>Curto</ns0:surname></ns0:persName>
		</ns0:author>
		<ns0:author>
			<ns0:persName><ns0:forename type="first">H</ns0:forename><ns0:forename type="middle">M D</ns0:forename><ns0:surname>Ip</ns0:surname></ns0:persName>
		</ns0:author>
		<ns0:author>
			<ns0:persName><ns0:forename type="first">B</ns0:forename><ns0:surname>Rosa</ns0:surname></ns0:persName>
		</ns0:author>
		<ns0:author>
			<ns0:persName><ns0:forename type="first">G.-Z</ns0:forename><ns0:surname>Yang</ns0:surname></ns0:persName>
		</ns0:author>
		<ns0:idno type="DOI">10.1016/j.bios.2016.09.038</ns0:idno>
	</ns0:analytic>
	<ns0:monogr>
		<ns0:title level="j">Biosens. Bioelectron</ns0:title>
		<ns0:imprint>
			<ns0:biblScope unit="volume">93</ns0:biblScope>
			<ns0:biblScope unit="page" from="139" to="145" />
			<ns0:date type="published" when="2017">2017</ns0:date>
		</ns0:imprint>
	</ns0:monogr>
</ns0:biblStruct>

<ns0:biblStruct xml:id="b12">
	<ns0:analytic>
		<ns0:title />
		<ns0:author>
			<ns0:persName><ns0:forename type="first">E</ns0:forename><ns0:forename type="middle">W</ns0:forename><ns0:surname>Washburn</ns0:surname></ns0:persName>
		</ns0:author>
		<ns0:idno type="DOI">10.1103/PhysRev.17.273</ns0:idno>
	</ns0:analytic>
	<ns0:monogr>
		<ns0:title level="j">Phys. Rev</ns0:title>
		<ns0:imprint>
			<ns0:biblScope unit="volume">17</ns0:biblScope>
			<ns0:biblScope unit="page" from="273" to="283" />
			<ns0:date type="published" when="1921">1921</ns0:date>
		</ns0:imprint>
	</ns0:monogr>
</ns0:biblStruct>

<ns0:biblStruct xml:id="b13">
	<ns0:analytic>
		<ns0:title />
		<ns0:author>
			<ns0:persName><ns0:forename type="first">S</ns0:forename><ns0:surname>Eisenberg</ns0:surname></ns0:persName>
		</ns0:author>
		<ns0:author>
			<ns0:persName><ns0:forename type="first">M</ns0:forename><ns0:surname>Horn</ns0:surname></ns0:persName>
		</ns0:author>
		<ns0:author>
			<ns0:persName><ns0:forename type="first">N</ns0:forename><ns0:surname>Nelson</ns0:surname></ns0:persName>
		</ns0:author>
		<ns0:idno type="DOI">10.1161/01.CIR.30.5.686</ns0:idno>
	</ns0:analytic>
	<ns0:monogr>
		<ns0:title level="j">Circulation</ns0:title>
		<ns0:imprint>
			<ns0:biblScope unit="volume">30</ns0:biblScope>
			<ns0:biblScope unit="page" from="686" to="693" />
			<ns0:date type="published" when="1964">1964</ns0:date>
		</ns0:imprint>
	</ns0:monogr>
</ns0:biblStruct>

<ns0:biblStruct xml:id="b14">
	<ns0:analytic>
		<ns0:title />
		<ns0:author>
			<ns0:persName><ns0:forename type="first">P</ns0:forename><ns0:surname>Gyawali</ns0:surname></ns0:persName>
		</ns0:author>
		<ns0:author>
			<ns0:persName><ns0:forename type="first">R</ns0:forename><ns0:forename type="middle">S</ns0:forename><ns0:surname>Richards</ns0:surname></ns0:persName>
		</ns0:author>
		<ns0:author>
			<ns0:persName><ns0:forename type="first">E</ns0:forename><ns0:forename type="middle">U</ns0:forename><ns0:surname>Nwose</ns0:surname></ns0:persName>
		</ns0:author>
		<ns0:author>
			<ns0:persName><ns0:forename type="first">P</ns0:forename><ns0:forename type="middle">T</ns0:forename><ns0:surname>Bwititi</ns0:surname></ns0:persName>
		</ns0:author>
		<ns0:idno type="DOI">10.2217/clp.12.65</ns0:idno>
	</ns0:analytic>
	<ns0:monogr>
		<ns0:title level="j">Clin. Lipidol</ns0:title>
		<ns0:imprint>
			<ns0:biblScope unit="volume">7</ns0:biblScope>
			<ns0:biblScope unit="page" from="709" to="719" />
			<ns0:date type="published" when="2017">2017</ns0:date>
		</ns0:imprint>
	</ns0:monogr>
</ns0:biblStruct>

<ns0:biblStruct xml:id="b15">
	<ns0:analytic>
		<ns0:title />
		<ns0:author>
			<ns0:persName><ns0:forename type="first">D</ns0:forename><ns0:surname>Animireddy</ns0:surname></ns0:persName>
		</ns0:author>
		<ns0:author>
			<ns0:persName><ns0:forename type="first">V</ns0:forename><ns0:forename type="middle">T</ns0:forename><ns0:surname>Reddy Bekkem</ns0:surname></ns0:persName>
		</ns0:author>
		<ns0:author>
			<ns0:persName><ns0:forename type="first">P</ns0:forename><ns0:surname>Vallala</ns0:surname></ns0:persName>
		</ns0:author>
		<ns0:author>
			<ns0:persName><ns0:forename type="first">S</ns0:forename><ns0:forename type="middle">B</ns0:forename><ns0:surname>Kotha</ns0:surname></ns0:persName>
		</ns0:author>
		<ns0:author>
			<ns0:persName><ns0:forename type="first">S</ns0:forename><ns0:surname>Ankireddy</ns0:surname></ns0:persName>
		</ns0:author>
		<ns0:author>
			<ns0:persName><ns0:forename type="first">N</ns0:forename><ns0:surname>Mohammad</ns0:surname></ns0:persName>
		</ns0:author>
		<ns0:author>
			<ns0:persName><ns0:surname>Contemp</ns0:surname></ns0:persName>
		</ns0:author>
		<ns0:idno type="DOI">10.4103/0976-237X.137931</ns0:idno>
	</ns0:analytic>
	<ns0:monogr>
		<ns0:title level="j">Clin. Dent</ns0:title>
		<ns0:imprint>
			<ns0:biblScope unit="volume">5</ns0:biblScope>
			<ns0:biblScope unit="page" from="324" to="328" />
			<ns0:date type="published" when="2014">2014</ns0:date>
		</ns0:imprint>
	</ns0:monogr>
</ns0:biblStruct>

<ns0:biblStruct xml:id="b16">
	<ns0:monogr>
		<ns0:title />
		<ns0:author>
			<ns0:persName><ns0:forename type="first">P</ns0:forename><ns0:forename type="middle">D V</ns0:forename><ns0:surname>De Almeida</ns0:surname></ns0:persName>
		</ns0:author>
		<ns0:author>
			<ns0:persName><ns0:forename type="first">A</ns0:forename><ns0:forename type="middle">M T</ns0:forename><ns0:surname>Gre&#501;io</ns0:surname></ns0:persName>
		</ns0:author>
		<ns0:author>
			<ns0:persName><ns0:forename type="first">M</ns0:forename><ns0:forename type="middle">A N</ns0:forename><ns0:surname>Machado</ns0:surname></ns0:persName>
		</ns0:author>
		<ns0:author>
			<ns0:persName><ns0:surname>De</ns0:surname></ns0:persName>
		</ns0:author>
		<ns0:imprint />
	</ns0:monogr>
</ns0:biblStruct>

<ns0:biblStruct xml:id="b17">
	<ns0:analytic>
		<ns0:title />
		<ns0:author>
			<ns0:persName><ns0:forename type="first">A</ns0:forename><ns0:forename type="middle">A S</ns0:forename><ns0:surname>Lima</ns0:surname></ns0:persName>
		</ns0:author>
		<ns0:author>
			<ns0:persName><ns0:forename type="first">L</ns0:forename><ns0:forename type="middle">R J</ns0:forename><ns0:surname>Zaevedo</ns0:surname></ns0:persName>
		</ns0:author>
		<ns0:author>
			<ns0:persName><ns0:surname>Contemp</ns0:surname></ns0:persName>
		</ns0:author>
	</ns0:analytic>
	<ns0:monogr>
		<ns0:title level="j">Dent. Pract</ns0:title>
		<ns0:imprint>
			<ns0:biblScope unit="volume">9</ns0:biblScope>
			<ns0:biblScope unit="page" from="72" to="80" />
			<ns0:date type="published" when="2008">2008</ns0:date>
		</ns0:imprint>
	</ns0:monogr>
</ns0:biblStruct>

<ns0:biblStruct xml:id="b18">
	<ns0:analytic>
		<ns0:title />
		<ns0:author>
			<ns0:persName><ns0:forename type="first">S</ns0:forename><ns0:forename type="middle">M</ns0:forename><ns0:surname>Gouveia</ns0:surname></ns0:persName>
		</ns0:author>
		<ns0:author>
			<ns0:persName><ns0:forename type="first">J</ns0:forename><ns0:forename type="middle">M</ns0:forename><ns0:surname>Tiffany</ns0:surname></ns0:persName>
		</ns0:author>
		<ns0:idno type="DOI">10.1016/j.bbapap.2005.08.023</ns0:idno>
	</ns0:analytic>
	<ns0:monogr>
		<ns0:title level="j">Biochim. Biophys. Acta</ns0:title>
		<ns0:imprint>
			<ns0:biblScope unit="volume">1753</ns0:biblScope>
			<ns0:biblScope unit="page" from="155" to="163" />
			<ns0:date type="published" when="2005">2005</ns0:date>
		</ns0:imprint>
	</ns0:monogr>
	<ns0:note>Proteins Proteomics</ns0:note>
</ns0:biblStruct>

<ns0:biblStruct xml:id="b19">
	<ns0:analytic>
		<ns0:title />
		<ns0:author>
			<ns0:persName><ns0:forename type="first">S</ns0:forename><ns0:forename type="middle">R</ns0:forename><ns0:surname>Corrie</ns0:surname></ns0:persName>
		</ns0:author>
		<ns0:author>
			<ns0:persName><ns0:forename type="first">J</ns0:forename><ns0:forename type="middle">W</ns0:forename><ns0:surname>Coffey</ns0:surname></ns0:persName>
		</ns0:author>
		<ns0:author>
			<ns0:persName><ns0:forename type="first">J</ns0:forename><ns0:surname>Islam</ns0:surname></ns0:persName>
		</ns0:author>
		<ns0:author>
			<ns0:persName><ns0:forename type="first">K</ns0:forename><ns0:forename type="middle">A</ns0:forename><ns0:surname>Markey</ns0:surname></ns0:persName>
		</ns0:author>
		<ns0:author>
			<ns0:persName><ns0:forename type="first">M</ns0:forename><ns0:forename type="middle">A</ns0:forename><ns0:surname>Kendall</ns0:surname></ns0:persName>
		</ns0:author>
		<ns0:idno type="DOI">10.1039/C5AN00464K</ns0:idno>
	</ns0:analytic>
	<ns0:monogr>
		<ns0:title level="j">Analyst</ns0:title>
		<ns0:imprint>
			<ns0:biblScope unit="volume">140</ns0:biblScope>
			<ns0:biblScope unit="page" from="4350" to="4364" />
			<ns0:date type="published" when="2015">2015</ns0:date>
		</ns0:imprint>
	</ns0:monogr>
</ns0:biblStruct>

<ns0:biblStruct xml:id="b20">
	<ns0:analytic>
		<ns0:title />
		<ns0:author>
			<ns0:persName><ns0:forename type="first">A</ns0:forename><ns0:forename type="middle">E</ns0:forename><ns0:surname>Kownacka</ns0:surname></ns0:persName>
		</ns0:author>
		<ns0:author>
			<ns0:persName><ns0:forename type="first">D</ns0:forename><ns0:surname>Vegelyte</ns0:surname></ns0:persName>
		</ns0:author>
		<ns0:author>
			<ns0:persName><ns0:forename type="first">M</ns0:forename><ns0:surname>Joosse</ns0:surname></ns0:persName>
		</ns0:author>
		<ns0:author>
			<ns0:persName><ns0:forename type="first">N</ns0:forename><ns0:surname>Anton</ns0:surname></ns0:persName>
		</ns0:author>
		<ns0:author>
			<ns0:persName><ns0:forename type="first">B</ns0:forename><ns0:forename type="middle">J</ns0:forename><ns0:surname>Toebes</ns0:surname></ns0:persName>
		</ns0:author>
		<ns0:author>
			<ns0:persName><ns0:forename type="first">J</ns0:forename><ns0:surname>Lauko</ns0:surname></ns0:persName>
		</ns0:author>
		<ns0:author>
			<ns0:persName><ns0:forename type="first">I</ns0:forename><ns0:surname>Buzzacchera</ns0:surname></ns0:persName>
		</ns0:author>
		<ns0:author>
			<ns0:persName><ns0:forename type="first">K</ns0:forename><ns0:surname>Lipinska</ns0:surname></ns0:persName>
		</ns0:author>
		<ns0:author>
			<ns0:persName><ns0:forename type="first">D</ns0:forename><ns0:forename type="middle">A</ns0:forename><ns0:surname>Wilson</ns0:surname></ns0:persName>
		</ns0:author>
		<ns0:idno type="DOI">10.1021/acs.biomac.8b01429</ns0:idno>
	</ns0:analytic>
	<ns0:monogr>
		<ns0:title level="j">C. J. Biomacromolecules</ns0:title>
		<ns0:imprint>
			<ns0:biblScope unit="volume">19</ns0:biblScope>
			<ns0:biblScope unit="page" from="4504" to="4511" />
			<ns0:date type="published" when="2018">2018</ns0:date>
			<ns0:publisher>Wilson</ns0:publisher>
		</ns0:imprint>
	</ns0:monogr>
</ns0:biblStruct>

<ns0:biblStruct xml:id="b21">
	<ns0:analytic>
		<ns0:title />
		<ns0:author>
			<ns0:persName><ns0:forename type="first">L</ns0:forename><ns0:surname>Yu</ns0:surname></ns0:persName>
		</ns0:author>
		<ns0:author>
			<ns0:persName><ns0:forename type="first">Z</ns0:forename><ns0:surname>Yang</ns0:surname></ns0:persName>
		</ns0:author>
		<ns0:author>
			<ns0:persName><ns0:forename type="first">M</ns0:forename><ns0:surname>An</ns0:surname></ns0:persName>
		</ns0:author>
		<ns0:idno type="DOI">10.5582/bst.2019.01178</ns0:idno>
	</ns0:analytic>
	<ns0:monogr>
		<ns0:title level="j">BioSci. Trends</ns0:title>
		<ns0:imprint>
			<ns0:biblScope unit="volume">13</ns0:biblScope>
			<ns0:biblScope unit="page" from="308" to="313" />
			<ns0:date type="published" when="2019">2019</ns0:date>
		</ns0:imprint>
	</ns0:monogr>
</ns0:biblStruct>

<ns0:biblStruct xml:id="b22">
	<ns0:analytic>
		<ns0:title />
		<ns0:author>
			<ns0:persName><ns0:forename type="first">S</ns0:forename><ns0:surname>Shrivastava</ns0:surname></ns0:persName>
		</ns0:author>
		<ns0:author>
			<ns0:persName><ns0:forename type="first">T</ns0:forename><ns0:forename type="middle">Q</ns0:forename><ns0:surname>Trung</ns0:surname></ns0:persName>
		</ns0:author>
		<ns0:author>
			<ns0:persName><ns0:forename type="first">N.-E</ns0:forename><ns0:surname>Lee</ns0:surname></ns0:persName>
		</ns0:author>
		<ns0:idno type="DOI">10.1039/C9CS00319C</ns0:idno>
	</ns0:analytic>
	<ns0:monogr>
		<ns0:title level="j">Chem. Soc. Rev</ns0:title>
		<ns0:imprint>
			<ns0:biblScope unit="volume">49</ns0:biblScope>
			<ns0:biblScope unit="page" from="1812" to="1866" />
			<ns0:date type="published" when="2020">2020</ns0:date>
		</ns0:imprint>
	</ns0:monogr>
</ns0:biblStruct>

<ns0:biblStruct xml:id="b23">
	<ns0:analytic>
		<ns0:title />
		<ns0:author>
			<ns0:persName><ns0:forename type="first">H</ns0:forename><ns0:forename type="middle">M</ns0:forename><ns0:surname>Emrich</ns0:surname></ns0:persName>
		</ns0:author>
		<ns0:author>
			<ns0:persName><ns0:forename type="first">E</ns0:forename><ns0:surname>Stoll</ns0:surname></ns0:persName>
		</ns0:author>
		<ns0:author>
			<ns0:persName><ns0:forename type="first">B</ns0:forename><ns0:surname>Friolet</ns0:surname></ns0:persName>
		</ns0:author>
		<ns0:author>
			<ns0:persName><ns0:forename type="first">J</ns0:forename><ns0:forename type="middle">P</ns0:forename><ns0:surname>Colombo</ns0:surname></ns0:persName>
		</ns0:author>
		<ns0:author>
			<ns0:persName><ns0:forename type="first">R</ns0:forename><ns0:surname>Richterich</ns0:surname></ns0:persName>
		</ns0:author>
		<ns0:author>
			<ns0:persName><ns0:forename type="first">E</ns0:forename><ns0:surname>Rossi</ns0:surname></ns0:persName>
		</ns0:author>
		<ns0:idno type="DOI">10.1203/00006450-196811000-00004</ns0:idno>
	</ns0:analytic>
	<ns0:monogr>
		<ns0:title level="j">Pediatr. Res</ns0:title>
		<ns0:imprint>
			<ns0:biblScope unit="volume">2</ns0:biblScope>
			<ns0:biblScope unit="page">464</ns0:biblScope>
			<ns0:date type="published" when="1968">1968</ns0:date>
		</ns0:imprint>
	</ns0:monogr>
</ns0:biblStruct>

<ns0:biblStruct xml:id="b24">
	<ns0:analytic>
		<ns0:title />
		<ns0:author>
			<ns0:persName><ns0:forename type="first">L</ns0:forename><ns0:forename type="middle">B</ns0:forename><ns0:surname>Baker</ns0:surname></ns0:persName>
		</ns0:author>
		<ns0:idno type="DOI">10.1007/s40279-017-0691-5</ns0:idno>
	</ns0:analytic>
	<ns0:monogr>
		<ns0:title level="j">Sports Med</ns0:title>
		<ns0:imprint>
			<ns0:biblScope unit="volume">47</ns0:biblScope>
			<ns0:biblScope unit="page" from="111" to="128" />
			<ns0:date type="published" when="2017">2017</ns0:date>
		</ns0:imprint>
	</ns0:monogr>
</ns0:biblStruct>

<ns0:biblStruct xml:id="b25">
	<ns0:analytic>
		<ns0:title />
		<ns0:author>
			<ns0:persName><ns0:forename type="first">A</ns0:forename><ns0:forename type="middle">J</ns0:forename><ns0:surname>Bandodkar</ns0:surname></ns0:persName>
		</ns0:author>
		<ns0:author>
			<ns0:persName><ns0:forename type="first">W</ns0:forename><ns0:forename type="middle">J</ns0:forename><ns0:surname>Jeang</ns0:surname></ns0:persName>
		</ns0:author>
		<ns0:author>
			<ns0:persName><ns0:forename type="first">R</ns0:forename><ns0:surname>Ghaffari</ns0:surname></ns0:persName>
		</ns0:author>
		<ns0:author>
			<ns0:persName><ns0:forename type="first">J</ns0:forename><ns0:forename type="middle">A</ns0:forename><ns0:surname>Rogers</ns0:surname></ns0:persName>
		</ns0:author>
		<ns0:idno type="DOI">10.1146/annurev-anchem-061318-114910</ns0:idno>
	</ns0:analytic>
	<ns0:monogr>
		<ns0:title level="j">Annu. Rev. Anal. Chem</ns0:title>
		<ns0:imprint>
			<ns0:biblScope unit="volume">12</ns0:biblScope>
			<ns0:biblScope unit="page" from="1" to="22" />
			<ns0:date type="published" when="2019">2019</ns0:date>
		</ns0:imprint>
	</ns0:monogr>
</ns0:biblStruct>

<ns0:biblStruct xml:id="b26">
	<ns0:analytic>
		<ns0:title />
		<ns0:author>
			<ns0:persName><ns0:forename type="first">Z</ns0:forename><ns0:surname>Sonner</ns0:surname></ns0:persName>
		</ns0:author>
		<ns0:author>
			<ns0:persName><ns0:forename type="first">E</ns0:forename><ns0:surname>Wilder</ns0:surname></ns0:persName>
		</ns0:author>
		<ns0:author>
			<ns0:persName><ns0:forename type="first">J</ns0:forename><ns0:surname>Heikenfeld</ns0:surname></ns0:persName>
		</ns0:author>
		<ns0:author>
			<ns0:persName><ns0:forename type="first">G</ns0:forename><ns0:surname>Kasting</ns0:surname></ns0:persName>
		</ns0:author>
		<ns0:author>
			<ns0:persName><ns0:forename type="first">F</ns0:forename><ns0:surname>Beyette</ns0:surname></ns0:persName>
		</ns0:author>
		<ns0:author>
			<ns0:persName><ns0:forename type="first">D</ns0:forename><ns0:surname>Swaile</ns0:surname></ns0:persName>
		</ns0:author>
		<ns0:author>
			<ns0:persName><ns0:forename type="first">F</ns0:forename><ns0:surname>Sherman</ns0:surname></ns0:persName>
		</ns0:author>
		<ns0:author>
			<ns0:persName><ns0:forename type="first">J</ns0:forename><ns0:surname>Joyce</ns0:surname></ns0:persName>
		</ns0:author>
		<ns0:author>
			<ns0:persName><ns0:forename type="first">J</ns0:forename><ns0:surname>Hagen</ns0:surname></ns0:persName>
		</ns0:author>
		<ns0:author>
			<ns0:persName><ns0:forename type="first">N</ns0:forename><ns0:surname>Kelley-Loughnane</ns0:surname></ns0:persName>
		</ns0:author>
		<ns0:idno type="DOI">10.1063/1.4921039</ns0:idno>
	</ns0:analytic>
	<ns0:monogr>
		<ns0:title level="j">Naik, R. Biomicrofluidics</ns0:title>
		<ns0:imprint>
			<ns0:biblScope unit="volume">9</ns0:biblScope>
			<ns0:biblScope unit="page">31301</ns0:biblScope>
			<ns0:date type="published" when="2015">2015</ns0:date>
		</ns0:imprint>
	</ns0:monogr>
</ns0:biblStruct>

<ns0:biblStruct xml:id="b27">
	<ns0:analytic>
		<ns0:title />
		<ns0:author>
			<ns0:persName><ns0:forename type="first">Y</ns0:forename><ns0:surname>Liu</ns0:surname></ns0:persName>
		</ns0:author>
		<ns0:author>
			<ns0:persName><ns0:forename type="first">M</ns0:forename><ns0:surname>Pharr</ns0:surname></ns0:persName>
		</ns0:author>
		<ns0:author>
			<ns0:persName><ns0:forename type="first">G</ns0:forename><ns0:forename type="middle">A</ns0:forename><ns0:surname>Salvatore</ns0:surname></ns0:persName>
		</ns0:author>
		<ns0:idno type="DOI">10.1021/acsnano.7b04898</ns0:idno>
	</ns0:analytic>
	<ns0:monogr>
		<ns0:title level="j">ACS Nano</ns0:title>
		<ns0:imprint>
			<ns0:biblScope unit="volume">11</ns0:biblScope>
			<ns0:biblScope unit="page" from="9614" to="9635" />
			<ns0:date type="published" when="2017">2017</ns0:date>
		</ns0:imprint>
	</ns0:monogr>
</ns0:biblStruct>

<ns0:biblStruct xml:id="b28">
	<ns0:analytic>
		<ns0:title />
		<ns0:author>
			<ns0:persName><ns0:forename type="first">H</ns0:forename><ns0:forename type="middle">U</ns0:forename><ns0:surname>Chung</ns0:surname></ns0:persName>
		</ns0:author>
		<ns0:author>
			<ns0:persName><ns0:forename type="first">A</ns0:forename><ns0:forename type="middle">Y</ns0:forename><ns0:surname>Rwei</ns0:surname></ns0:persName>
		</ns0:author>
		<ns0:author>
			<ns0:persName><ns0:forename type="first">A</ns0:forename><ns0:surname>Hourlier-Fargette</ns0:surname></ns0:persName>
		</ns0:author>
		<ns0:author>
			<ns0:persName><ns0:forename type="first">S</ns0:forename><ns0:surname>Xu</ns0:surname></ns0:persName>
		</ns0:author>
		<ns0:author>
			<ns0:persName><ns0:forename type="first">K</ns0:forename><ns0:surname>Lee</ns0:surname></ns0:persName>
		</ns0:author>
		<ns0:author>
			<ns0:persName><ns0:forename type="first">E</ns0:forename><ns0:forename type="middle">C</ns0:forename><ns0:surname>Dunne</ns0:surname></ns0:persName>
		</ns0:author>
		<ns0:author>
			<ns0:persName><ns0:forename type="first">Z</ns0:forename><ns0:surname>Xie</ns0:surname></ns0:persName>
		</ns0:author>
		<ns0:author>
			<ns0:persName><ns0:forename type="first">C</ns0:forename><ns0:surname>Liu</ns0:surname></ns0:persName>
		</ns0:author>
		<ns0:author>
			<ns0:persName><ns0:forename type="first">A</ns0:forename><ns0:surname>Carlini</ns0:surname></ns0:persName>
		</ns0:author>
		<ns0:author>
			<ns0:persName><ns0:forename type="first">D</ns0:forename><ns0:forename type="middle">H</ns0:forename><ns0:surname>Kim</ns0:surname></ns0:persName>
		</ns0:author>
		<ns0:author>
			<ns0:persName><ns0:forename type="first">D</ns0:forename><ns0:surname>Ryu</ns0:surname></ns0:persName>
		</ns0:author>
		<ns0:author>
			<ns0:persName><ns0:forename type="first">E</ns0:forename><ns0:surname>Kulikova</ns0:surname></ns0:persName>
		</ns0:author>
		<ns0:author>
			<ns0:persName><ns0:forename type="first">J</ns0:forename><ns0:surname>Cao</ns0:surname></ns0:persName>
		</ns0:author>
		<ns0:author>
			<ns0:persName><ns0:forename type="first">I</ns0:forename><ns0:forename type="middle">C</ns0:forename><ns0:surname>Odland</ns0:surname></ns0:persName>
		</ns0:author>
		<ns0:author>
			<ns0:persName><ns0:forename type="first">K</ns0:forename><ns0:forename type="middle">B</ns0:forename><ns0:surname>Fields</ns0:surname></ns0:persName>
		</ns0:author>
		<ns0:author>
			<ns0:persName><ns0:forename type="first">B</ns0:forename><ns0:surname>Hopkins</ns0:surname></ns0:persName>
		</ns0:author>
		<ns0:author>
			<ns0:persName><ns0:forename type="first">A</ns0:forename><ns0:surname>Banks</ns0:surname></ns0:persName>
		</ns0:author>
		<ns0:author>
			<ns0:persName><ns0:forename type="first">C</ns0:forename><ns0:surname>Ogle</ns0:surname></ns0:persName>
		</ns0:author>
		<ns0:author>
			<ns0:persName><ns0:forename type="first">D</ns0:forename><ns0:surname>Grande</ns0:surname></ns0:persName>
		</ns0:author>
		<ns0:author>
			<ns0:persName><ns0:forename type="first">J</ns0:forename><ns0:forename type="middle">B</ns0:forename><ns0:surname>Park</ns0:surname></ns0:persName>
		</ns0:author>
		<ns0:author>
			<ns0:persName><ns0:forename type="first">J</ns0:forename><ns0:surname>Kim</ns0:surname></ns0:persName>
		</ns0:author>
		<ns0:author>
			<ns0:persName><ns0:forename type="first">M</ns0:forename><ns0:surname>Irie</ns0:surname></ns0:persName>
		</ns0:author>
		<ns0:author>
			<ns0:persName><ns0:forename type="first">H</ns0:forename><ns0:surname>Jang</ns0:surname></ns0:persName>
		</ns0:author>
		<ns0:author>
			<ns0:persName><ns0:forename type="first">J</ns0:forename><ns0:surname>Lee</ns0:surname></ns0:persName>
		</ns0:author>
		<ns0:author>
			<ns0:persName><ns0:forename type="first">Y</ns0:forename><ns0:surname>Park</ns0:surname></ns0:persName>
		</ns0:author>
		<ns0:author>
			<ns0:persName><ns0:forename type="first">J</ns0:forename><ns0:surname>Kim</ns0:surname></ns0:persName>
		</ns0:author>
		<ns0:author>
			<ns0:persName><ns0:forename type="first">H</ns0:forename><ns0:forename type="middle">H</ns0:forename><ns0:surname>Jo</ns0:surname></ns0:persName>
		</ns0:author>
		<ns0:author>
			<ns0:persName><ns0:forename type="first">H</ns0:forename><ns0:surname>Hahm</ns0:surname></ns0:persName>
		</ns0:author>
		<ns0:author>
			<ns0:persName><ns0:forename type="first">R</ns0:forename><ns0:surname>Avila</ns0:surname></ns0:persName>
		</ns0:author>
		<ns0:author>
			<ns0:persName><ns0:forename type="first">Y</ns0:forename><ns0:surname>Xu</ns0:surname></ns0:persName>
		</ns0:author>
		<ns0:author>
			<ns0:persName><ns0:forename type="first">M</ns0:forename><ns0:surname>Namkoong</ns0:surname></ns0:persName>
		</ns0:author>
		<ns0:author>
			<ns0:persName><ns0:forename type="first">J</ns0:forename><ns0:forename type="middle">W</ns0:forename><ns0:surname>Kwak</ns0:surname></ns0:persName>
		</ns0:author>
		<ns0:author>
			<ns0:persName><ns0:forename type="first">E</ns0:forename><ns0:surname>Suen</ns0:surname></ns0:persName>
		</ns0:author>
		<ns0:author>
			<ns0:persName><ns0:forename type="first">M</ns0:forename><ns0:forename type="middle">A</ns0:forename><ns0:surname>Paulus</ns0:surname></ns0:persName>
		</ns0:author>
		<ns0:author>
			<ns0:persName><ns0:forename type="first">R</ns0:forename><ns0:forename type="middle">J</ns0:forename><ns0:surname>Kim</ns0:surname></ns0:persName>
		</ns0:author>
		<ns0:author>
			<ns0:persName><ns0:forename type="first">B</ns0:forename><ns0:forename type="middle">V</ns0:forename><ns0:surname>Parsons</ns0:surname></ns0:persName>
		</ns0:author>
		<ns0:author>
			<ns0:persName><ns0:forename type="first">K</ns0:forename><ns0:forename type="middle">A</ns0:forename><ns0:surname>Human</ns0:surname></ns0:persName>
		</ns0:author>
		<ns0:author>
			<ns0:persName><ns0:forename type="first">S</ns0:forename><ns0:forename type="middle">S</ns0:forename><ns0:surname>Kim</ns0:surname></ns0:persName>
		</ns0:author>
		<ns0:author>
			<ns0:persName><ns0:forename type="first">M</ns0:forename><ns0:surname>Patel</ns0:surname></ns0:persName>
		</ns0:author>
		<ns0:author>
			<ns0:persName><ns0:forename type="first">W</ns0:forename><ns0:surname>Reuther</ns0:surname></ns0:persName>
		</ns0:author>
		<ns0:author>
			<ns0:persName><ns0:forename type="first">H</ns0:forename><ns0:forename type="middle">S</ns0:forename><ns0:surname>Kim</ns0:surname></ns0:persName>
		</ns0:author>
		<ns0:author>
			<ns0:persName><ns0:forename type="first">S</ns0:forename><ns0:forename type="middle">H</ns0:forename><ns0:surname>Lee</ns0:surname></ns0:persName>
		</ns0:author>
		<ns0:author>
			<ns0:persName><ns0:forename type="first">J</ns0:forename><ns0:forename type="middle">D</ns0:forename><ns0:surname>Leedle</ns0:surname></ns0:persName>
		</ns0:author>
		<ns0:author>
			<ns0:persName><ns0:forename type="first">Y</ns0:forename><ns0:surname>Yun</ns0:surname></ns0:persName>
		</ns0:author>
		<ns0:author>
			<ns0:persName><ns0:forename type="first">S</ns0:forename><ns0:surname>Rigali</ns0:surname></ns0:persName>
		</ns0:author>
		<ns0:author>
			<ns0:persName><ns0:forename type="first">T</ns0:forename><ns0:surname>Son</ns0:surname></ns0:persName>
		</ns0:author>
		<ns0:author>
			<ns0:persName><ns0:forename type="first">I</ns0:forename><ns0:surname>Jung</ns0:surname></ns0:persName>
		</ns0:author>
		<ns0:author>
			<ns0:persName><ns0:forename type="first">H</ns0:forename><ns0:surname>Arafa</ns0:surname></ns0:persName>
		</ns0:author>
		<ns0:author>
			<ns0:persName><ns0:forename type="first">V</ns0:forename><ns0:forename type="middle">R</ns0:forename><ns0:surname>Soundararajan</ns0:surname></ns0:persName>
		</ns0:author>
		<ns0:author>
			<ns0:persName><ns0:forename type="first">A</ns0:forename><ns0:surname>Ollech</ns0:surname></ns0:persName>
		</ns0:author>
		<ns0:author>
			<ns0:persName><ns0:forename type="first">A</ns0:forename><ns0:surname>Shukla</ns0:surname></ns0:persName>
		</ns0:author>
		<ns0:author>
			<ns0:persName><ns0:forename type="first">A</ns0:forename><ns0:surname>Bradley</ns0:surname></ns0:persName>
		</ns0:author>
		<ns0:author>
			<ns0:persName><ns0:forename type="first">M</ns0:forename><ns0:surname>Schau</ns0:surname></ns0:persName>
		</ns0:author>
		<ns0:author>
			<ns0:persName><ns0:forename type="first">C</ns0:forename><ns0:forename type="middle">M</ns0:forename><ns0:surname>Rand</ns0:surname></ns0:persName>
		</ns0:author>
		<ns0:author>
			<ns0:persName><ns0:forename type="first">L</ns0:forename><ns0:forename type="middle">E</ns0:forename><ns0:surname>Marsillio</ns0:surname></ns0:persName>
		</ns0:author>
		<ns0:author>
			<ns0:persName><ns0:forename type="first">Z</ns0:forename><ns0:forename type="middle">L</ns0:forename><ns0:surname>Harris</ns0:surname></ns0:persName>
		</ns0:author>
		<ns0:author>
			<ns0:persName><ns0:forename type="first">Y</ns0:forename><ns0:surname>Huang</ns0:surname></ns0:persName>
		</ns0:author>
		<ns0:author>
			<ns0:persName><ns0:forename type="first">A</ns0:forename><ns0:surname>Hamvas</ns0:surname></ns0:persName>
		</ns0:author>
		<ns0:author>
			<ns0:persName><ns0:forename type="first">A</ns0:forename><ns0:forename type="middle">S</ns0:forename><ns0:surname>Paller</ns0:surname></ns0:persName>
		</ns0:author>
		<ns0:author>
			<ns0:persName><ns0:forename type="first">D</ns0:forename><ns0:forename type="middle">E</ns0:forename><ns0:surname>Weese-Mayer</ns0:surname></ns0:persName>
		</ns0:author>
		<ns0:author>
			<ns0:persName><ns0:forename type="first">J</ns0:forename><ns0:forename type="middle">Y</ns0:forename><ns0:surname>Lee</ns0:surname></ns0:persName>
		</ns0:author>
		<ns0:author>
			<ns0:persName><ns0:surname>Rogers</ns0:surname></ns0:persName>
		</ns0:author>
		<ns0:idno type="DOI">10.1038/s41591-020-0792-9</ns0:idno>
	</ns0:analytic>
	<ns0:monogr>
		<ns0:title level="j">J. A. Nat. Med</ns0:title>
		<ns0:imprint>
			<ns0:biblScope unit="volume">26</ns0:biblScope>
			<ns0:biblScope unit="page" from="418" to="429" />
			<ns0:date type="published" when="2020">2020</ns0:date>
		</ns0:imprint>
	</ns0:monogr>
</ns0:biblStruct>

<ns0:biblStruct xml:id="b29">
	<ns0:analytic>
		<ns0:title />
		<ns0:author>
			<ns0:persName><ns0:forename type="first">W</ns0:forename><ns0:surname>Guo</ns0:surname></ns0:persName>
		</ns0:author>
		<ns0:author>
			<ns0:persName><ns0:forename type="first">J</ns0:forename><ns0:surname>Hansson</ns0:surname></ns0:persName>
		</ns0:author>
		<ns0:author>
			<ns0:persName><ns0:forename type="first">W</ns0:forename><ns0:surname>Van Der Wijngaart</ns0:surname></ns0:persName>
		</ns0:author>
		<ns0:author>
			<ns0:persName><ns0:surname>Microsyst</ns0:surname></ns0:persName>
		</ns0:author>
		<ns0:idno type="DOI">10.1038/s41378-018-0002-9</ns0:idno>
	</ns0:analytic>
	<ns0:monogr>
		<ns0:title level="j">Nanoeng</ns0:title>
		<ns0:imprint>
			<ns0:date type="published" when="2018">2018, 4, 2</ns0:date>
		</ns0:imprint>
	</ns0:monogr>
</ns0:biblStruct>

<ns0:biblStruct xml:id="b30">
	<ns0:analytic>
		<ns0:title />
		<ns0:author>
			<ns0:persName><ns0:forename type="first">F</ns0:forename><ns0:surname>Dal Dosso</ns0:surname></ns0:persName>
		</ns0:author>
		<ns0:author>
			<ns0:persName><ns0:forename type="first">Y</ns0:forename><ns0:surname>Bondarenko</ns0:surname></ns0:persName>
		</ns0:author>
		<ns0:author>
			<ns0:persName><ns0:forename type="first">T</ns0:forename><ns0:surname>Kokalj</ns0:surname></ns0:persName>
		</ns0:author>
		<ns0:author>
			<ns0:persName><ns0:surname>Lammertyn</ns0:surname></ns0:persName>
		</ns0:author>
		<ns0:idno type="DOI">10.1016/j.sna.2019.01.005</ns0:idno>
	</ns0:analytic>
	<ns0:monogr>
		<ns0:title level="j">J. Sens. Actuators, A</ns0:title>
		<ns0:imprint>
			<ns0:biblScope unit="volume">287</ns0:biblScope>
			<ns0:biblScope unit="page" from="131" to="137" />
			<ns0:date type="published" when="2019">2019</ns0:date>
		</ns0:imprint>
	</ns0:monogr>
</ns0:biblStruct>

<ns0:biblStruct xml:id="b31">
	<ns0:analytic>
		<ns0:title />
		<ns0:author>
			<ns0:persName><ns0:forename type="first">T</ns0:forename><ns0:forename type="middle">D</ns0:forename><ns0:surname>Wheeler</ns0:surname></ns0:persName>
		</ns0:author>
		<ns0:author>
			<ns0:persName><ns0:forename type="first">A</ns0:forename><ns0:forename type="middle">D</ns0:forename><ns0:surname>Stroock</ns0:surname></ns0:persName>
		</ns0:author>
		<ns0:idno type="DOI">10.1038/nature07226</ns0:idno>
	</ns0:analytic>
	<ns0:monogr>
		<ns0:title level="j">Nature</ns0:title>
		<ns0:imprint>
			<ns0:biblScope unit="volume">455</ns0:biblScope>
			<ns0:biblScope unit="page">208</ns0:biblScope>
			<ns0:date type="published" when="2008">2008</ns0:date>
		</ns0:imprint>
	</ns0:monogr>
</ns0:biblStruct>

<ns0:biblStruct xml:id="b32">
	<ns0:analytic>
		<ns0:title />
		<ns0:author>
			<ns0:persName><ns0:forename type="first">J.-M</ns0:forename><ns0:surname>Li</ns0:surname></ns0:persName>
		</ns0:author>
		<ns0:author>
			<ns0:persName><ns0:forename type="first">C</ns0:forename><ns0:surname>Liu</ns0:surname></ns0:persName>
		</ns0:author>
		<ns0:author>
			<ns0:persName><ns0:forename type="first">Z</ns0:forename><ns0:surname>Xu</ns0:surname></ns0:persName>
		</ns0:author>
		<ns0:author>
			<ns0:persName><ns0:forename type="first">K</ns0:forename><ns0:surname>Zhang</ns0:surname></ns0:persName>
		</ns0:author>
		<ns0:author>
			<ns0:persName><ns0:forename type="first">X</ns0:forename><ns0:surname>-P.; Ke</ns0:surname></ns0:persName>
		</ns0:author>
		<ns0:author>
			<ns0:persName><ns0:forename type="first">C.-Y</ns0:forename><ns0:surname>Li</ns0:surname></ns0:persName>
		</ns0:author>
		<ns0:author>
			<ns0:persName><ns0:forename type="first">L.-D</ns0:forename><ns0:surname>Wang</ns0:surname></ns0:persName>
		</ns0:author>
		<ns0:idno type="DOI">10.1039/c1lc20313d</ns0:idno>
	</ns0:analytic>
	<ns0:monogr>
		<ns0:title level="j">Lab Chip</ns0:title>
		<ns0:imprint>
			<ns0:biblScope unit="volume">11</ns0:biblScope>
			<ns0:biblScope unit="page" from="2785" to="2789" />
			<ns0:date type="published" when="2011">2011</ns0:date>
		</ns0:imprint>
	</ns0:monogr>
</ns0:biblStruct>

<ns0:biblStruct xml:id="b33">
	<ns0:analytic>
		<ns0:title />
		<ns0:author>
			<ns0:persName><ns0:forename type="first">C</ns0:forename><ns0:forename type="middle">S</ns0:forename><ns0:surname>Effenhauser</ns0:surname></ns0:persName>
		</ns0:author>
		<ns0:author>
			<ns0:persName><ns0:forename type="first">H</ns0:forename><ns0:surname>Harttig</ns0:surname></ns0:persName>
		</ns0:author>
		<ns0:author>
			<ns0:persName><ns0:forename type="first">P</ns0:forename><ns0:surname>Kramer</ns0:surname></ns0:persName>
		</ns0:author>
		<ns0:idno type="DOI">10.1023/A:1014215728074</ns0:idno>
	</ns0:analytic>
	<ns0:monogr>
		<ns0:title level="j">Biomed. Microdevices</ns0:title>
		<ns0:imprint>
			<ns0:biblScope unit="volume">4</ns0:biblScope>
			<ns0:biblScope unit="page" from="27" to="32" />
			<ns0:date type="published" when="2002">2002</ns0:date>
		</ns0:imprint>
	</ns0:monogr>
</ns0:biblStruct>

<ns0:biblStruct xml:id="b34">
	<ns0:analytic>
		<ns0:title />
		<ns0:author>
			<ns0:persName><ns0:forename type="first">N</ns0:forename><ns0:forename type="middle">S</ns0:forename><ns0:surname>Lynn</ns0:surname></ns0:persName>
		</ns0:author>
		<ns0:author>
			<ns0:persName><ns0:forename type="first">D</ns0:forename><ns0:forename type="middle">S</ns0:forename><ns0:surname>Dandy</ns0:surname></ns0:persName>
		</ns0:author>
		<ns0:idno type="DOI">10.1039/b912213c</ns0:idno>
	</ns0:analytic>
	<ns0:monogr>
		<ns0:title level="j">Lab Chip</ns0:title>
		<ns0:imprint>
			<ns0:biblScope unit="volume">9</ns0:biblScope>
			<ns0:biblScope unit="page" from="3422" to="3429" />
			<ns0:date type="published" when="2009">2009</ns0:date>
		</ns0:imprint>
	</ns0:monogr>
</ns0:biblStruct>

<ns0:biblStruct xml:id="b35">
	<ns0:analytic>
		<ns0:title />
		<ns0:author>
			<ns0:persName><ns0:forename type="first">C</ns0:forename><ns0:surname>Nie</ns0:surname></ns0:persName>
		</ns0:author>
		<ns0:author>
			<ns0:persName><ns0:forename type="first">A</ns0:forename><ns0:forename type="middle">J H</ns0:forename><ns0:surname>Frijns</ns0:surname></ns0:persName>
		</ns0:author>
		<ns0:author>
			<ns0:persName><ns0:forename type="first">R</ns0:forename><ns0:surname>Mandamparambil</ns0:surname></ns0:persName>
		</ns0:author>
		<ns0:author>
			<ns0:persName><ns0:surname>Den Toonder</ns0:surname></ns0:persName>
		</ns0:author>
		<ns0:idno type="DOI">10.1007/s10544-015-9948-7</ns0:idno>
	</ns0:analytic>
	<ns0:monogr>
		<ns0:title level="j">J. M. J. Biomed. Microdevices</ns0:title>
		<ns0:imprint>
			<ns0:biblScope unit="volume">17</ns0:biblScope>
			<ns0:biblScope unit="page">47</ns0:biblScope>
			<ns0:date type="published" when="2015">2015</ns0:date>
		</ns0:imprint>
	</ns0:monogr>
</ns0:biblStruct>

<ns0:biblStruct xml:id="b36">
	<ns0:analytic>
		<ns0:title />
		<ns0:author>
			<ns0:persName><ns0:forename type="first">M</ns0:forename><ns0:surname>Zimmermann</ns0:surname></ns0:persName>
		</ns0:author>
		<ns0:author>
			<ns0:persName><ns0:forename type="first">S</ns0:forename><ns0:surname>Bentley</ns0:surname></ns0:persName>
		</ns0:author>
		<ns0:author>
			<ns0:persName><ns0:forename type="first">H</ns0:forename><ns0:surname>Schmid</ns0:surname></ns0:persName>
		</ns0:author>
		<ns0:author>
			<ns0:persName><ns0:forename type="first">P</ns0:forename><ns0:surname>Hunziker</ns0:surname></ns0:persName>
		</ns0:author>
		<ns0:author>
			<ns0:persName><ns0:forename type="first">E</ns0:forename><ns0:surname>Delamarche</ns0:surname></ns0:persName>
		</ns0:author>
		<ns0:idno type="DOI">10.1039/b510044e</ns0:idno>
	</ns0:analytic>
	<ns0:monogr>
		<ns0:title level="j">Lab Chip</ns0:title>
		<ns0:imprint>
			<ns0:biblScope unit="volume">5</ns0:biblScope>
			<ns0:biblScope unit="page" from="1355" to="1359" />
			<ns0:date type="published" when="2005">2005</ns0:date>
		</ns0:imprint>
	</ns0:monogr>
</ns0:biblStruct>

<ns0:biblStruct xml:id="b37">
	<ns0:analytic>
		<ns0:title />
		<ns0:author>
			<ns0:persName><ns0:forename type="first">Y.-X</ns0:forename><ns0:surname>Guan</ns0:surname></ns0:persName>
		</ns0:author>
		<ns0:author>
			<ns0:persName><ns0:forename type="first">Z.-R</ns0:forename><ns0:surname>Xu</ns0:surname></ns0:persName>
		</ns0:author>
		<ns0:author>
			<ns0:persName><ns0:forename type="first">J</ns0:forename><ns0:surname>Dai</ns0:surname></ns0:persName>
		</ns0:author>
		<ns0:author>
			<ns0:persName><ns0:forename type="first">Z.-L</ns0:forename><ns0:surname>Fang</ns0:surname></ns0:persName>
		</ns0:author>
		<ns0:idno type="DOI">10.1016/j.talanta.2005.08.021</ns0:idno>
	</ns0:analytic>
	<ns0:monogr>
		<ns0:title level="j">Talanta</ns0:title>
		<ns0:imprint>
			<ns0:biblScope unit="volume">68</ns0:biblScope>
			<ns0:biblScope unit="page" from="1384" to="1389" />
			<ns0:date type="published" when="2006">2006</ns0:date>
		</ns0:imprint>
	</ns0:monogr>
</ns0:biblStruct>

<ns0:biblStruct xml:id="b38">
	<ns0:analytic>
		<ns0:title />
		<ns0:author>
			<ns0:persName><ns0:forename type="first">N</ns0:forename><ns0:surname>Goedecke</ns0:surname></ns0:persName>
		</ns0:author>
		<ns0:author>
			<ns0:persName><ns0:forename type="first">J</ns0:forename><ns0:surname>Eijkel</ns0:surname></ns0:persName>
		</ns0:author>
		<ns0:author>
			<ns0:persName><ns0:forename type="first">A</ns0:forename><ns0:surname>Manz</ns0:surname></ns0:persName>
		</ns0:author>
		<ns0:idno type="DOI">10.1039/b208031c</ns0:idno>
	</ns0:analytic>
	<ns0:monogr>
		<ns0:title level="j">Lab Chip</ns0:title>
		<ns0:imprint>
			<ns0:biblScope unit="volume">2</ns0:biblScope>
			<ns0:biblScope unit="page" from="219" to="223" />
			<ns0:date type="published" when="2002">2002</ns0:date>
		</ns0:imprint>
	</ns0:monogr>
</ns0:biblStruct>

<ns0:biblStruct xml:id="b39">
	<ns0:analytic>
		<ns0:title />
		<ns0:author>
			<ns0:persName><ns0:forename type="first">V</ns0:forename><ns0:surname>Namasivayam</ns0:surname></ns0:persName>
		</ns0:author>
		<ns0:author>
			<ns0:persName><ns0:forename type="first">R</ns0:forename><ns0:forename type="middle">G</ns0:forename><ns0:surname>Larson</ns0:surname></ns0:persName>
		</ns0:author>
		<ns0:author>
			<ns0:persName><ns0:forename type="first">D</ns0:forename><ns0:forename type="middle">T</ns0:forename><ns0:surname>Burke</ns0:surname></ns0:persName>
		</ns0:author>
		<ns0:author>
			<ns0:persName><ns0:forename type="first">M</ns0:forename><ns0:forename type="middle">A</ns0:forename><ns0:surname>Burns</ns0:surname></ns0:persName>
		</ns0:author>
		<ns0:idno type="DOI">10.1088/0960-1317/13/2/314</ns0:idno>
	</ns0:analytic>
	<ns0:monogr>
		<ns0:title level="j">J. Micromech. Microeng</ns0:title>
		<ns0:imprint>
			<ns0:biblScope unit="volume">13</ns0:biblScope>
			<ns0:biblScope unit="page" from="261" to="271" />
			<ns0:date type="published" when="2003">2003</ns0:date>
		</ns0:imprint>
	</ns0:monogr>
</ns0:biblStruct>

<ns0:biblStruct xml:id="b40">
	<ns0:analytic>
		<ns0:title />
		<ns0:author>
			<ns0:persName><ns0:forename type="first">Z.-R</ns0:forename><ns0:surname>Xu</ns0:surname></ns0:persName>
		</ns0:author>
		<ns0:author>
			<ns0:persName><ns0:forename type="first">C.-H</ns0:forename><ns0:surname>Zhong</ns0:surname></ns0:persName>
		</ns0:author>
		<ns0:author>
			<ns0:persName><ns0:forename type="first">Y.-X</ns0:forename><ns0:surname>Guan</ns0:surname></ns0:persName>
		</ns0:author>
		<ns0:author>
			<ns0:persName><ns0:forename type="first">X.-W</ns0:forename><ns0:surname>Chen</ns0:surname></ns0:persName>
		</ns0:author>
		<ns0:author>
			<ns0:persName><ns0:forename type="first">J.-H</ns0:forename><ns0:surname>Wang</ns0:surname></ns0:persName>
		</ns0:author>
		<ns0:author>
			<ns0:persName><ns0:surname>Fang</ns0:surname></ns0:persName>
		</ns0:author>
		<ns0:idno type="DOI">10.1039/b805774e</ns0:idno>
	</ns0:analytic>
	<ns0:monogr>
		<ns0:title level="j">Z.-L. Lab Chip</ns0:title>
		<ns0:imprint>
			<ns0:biblScope unit="volume">8</ns0:biblScope>
			<ns0:biblScope unit="page" from="1658" to="1663" />
			<ns0:date type="published" when="2008">2008</ns0:date>
		</ns0:imprint>
	</ns0:monogr>
</ns0:biblStruct>

<ns0:biblStruct xml:id="b41">
	<ns0:monogr>
		<ns0:title />
		<ns0:author>
			<ns0:persName><ns0:forename type="first">J</ns0:forename><ns0:forename type="middle">M</ns0:forename><ns0:surname>Li</ns0:surname></ns0:persName>
		</ns0:author>
		<ns0:author>
			<ns0:persName><ns0:forename type="first">C</ns0:forename><ns0:surname>Liu</ns0:surname></ns0:persName>
		</ns0:author>
		<ns0:author>
			<ns0:persName><ns0:forename type="first">K</ns0:forename><ns0:forename type="middle">P</ns0:forename><ns0:surname>Zhang</ns0:surname></ns0:persName>
		</ns0:author>
		<ns0:author>
			<ns0:persName><ns0:forename type="first">X</ns0:forename><ns0:surname>Ke</ns0:surname></ns0:persName>
		</ns0:author>
		<ns0:author>
			<ns0:persName><ns0:forename type="first">Z</ns0:forename><ns0:surname>Xu</ns0:surname></ns0:persName>
		</ns0:author>
		<ns0:author>
			<ns0:persName><ns0:forename type="first">C</ns0:forename><ns0:forename type="middle">Y</ns0:forename><ns0:surname>Li</ns0:surname></ns0:persName>
		</ns0:author>
		<ns0:author>
			<ns0:persName><ns0:forename type="first">L</ns0:forename><ns0:forename type="middle">D</ns0:forename><ns0:surname>Wang</ns0:surname></ns0:persName>
		</ns0:author>
		<ns0:author>
			<ns0:persName><ns0:surname>Microfluid</ns0:surname></ns0:persName>
		</ns0:author>
		<ns0:author>
			<ns0:persName><ns0:surname>Nanofluid</ns0:surname></ns0:persName>
		</ns0:author>
		<ns0:idno type="DOI">10.1007/s10404-011-0837-y</ns0:idno>
		<ns0:imprint>
			<ns0:date type="published" when="2011">2011</ns0:date>
			<ns0:biblScope unit="volume">11</ns0:biblScope>
			<ns0:biblScope unit="page" from="717" to="724" />
		</ns0:imprint>
	</ns0:monogr>
</ns0:biblStruct>

<ns0:biblStruct xml:id="b42">
	<ns0:analytic>
		<ns0:title />
		<ns0:author>
			<ns0:persName><ns0:forename type="first">L</ns0:forename><ns0:surname>Jingmin</ns0:surname></ns0:persName>
		</ns0:author>
		<ns0:author>
			<ns0:persName><ns0:forename type="first">L</ns0:forename><ns0:surname>Chong</ns0:surname></ns0:persName>
		</ns0:author>
		<ns0:author>
			<ns0:persName><ns0:forename type="first">X</ns0:forename><ns0:surname>Zheng</ns0:surname></ns0:persName>
		</ns0:author>
		<ns0:author>
			<ns0:persName><ns0:forename type="first">Z</ns0:forename><ns0:surname>Kaiping</ns0:surname></ns0:persName>
		</ns0:author>
		<ns0:author>
			<ns0:persName><ns0:forename type="first">K</ns0:forename><ns0:surname>Xue</ns0:surname></ns0:persName>
		</ns0:author>
		<ns0:author>
			<ns0:persName><ns0:forename type="first">W</ns0:forename><ns0:surname>Liding</ns0:surname></ns0:persName>
		</ns0:author>
		<ns0:idno type="DOI">10.1371/journal.pone.0050320</ns0:idno>
	</ns0:analytic>
	<ns0:monogr>
		<ns0:title level="j">PLoS One</ns0:title>
		<ns0:imprint>
			<ns0:biblScope unit="volume">7</ns0:biblScope>
			<ns0:date type="published" when="2012">2012</ns0:date>
		</ns0:imprint>
	</ns0:monogr>
	<ns0:note>No. e50320</ns0:note>
</ns0:biblStruct>

<ns0:biblStruct xml:id="b43">
	<ns0:analytic>
		<ns0:title />
		<ns0:author>
			<ns0:persName><ns0:forename type="first">F</ns0:forename><ns0:forename type="middle">H</ns0:forename><ns0:surname>Kriel</ns0:surname></ns0:persName>
		</ns0:author>
		<ns0:author>
			<ns0:persName><ns0:forename type="first">C</ns0:forename><ns0:surname>Priest</ns0:surname></ns0:persName>
		</ns0:author>
		<ns0:idno type="DOI">10.2116/analsci.32.103</ns0:idno>
	</ns0:analytic>
	<ns0:monogr>
		<ns0:title level="j">Anal. Sci</ns0:title>
		<ns0:imprint>
			<ns0:biblScope unit="volume">32</ns0:biblScope>
			<ns0:biblScope unit="page">103</ns0:biblScope>
			<ns0:date type="published" when="2016">2016</ns0:date>
		</ns0:imprint>
	</ns0:monogr>
</ns0:biblStruct>

<ns0:biblStruct xml:id="b44">
	<ns0:analytic>
		<ns0:title />
		<ns0:author>
			<ns0:persName><ns0:forename type="first">G</ns0:forename><ns0:surname>Holzner</ns0:surname></ns0:persName>
		</ns0:author>
		<ns0:author>
			<ns0:persName><ns0:forename type="first">F</ns0:forename><ns0:forename type="middle">H</ns0:forename><ns0:surname>Kriel</ns0:surname></ns0:persName>
		</ns0:author>
		<ns0:author>
			<ns0:persName><ns0:forename type="first">C</ns0:forename><ns0:surname>Priest</ns0:surname></ns0:persName>
		</ns0:author>
		<ns0:idno type="DOI">10.1021/acs.analchem.5b00860</ns0:idno>
	</ns0:analytic>
	<ns0:monogr>
		<ns0:title level="j">Anal. Chem</ns0:title>
		<ns0:imprint>
			<ns0:biblScope unit="volume">87</ns0:biblScope>
			<ns0:biblScope unit="page" from="4757" to="4764" />
			<ns0:date type="published" when="2015">2015</ns0:date>
		</ns0:imprint>
	</ns0:monogr>
</ns0:biblStruct>

<ns0:biblStruct xml:id="b45">
	<ns0:monogr>
		<ns0:title />
		<ns0:author>
			<ns0:persName><ns0:forename type="first">G</ns0:forename><ns0:surname>Holzner</ns0:surname></ns0:persName>
		</ns0:author>
		<ns0:author>
			<ns0:persName><ns0:forename type="first">C</ns0:forename><ns0:surname>Binder</ns0:surname></ns0:persName>
		</ns0:author>
		<ns0:author>
			<ns0:persName><ns0:forename type="first">F</ns0:forename><ns0:forename type="middle">H</ns0:forename><ns0:surname>Kriel</ns0:surname></ns0:persName>
		</ns0:author>
		<ns0:author>
			<ns0:persName><ns0:forename type="first">C</ns0:forename><ns0:surname>Priest</ns0:surname></ns0:persName>
		</ns0:author>
		<ns0:author>
			<ns0:persName><ns0:surname>Langmuir</ns0:surname></ns0:persName>
		</ns0:author>
		<ns0:idno type="DOI">10.1021/acs.langmuir.6b04026</ns0:idno>
		<ns0:imprint>
			<ns0:date type="published" when="2017">2017</ns0:date>
			<ns0:biblScope unit="volume">33</ns0:biblScope>
			<ns0:biblScope unit="page" from="1547" to="1551" />
		</ns0:imprint>
	</ns0:monogr>
</ns0:biblStruct>

<ns0:biblStruct xml:id="b46">
	<ns0:analytic>
		<ns0:title />
		<ns0:author>
			<ns0:persName><ns0:forename type="first">C</ns0:forename><ns0:surname>Semprebon</ns0:surname></ns0:persName>
		</ns0:author>
		<ns0:author>
			<ns0:persName><ns0:forename type="first">P</ns0:forename><ns0:surname>Forsberg</ns0:surname></ns0:persName>
		</ns0:author>
		<ns0:author>
			<ns0:persName><ns0:forename type="first">C</ns0:forename><ns0:surname>Priest</ns0:surname></ns0:persName>
		</ns0:author>
		<ns0:author>
			<ns0:persName><ns0:forename type="first">M</ns0:forename><ns0:surname>Brinkmann</ns0:surname></ns0:persName>
		</ns0:author>
		<ns0:idno type="DOI">10.1039/C4SM00684D</ns0:idno>
	</ns0:analytic>
	<ns0:monogr>
		<ns0:title level="j">Soft Matter</ns0:title>
		<ns0:imprint>
			<ns0:biblScope unit="volume">10</ns0:biblScope>
			<ns0:biblScope unit="page" from="5739" to="5748" />
			<ns0:date type="published" when="2014">2014</ns0:date>
		</ns0:imprint>
	</ns0:monogr>
</ns0:biblStruct>

<ns0:biblStruct xml:id="b47">
	<ns0:monogr>
		<ns0:title level="m" type="main">Handbook of Chemistry and Physics</ns0:title>
		<ns0:author>
			<ns0:persName><ns0:forename type="first">D</ns0:forename><ns0:forename type="middle">R</ns0:forename><ns0:surname>Lide</ns0:surname></ns0:persName>
		</ns0:author>
		<ns0:imprint>
			<ns0:date type="published" when="2005">2005</ns0:date>
			<ns0:publisher>CRC Press</ns0:publisher>
			<ns0:biblScope unit="volume">88</ns0:biblScope>
			<ns0:pubPlace>Boca Raton, FL</ns0:pubPlace>
		</ns0:imprint>
	</ns0:monogr>
</ns0:biblStruct>

<ns0:biblStruct xml:id="b48">
	<ns0:analytic>
		<ns0:title />
		<ns0:author>
			<ns0:persName><ns0:forename type="first">M</ns0:forename><ns0:forename type="middle">G</ns0:forename><ns0:surname>Bulmer</ns0:surname></ns0:persName>
		</ns0:author>
		<ns0:author>
			<ns0:persName><ns0:forename type="first">G</ns0:forename><ns0:forename type="middle">D</ns0:forename><ns0:surname>Forwell</ns0:surname></ns0:persName>
		</ns0:author>
		<ns0:idno type="DOI">10.1113/jphysiol.1956.sp005506</ns0:idno>
	</ns0:analytic>
	<ns0:monogr>
		<ns0:title level="j">J. Physiol</ns0:title>
		<ns0:imprint>
			<ns0:biblScope unit="volume">132</ns0:biblScope>
			<ns0:biblScope unit="page" from="115" to="122" />
			<ns0:date type="published" when="1956">1956</ns0:date>
		</ns0:imprint>
	</ns0:monogr>
</ns0:biblStruct>

<ns0:biblStruct xml:id="b49">
	<ns0:analytic>
		<ns0:title />
		<ns0:author>
			<ns0:persName><ns0:forename type="first">Y</ns0:forename><ns0:surname>Moroi</ns0:surname></ns0:persName>
		</ns0:author>
		<ns0:author>
			<ns0:persName><ns0:forename type="first">R</ns0:forename><ns0:surname>Sugii</ns0:surname></ns0:persName>
		</ns0:author>
		<ns0:author>
			<ns0:persName><ns0:forename type="first">R</ns0:forename><ns0:surname>Matuura</ns0:surname></ns0:persName>
		</ns0:author>
		<ns0:idno type="DOI">10.1016/0021-9797(84)90493-4</ns0:idno>
	</ns0:analytic>
	<ns0:monogr>
		<ns0:title level="j">J. Colloid Interface Sci</ns0:title>
		<ns0:imprint>
			<ns0:biblScope unit="volume">98</ns0:biblScope>
			<ns0:biblScope unit="page" from="184" to="191" />
			<ns0:date type="published" when="1984">1984</ns0:date>
		</ns0:imprint>
	</ns0:monogr>
</ns0:biblStruct>

<ns0:biblStruct xml:id="b50">
	<ns0:analytic>
		<ns0:title />
		<ns0:author>
			<ns0:persName><ns0:forename type="first">P</ns0:forename><ns0:forename type="middle">J F</ns0:forename><ns0:surname>Rantonen</ns0:surname></ns0:persName>
		</ns0:author>
		<ns0:author>
			<ns0:persName><ns0:forename type="first">J</ns0:forename><ns0:forename type="middle">H</ns0:forename><ns0:surname>Meurman</ns0:surname></ns0:persName>
		</ns0:author>
		<ns0:idno type="DOI">10.1080/00016359850142817</ns0:idno>
	</ns0:analytic>
	<ns0:monogr>
		<ns0:title level="j">Acta Odontol. Scand</ns0:title>
		<ns0:imprint>
			<ns0:biblScope unit="volume">56</ns0:biblScope>
			<ns0:biblScope unit="page" from="210" to="214" />
			<ns0:date type="published" when="2009">2009</ns0:date>
		</ns0:imprint>
	</ns0:monogr>
</ns0:biblStruct>

<ns0:biblStruct xml:id="b51">
	<ns0:monogr>
		<ns0:title level="m" type="main">Oral Surg., Oral Med., Oral Pathol. 1951</ns0:title>
		<ns0:author>
			<ns0:persName><ns0:forename type="first">Y</ns0:forename><ns0:surname>Ericsson</ns0:surname></ns0:persName>
		</ns0:author>
		<ns0:author>
			<ns0:persName><ns0:forename type="first">L</ns0:forename><ns0:surname>Stjernstrom</ns0:surname></ns0:persName>
		</ns0:author>
		<ns0:idno type="DOI">10.1016/0030-4220(51)90148-X</ns0:idno>
		<ns0:imprint>
			<ns0:biblScope unit="volume">4</ns0:biblScope>
			<ns0:biblScope unit="page" from="1465" to="1474" />
		</ns0:imprint>
	</ns0:monogr>
</ns0:biblStruct>

<ns0:biblStruct xml:id="b52">
	<ns0:analytic>
		<ns0:title />
		<ns0:author>
			<ns0:persName><ns0:forename type="first">R</ns0:forename><ns0:forename type="middle">F</ns0:forename><ns0:surname>Vining</ns0:surname></ns0:persName>
		</ns0:author>
		<ns0:author>
			<ns0:persName><ns0:forename type="first">R</ns0:forename><ns0:forename type="middle">A</ns0:forename><ns0:surname>Mcginley</ns0:surname></ns0:persName>
		</ns0:author>
		<ns0:author>
			<ns0:persName><ns0:forename type="first">R</ns0:forename><ns0:forename type="middle">G</ns0:forename><ns0:surname>Symons</ns0:surname></ns0:persName>
		</ns0:author>
		<ns0:idno type="DOI">10.1093/clinchem/29.10.1752</ns0:idno>
	</ns0:analytic>
	<ns0:monogr>
		<ns0:title level="j">Clin. Chem</ns0:title>
		<ns0:imprint>
			<ns0:biblScope unit="volume">29</ns0:biblScope>
			<ns0:biblScope unit="page" from="1752" to="1756" />
			<ns0:date type="published" when="1983">1983</ns0:date>
		</ns0:imprint>
	</ns0:monogr>
</ns0:biblStruct>

<ns0:biblStruct xml:id="b53">
	<ns0:analytic>
		<ns0:title />
		<ns0:author>
			<ns0:persName><ns0:forename type="first">H</ns0:forename><ns0:surname>Marcotte</ns0:surname></ns0:persName>
		</ns0:author>
		<ns0:author>
			<ns0:persName><ns0:forename type="first">M</ns0:forename><ns0:forename type="middle">C</ns0:forename><ns0:surname>Lavoie</ns0:surname></ns0:persName>
		</ns0:author>
		<ns0:author>
			<ns0:persName><ns0:surname>Microbiol</ns0:surname></ns0:persName>
		</ns0:author>
		<ns0:idno type="DOI">10.1128/MMBR.62.1.71-109.1998</ns0:idno>
	</ns0:analytic>
	<ns0:monogr>
		<ns0:title level="j">Mol. Biol. Rev</ns0:title>
		<ns0:imprint>
			<ns0:biblScope unit="volume">62</ns0:biblScope>
			<ns0:biblScope unit="page" from="71" to="109" />
			<ns0:date type="published" when="1998">1998</ns0:date>
		</ns0:imprint>
	</ns0:monogr>
</ns0:biblStruct>

<ns0:biblStruct xml:id="b54">
	<ns0:analytic>
		<ns0:title />
		<ns0:author>
			<ns0:persName><ns0:forename type="first">H</ns0:forename><ns0:forename type="middle">E</ns0:forename><ns0:surname>Bent</ns0:surname></ns0:persName>
		</ns0:author>
		<ns0:author>
			<ns0:persName><ns0:forename type="first">C</ns0:forename><ns0:forename type="middle">L</ns0:forename><ns0:surname>French</ns0:surname></ns0:persName>
		</ns0:author>
		<ns0:idno type="DOI">10.1021/ja01847a059</ns0:idno>
	</ns0:analytic>
	<ns0:monogr>
		<ns0:title level="j">J. Am. Chem. Soc</ns0:title>
		<ns0:imprint>
			<ns0:biblScope unit="volume">63</ns0:biblScope>
			<ns0:biblScope unit="page" from="568" to="572" />
			<ns0:date type="published" when="1941">1941</ns0:date>
		</ns0:imprint>
	</ns0:monogr>
</ns0:biblStruct>

				</ns0:listBibl>
			</ns0:div>
		</ns0:back>
	</ns0:text>
</ns0:TEI>