<ns0:TEI xmlns:ns0="http://www.tei-c.org/ns/1.0" xmlns:xsi="http://www.w3.org/2001/XMLSchema-instance" xml:space="preserve" xsi:schemaLocation="http://www.tei-c.org/ns/1.0 https://raw.githubusercontent.com/kermitt2/grobid/master/grobid-home/schemas/xsd/Grobid.xsd">
	<ns0:teiHeader xml:lang="en">
		<ns0:fileDesc>
			<ns0:titleStmt>
				<ns0:title level="a" type="main">Finding Hidden Signals in Chemical Sensors Using Deep Learning</ns0:title>
			</ns0:titleStmt>
			<ns0:publicationStmt>
				<ns0:publisher />
				<ns0:availability status="unknown"><ns0:licence /></ns0:availability>
			</ns0:publicationStmt>
			<ns0:sourceDesc>
				<ns0:biblStruct>
					<ns0:analytic>
						<ns0:author>
							<ns0:persName><ns0:forename type="first">Soo-Yeon</ns0:forename><ns0:surname>Cho</ns0:surname></ns0:persName>
							<ns0:affiliation key="aff0">
								<ns0:orgName type="department" key="dep1">Department of Chemical and Biomolecular Engineering (BK-21 Plus)</ns0:orgName>
								<ns0:orgName type="department" key="dep2">Advanced Institute of Science and Technology (KAIST)</ns0:orgName>
								<ns0:address>
									<ns0:addrLine>Daehak-ro 291, Yuseong-gu</ns0:addrLine>
									<ns0:postCode>34141</ns0:postCode>
									<ns0:settlement>Daejeon</ns0:settlement>
									<ns0:country>Korea, Republic of Korea</ns0:country>
								</ns0:address>
							</ns0:affiliation>
							<ns0:affiliation key="aff1">
								<ns0:orgName type="institution" key="instit1">KAIST Institute for NanoCentury</ns0:orgName>
								<ns0:orgName type="institution" key="instit2">Korea Advanced Institute of Science and Technology (KAIST)</ns0:orgName>
								<ns0:address>
									<ns0:addrLine>Daehak-ro 291, Yuseong-gu</ns0:addrLine>
									<ns0:postCode>34141</ns0:postCode>
									<ns0:settlement>Daejeon</ns0:settlement>
									<ns0:country key="KR">Republic of Korea</ns0:country>
								</ns0:address>
							</ns0:affiliation>
							<ns0:affiliation key="aff2">
								<ns0:orgName type="department">Department of Chemical Engineering</ns0:orgName>
								<ns0:orgName type="institution">Massachusetts Institute of Technology</ns0:orgName>
								<ns0:address>
									<ns0:addrLine>77 Massachusetts Avenue</ns0:addrLine>
									<ns0:settlement>Cambridge</ns0:settlement>
									<ns0:region>MA</ns0:region>
									<ns0:country key="US">USA</ns0:country>
								</ns0:address>
							</ns0:affiliation>
						</ns0:author>
						<ns0:author>
							<ns0:persName><ns0:roleName>&#8225;,#, &#12326;</ns0:roleName><ns0:forename type="first">Youhan</ns0:forename><ns0:surname>Lee</ns0:surname></ns0:persName>
							<ns0:affiliation key="aff0">
								<ns0:orgName type="department" key="dep1">Department of Chemical and Biomolecular Engineering (BK-21 Plus)</ns0:orgName>
								<ns0:orgName type="department" key="dep2">Advanced Institute of Science and Technology (KAIST)</ns0:orgName>
								<ns0:address>
									<ns0:addrLine>Daehak-ro 291, Yuseong-gu</ns0:addrLine>
									<ns0:postCode>34141</ns0:postCode>
									<ns0:settlement>Daejeon</ns0:settlement>
									<ns0:country>Korea, Republic of Korea</ns0:country>
								</ns0:address>
							</ns0:affiliation>
							<ns0:affiliation key="aff1">
								<ns0:orgName type="institution" key="instit1">KAIST Institute for NanoCentury</ns0:orgName>
								<ns0:orgName type="institution" key="instit2">Korea Advanced Institute of Science and Technology (KAIST)</ns0:orgName>
								<ns0:address>
									<ns0:addrLine>Daehak-ro 291, Yuseong-gu</ns0:addrLine>
									<ns0:postCode>34141</ns0:postCode>
									<ns0:settlement>Daejeon</ns0:settlement>
									<ns0:country key="KR">Republic of Korea</ns0:country>
								</ns0:address>
							</ns0:affiliation>
						</ns0:author>
						<ns0:author>
							<ns0:persName><ns0:forename type="first">Sangwon</ns0:forename><ns0:surname>Lee</ns0:surname></ns0:persName>
						</ns0:author>
						<ns0:author>
							<ns0:persName><ns0:forename type="first">Hohyung</ns0:forename><ns0:surname>Kang</ns0:surname></ns0:persName>
							<ns0:affiliation key="aff0">
								<ns0:orgName type="department" key="dep1">Department of Chemical and Biomolecular Engineering (BK-21 Plus)</ns0:orgName>
								<ns0:orgName type="department" key="dep2">Advanced Institute of Science and Technology (KAIST)</ns0:orgName>
								<ns0:address>
									<ns0:addrLine>Daehak-ro 291, Yuseong-gu</ns0:addrLine>
									<ns0:postCode>34141</ns0:postCode>
									<ns0:settlement>Daejeon</ns0:settlement>
									<ns0:country>Korea, Republic of Korea</ns0:country>
								</ns0:address>
							</ns0:affiliation>
							<ns0:affiliation key="aff1">
								<ns0:orgName type="institution" key="instit1">KAIST Institute for NanoCentury</ns0:orgName>
								<ns0:orgName type="institution" key="instit2">Korea Advanced Institute of Science and Technology (KAIST)</ns0:orgName>
								<ns0:address>
									<ns0:addrLine>Daehak-ro 291, Yuseong-gu</ns0:addrLine>
									<ns0:postCode>34141</ns0:postCode>
									<ns0:settlement>Daejeon</ns0:settlement>
									<ns0:country key="KR">Republic of Korea</ns0:country>
								</ns0:address>
							</ns0:affiliation>
						</ns0:author>
						<ns0:author>
							<ns0:persName><ns0:forename type="first">Jaehoon</ns0:forename><ns0:surname>Kim</ns0:surname></ns0:persName>
							<ns0:affiliation key="aff0">
								<ns0:orgName type="department" key="dep1">Department of Chemical and Biomolecular Engineering (BK-21 Plus)</ns0:orgName>
								<ns0:orgName type="department" key="dep2">Advanced Institute of Science and Technology (KAIST)</ns0:orgName>
								<ns0:address>
									<ns0:addrLine>Daehak-ro 291, Yuseong-gu</ns0:addrLine>
									<ns0:postCode>34141</ns0:postCode>
									<ns0:settlement>Daejeon</ns0:settlement>
									<ns0:country>Korea, Republic of Korea</ns0:country>
								</ns0:address>
							</ns0:affiliation>
							<ns0:affiliation key="aff1">
								<ns0:orgName type="institution" key="instit1">KAIST Institute for NanoCentury</ns0:orgName>
								<ns0:orgName type="institution" key="instit2">Korea Advanced Institute of Science and Technology (KAIST)</ns0:orgName>
								<ns0:address>
									<ns0:addrLine>Daehak-ro 291, Yuseong-gu</ns0:addrLine>
									<ns0:postCode>34141</ns0:postCode>
									<ns0:settlement>Daejeon</ns0:settlement>
									<ns0:country key="KR">Republic of Korea</ns0:country>
								</ns0:address>
							</ns0:affiliation>
							<ns0:affiliation key="aff3">
								<ns0:orgName type="department">Data Analytics Lab</ns0:orgName>
								<ns0:orgName type="institution">Samsung SDS</ns0:orgName>
								<ns0:address>
									<ns0:addrLine>Seongchon-gil 56, Seocho-gu</ns0:addrLine>
									<ns0:postCode>06765</ns0:postCode>
									<ns0:settlement>Seoul</ns0:settlement>
									<ns0:country key="KR">Republic of Korea</ns0:country>
								</ns0:address>
							</ns0:affiliation>
						</ns0:author>
						<ns0:author>
							<ns0:persName><ns0:forename type="first">Junghoon</ns0:forename><ns0:surname>Choi</ns0:surname></ns0:persName>
							<ns0:affiliation key="aff0">
								<ns0:orgName type="department" key="dep1">Department of Chemical and Biomolecular Engineering (BK-21 Plus)</ns0:orgName>
								<ns0:orgName type="department" key="dep2">Advanced Institute of Science and Technology (KAIST)</ns0:orgName>
								<ns0:address>
									<ns0:addrLine>Daehak-ro 291, Yuseong-gu</ns0:addrLine>
									<ns0:postCode>34141</ns0:postCode>
									<ns0:settlement>Daejeon</ns0:settlement>
									<ns0:country>Korea, Republic of Korea</ns0:country>
								</ns0:address>
							</ns0:affiliation>
							<ns0:affiliation key="aff1">
								<ns0:orgName type="institution" key="instit1">KAIST Institute for NanoCentury</ns0:orgName>
								<ns0:orgName type="institution" key="instit2">Korea Advanced Institute of Science and Technology (KAIST)</ns0:orgName>
								<ns0:address>
									<ns0:addrLine>Daehak-ro 291, Yuseong-gu</ns0:addrLine>
									<ns0:postCode>34141</ns0:postCode>
									<ns0:settlement>Daejeon</ns0:settlement>
									<ns0:country key="KR">Republic of Korea</ns0:country>
								</ns0:address>
							</ns0:affiliation>
						</ns0:author>
						<ns0:author>
							<ns0:persName><ns0:forename type="first">Jin</ns0:forename><ns0:surname>Ryu</ns0:surname></ns0:persName>
							<ns0:affiliation key="aff0">
								<ns0:orgName type="department" key="dep1">Department of Chemical and Biomolecular Engineering (BK-21 Plus)</ns0:orgName>
								<ns0:orgName type="department" key="dep2">Advanced Institute of Science and Technology (KAIST)</ns0:orgName>
								<ns0:address>
									<ns0:addrLine>Daehak-ro 291, Yuseong-gu</ns0:addrLine>
									<ns0:postCode>34141</ns0:postCode>
									<ns0:settlement>Daejeon</ns0:settlement>
									<ns0:country>Korea, Republic of Korea</ns0:country>
								</ns0:address>
							</ns0:affiliation>
							<ns0:affiliation key="aff1">
								<ns0:orgName type="institution" key="instit1">KAIST Institute for NanoCentury</ns0:orgName>
								<ns0:orgName type="institution" key="instit2">Korea Advanced Institute of Science and Technology (KAIST)</ns0:orgName>
								<ns0:address>
									<ns0:addrLine>Daehak-ro 291, Yuseong-gu</ns0:addrLine>
									<ns0:postCode>34141</ns0:postCode>
									<ns0:settlement>Daejeon</ns0:settlement>
									<ns0:country key="KR">Republic of Korea</ns0:country>
								</ns0:address>
							</ns0:affiliation>
						</ns0:author>
						<ns0:author>
							<ns0:persName><ns0:forename type="first">Heeeun</ns0:forename><ns0:surname>Joo</ns0:surname></ns0:persName>
							<ns0:affiliation key="aff0">
								<ns0:orgName type="department" key="dep1">Department of Chemical and Biomolecular Engineering (BK-21 Plus)</ns0:orgName>
								<ns0:orgName type="department" key="dep2">Advanced Institute of Science and Technology (KAIST)</ns0:orgName>
								<ns0:address>
									<ns0:addrLine>Daehak-ro 291, Yuseong-gu</ns0:addrLine>
									<ns0:postCode>34141</ns0:postCode>
									<ns0:settlement>Daejeon</ns0:settlement>
									<ns0:country>Korea, Republic of Korea</ns0:country>
								</ns0:address>
							</ns0:affiliation>
							<ns0:affiliation key="aff1">
								<ns0:orgName type="institution" key="instit1">KAIST Institute for NanoCentury</ns0:orgName>
								<ns0:orgName type="institution" key="instit2">Korea Advanced Institute of Science and Technology (KAIST)</ns0:orgName>
								<ns0:address>
									<ns0:addrLine>Daehak-ro 291, Yuseong-gu</ns0:addrLine>
									<ns0:postCode>34141</ns0:postCode>
									<ns0:settlement>Daejeon</ns0:settlement>
									<ns0:country key="KR">Republic of Korea</ns0:country>
								</ns0:address>
							</ns0:affiliation>
						</ns0:author>
						<ns0:author>
							<ns0:persName><ns0:forename type="first">Hee-Tae</ns0:forename><ns0:surname>Jung</ns0:surname></ns0:persName>
							<ns0:affiliation key="aff0">
								<ns0:orgName type="department" key="dep1">Department of Chemical and Biomolecular Engineering (BK-21 Plus)</ns0:orgName>
								<ns0:orgName type="department" key="dep2">Advanced Institute of Science and Technology (KAIST)</ns0:orgName>
								<ns0:address>
									<ns0:addrLine>Daehak-ro 291, Yuseong-gu</ns0:addrLine>
									<ns0:postCode>34141</ns0:postCode>
									<ns0:settlement>Daejeon</ns0:settlement>
									<ns0:country>Korea, Republic of Korea</ns0:country>
								</ns0:address>
							</ns0:affiliation>
							<ns0:affiliation key="aff1">
								<ns0:orgName type="institution" key="instit1">KAIST Institute for NanoCentury</ns0:orgName>
								<ns0:orgName type="institution" key="instit2">Korea Advanced Institute of Science and Technology (KAIST)</ns0:orgName>
								<ns0:address>
									<ns0:addrLine>Daehak-ro 291, Yuseong-gu</ns0:addrLine>
									<ns0:postCode>34141</ns0:postCode>
									<ns0:settlement>Daejeon</ns0:settlement>
									<ns0:country key="KR">Republic of Korea</ns0:country>
								</ns0:address>
							</ns0:affiliation>
						</ns0:author>
						<ns0:author role="corresp">
							<ns0:persName><ns0:forename type="first">Jihan</ns0:forename><ns0:surname>Kim</ns0:surname></ns0:persName>
							<ns0:email>jihankim@kaist.ac.kr</ns0:email>
							<ns0:affiliation key="aff0">
								<ns0:orgName type="department" key="dep1">Department of Chemical and Biomolecular Engineering (BK-21 Plus)</ns0:orgName>
								<ns0:orgName type="department" key="dep2">Advanced Institute of Science and Technology (KAIST)</ns0:orgName>
								<ns0:address>
									<ns0:addrLine>Daehak-ro 291, Yuseong-gu</ns0:addrLine>
									<ns0:postCode>34141</ns0:postCode>
									<ns0:settlement>Daejeon</ns0:settlement>
									<ns0:country>Korea, Republic of Korea</ns0:country>
								</ns0:address>
							</ns0:affiliation>
							<ns0:affiliation key="aff1">
								<ns0:orgName type="institution" key="instit1">KAIST Institute for NanoCentury</ns0:orgName>
								<ns0:orgName type="institution" key="instit2">Korea Advanced Institute of Science and Technology (KAIST)</ns0:orgName>
								<ns0:address>
									<ns0:addrLine>Daehak-ro 291, Yuseong-gu</ns0:addrLine>
									<ns0:postCode>34141</ns0:postCode>
									<ns0:settlement>Daejeon</ns0:settlement>
									<ns0:country key="KR">Republic of Korea</ns0:country>
								</ns0:address>
							</ns0:affiliation>
						</ns0:author>
						<ns0:title level="a" type="main">Finding Hidden Signals in Chemical Sensors Using Deep Learning</ns0:title>
					</ns0:analytic>
					<ns0:monogr>
						<ns0:imprint>
							<ns0:date />
						</ns0:imprint>
					</ns0:monogr>
					<ns0:idno type="DOI">10.1021/acs.analchem.0c00137</ns0:idno>
				</ns0:biblStruct>
			</ns0:sourceDesc>
		</ns0:fileDesc>
		<ns0:encodingDesc>
			<ns0:appInfo>
				<ns0:application version="0.7.3" ident="GROBID" when="2023-07-24T22:17+0000">
					<ns0:desc>GROBID - A machine learning software for extracting information from scholarly documents</ns0:desc>
					<ns0:ref target="https://github.com/kermitt2/grobid" />
				</ns0:application>
			</ns0:appInfo>
		</ns0:encodingDesc>
		<ns0:profileDesc>
			<ns0:textClass>
				<ns0:keywords>
					<ns0:term>chemical sensors</ns0:term>
					<ns0:term>deep learning</ns0:term>
					<ns0:term>limit of detection</ns0:term>
					<ns0:term>semi-supervised learning</ns0:term>
					<ns0:term>hidden signal</ns0:term>
				</ns0:keywords>
			</ns0:textClass>
			<ns0:abstract>
<ns0:div><ns0:p>Achieving high signal to noise ratio in chemical and biological sensors enables accurate detection of target analytes. Unfortunately, below the limit of detection (LOD), it becomes difficult to detect the presence of small amount of analytes and extract useful information via any of the conventional methods. In this work, we examine the possibility of extracting "hidden signals" using deep neural network to enhance gas sensing below the LOD region. As a test case system, we conduct experiments for H2 sensing in six different metallic channels (Au, Cu, Mo, Ni, Pt, Pd) and demonstrate that deep neural network can enhance the sensing capabilities for H2 concentration below the LOD. We demonstrate that this technique could be universally used for different type of sensors and target analytes. Our approach can extract new information from the hidden signals, which can be crucial for next-generation chemical sensing applications and analytical chemistry.</ns0:p></ns0:div>
			</ns0:abstract>
		</ns0:profileDesc>
	</ns0:teiHeader>
	<ns0:text xml:lang="en">
		<ns0:back>

			<ns0:div type="acknowledgement">
<ns0:div><ns0:head>ACKNOWLEDGMENTS</ns0:head><ns0:p>This research was supported by the National Research Foundation of Korea (NRF) grant funded by the Ministry of Science, ICT and future Planning, Korea (MSIP, NRF-2018R1A2B3008658, NRF-2017R1A2B4004029). We acknowledge the support from KAIST Analysis Center for Research Advancement (KARA). We are grateful to S. Lee, H. Kang, J. Kim, J. Choi, J. Ryu, and H. Joo for their help and useful comments.</ns0:p></ns0:div>
<ns0:div><ns0:head>ACS Paragon Plus Environment</ns0:head><ns0:p>Analytical Chemistry</ns0:p></ns0:div>
			</ns0:div>

			<ns0:div type="annex">
<ns0:div><ns0:head>ASSOCIATED CONTENT Supporting Information Available.</ns0:head></ns0:div>
<ns0:div><ns0:head>CONFLICT OF INTEREST DISCLOSURES</ns0:head><ns0:p>The authors declare no competing financial interest.</ns0:p></ns0:div>
<ns0:div><ns0:head>AUTHOR INFORMATION Corresponding Author</ns0:head><ns0:p>*E-mail: heetae@kaist.ac.kr *E-mail: jihankim@kaist.ac.kr</ns0:p></ns0:div>
<ns0:div><ns0:head>Author Contributions</ns0:head><ns0:p>&#12326;S.-Y Cho and Y. Lee contributed equally to this work ORCID Soo-Yeon Cho: 0000-0001-6294-1154 Hee-Tae Jung: 0000-0002-5727-6732 Jihan Kim: 0000-0002-3844-8789</ns0:p></ns0:div>			</ns0:div>
			<ns0:div type="references">

				<ns0:listBibl>

<ns0:biblStruct xml:id="b0">
	<ns0:analytic>
		<ns0:title level="a" type="main">Sensor Networks for Emergency Response: Challenges and Opportunities</ns0:title>
		<ns0:author>
			<ns0:persName><ns0:forename type="first">K</ns0:forename><ns0:surname>Lorincz</ns0:surname></ns0:persName>
		</ns0:author>
		<ns0:author>
			<ns0:persName><ns0:forename type="first">D</ns0:forename><ns0:forename type="middle">J</ns0:forename><ns0:surname>Malan</ns0:surname></ns0:persName>
		</ns0:author>
		<ns0:author>
			<ns0:persName><ns0:forename type="first">T</ns0:forename><ns0:forename type="middle">R F</ns0:forename><ns0:surname>Fulford-Jones</ns0:surname></ns0:persName>
		</ns0:author>
		<ns0:author>
			<ns0:persName><ns0:forename type="first">A</ns0:forename><ns0:surname>Nawoj</ns0:surname></ns0:persName>
		</ns0:author>
		<ns0:author>
			<ns0:persName><ns0:forename type="first">A</ns0:forename><ns0:surname>Clavel</ns0:surname></ns0:persName>
		</ns0:author>
		<ns0:author>
			<ns0:persName><ns0:forename type="first">V</ns0:forename><ns0:surname>Shnayder</ns0:surname></ns0:persName>
		</ns0:author>
		<ns0:author>
			<ns0:persName><ns0:forename type="first">G</ns0:forename><ns0:surname>Mainland</ns0:surname></ns0:persName>
		</ns0:author>
		<ns0:author>
			<ns0:persName><ns0:forename type="first">M</ns0:forename><ns0:surname>Welsh</ns0:surname></ns0:persName>
		</ns0:author>
		<ns0:author>
			<ns0:persName><ns0:forename type="first">S</ns0:forename><ns0:forename type="middle">L</ns0:forename><ns0:surname>Moulton</ns0:surname></ns0:persName>
		</ns0:author>
	</ns0:analytic>
	<ns0:monogr>
		<ns0:title level="j">IEEE Pervasive Comput</ns0:title>
		<ns0:imprint>
			<ns0:biblScope unit="volume">3</ns0:biblScope>
			<ns0:biblScope unit="page" from="16" to="23" />
			<ns0:date type="published" when="2004">2004</ns0:date>
		</ns0:imprint>
	</ns0:monogr>
</ns0:biblStruct>

<ns0:biblStruct xml:id="b1">
	<ns0:analytic>
		<ns0:title level="a" type="main">Innovative Nanosensor for Disease Diagnosis</ns0:title>
		<ns0:author>
			<ns0:persName><ns0:forename type="first">S.-J</ns0:forename><ns0:surname>Kim</ns0:surname></ns0:persName>
		</ns0:author>
		<ns0:author>
			<ns0:persName><ns0:forename type="first">S.-J</ns0:forename><ns0:surname>Choi</ns0:surname></ns0:persName>
		</ns0:author>
		<ns0:author>
			<ns0:persName><ns0:forename type="first">J.-S</ns0:forename><ns0:surname>Jang</ns0:surname></ns0:persName>
		</ns0:author>
		<ns0:author>
			<ns0:persName><ns0:forename type="first">H.-J</ns0:forename><ns0:surname>Cho</ns0:surname></ns0:persName>
		</ns0:author>
		<ns0:author>
			<ns0:persName><ns0:forename type="first">I.-D</ns0:forename><ns0:surname>Kim</ns0:surname></ns0:persName>
		</ns0:author>
	</ns0:analytic>
	<ns0:monogr>
		<ns0:title level="j">Acc. Chem. Res</ns0:title>
		<ns0:imprint>
			<ns0:biblScope unit="volume">50</ns0:biblScope>
			<ns0:biblScope unit="page" from="1587" to="1596" />
			<ns0:date type="published" when="2017">2017</ns0:date>
		</ns0:imprint>
	</ns0:monogr>
</ns0:biblStruct>

<ns0:biblStruct xml:id="b2">
	<ns0:analytic>
		<ns0:title level="a" type="main">Highly Sensitive Bulk Silicon Chemical Sensors with Sub-5 nm Thin Charge Inversion Layers</ns0:title>
		<ns0:author>
			<ns0:persName><ns0:forename type="first">H</ns0:forename><ns0:forename type="middle">M</ns0:forename><ns0:surname>Fahad</ns0:surname></ns0:persName>
		</ns0:author>
		<ns0:author>
			<ns0:persName><ns0:forename type="first">N</ns0:forename><ns0:surname>Gupta</ns0:surname></ns0:persName>
		</ns0:author>
		<ns0:author>
			<ns0:persName><ns0:forename type="first">R</ns0:forename><ns0:surname>Han</ns0:surname></ns0:persName>
		</ns0:author>
		<ns0:author>
			<ns0:persName><ns0:forename type="first">S</ns0:forename><ns0:forename type="middle">B</ns0:forename><ns0:surname>Desai</ns0:surname></ns0:persName>
		</ns0:author>
		<ns0:author>
			<ns0:persName><ns0:forename type="first">A</ns0:forename><ns0:surname>Javey</ns0:surname></ns0:persName>
		</ns0:author>
	</ns0:analytic>
	<ns0:monogr>
		<ns0:title level="j">ACS Nano</ns0:title>
		<ns0:imprint>
			<ns0:biblScope unit="volume">12</ns0:biblScope>
			<ns0:biblScope unit="page" from="2948" to="2954" />
			<ns0:date type="published" when="2018">2018</ns0:date>
		</ns0:imprint>
	</ns0:monogr>
</ns0:biblStruct>

<ns0:biblStruct xml:id="b3">
	<ns0:analytic>
		<ns0:title level="a" type="main">Methods for The Determination of Limit of Detection and Limit of Quantitation of The Analytical Methods</ns0:title>
		<ns0:author>
			<ns0:persName><ns0:forename type="first">A</ns0:forename><ns0:surname>Shrivastava</ns0:surname></ns0:persName>
		</ns0:author>
		<ns0:author>
			<ns0:persName><ns0:forename type="first">V</ns0:forename><ns0:forename type="middle">B</ns0:forename><ns0:surname>Gupta</ns0:surname></ns0:persName>
		</ns0:author>
	</ns0:analytic>
	<ns0:monogr>
		<ns0:title level="j">Chron. Young. Sci</ns0:title>
		<ns0:imprint>
			<ns0:biblScope unit="volume">2</ns0:biblScope>
			<ns0:biblScope unit="page" from="21" to="25" />
			<ns0:date type="published" when="2011">2011</ns0:date>
		</ns0:imprint>
	</ns0:monogr>
</ns0:biblStruct>

<ns0:biblStruct xml:id="b4">
	<ns0:analytic>
		<ns0:title level="a" type="main">Metallic Ti3C2Tx MXene Gas Sensors with Ultrahigh Signal-to-Noise Ratio</ns0:title>
		<ns0:author>
			<ns0:persName><ns0:forename type="first">S</ns0:forename><ns0:forename type="middle">J</ns0:forename><ns0:surname>Kim</ns0:surname></ns0:persName>
		</ns0:author>
		<ns0:author>
			<ns0:persName><ns0:forename type="first">H.-J</ns0:forename><ns0:surname>Koh</ns0:surname></ns0:persName>
		</ns0:author>
		<ns0:author>
			<ns0:persName><ns0:forename type="first">C</ns0:forename><ns0:forename type="middle">E</ns0:forename><ns0:surname>Ren</ns0:surname></ns0:persName>
		</ns0:author>
		<ns0:author>
			<ns0:persName><ns0:forename type="first">O</ns0:forename><ns0:surname>Kwon</ns0:surname></ns0:persName>
		</ns0:author>
		<ns0:author>
			<ns0:persName><ns0:forename type="first">K</ns0:forename><ns0:surname>Maleski</ns0:surname></ns0:persName>
		</ns0:author>
		<ns0:author>
			<ns0:persName><ns0:forename type="first">S.-Y</ns0:forename><ns0:surname>Cho</ns0:surname></ns0:persName>
		</ns0:author>
		<ns0:author>
			<ns0:persName><ns0:forename type="first">B</ns0:forename><ns0:surname>Anasori</ns0:surname></ns0:persName>
		</ns0:author>
		<ns0:author>
			<ns0:persName><ns0:forename type="first">C.-K</ns0:forename><ns0:surname>Kim</ns0:surname></ns0:persName>
		</ns0:author>
		<ns0:author>
			<ns0:persName><ns0:forename type="first">Y.-K</ns0:forename><ns0:surname>Choi</ns0:surname></ns0:persName>
		</ns0:author>
		<ns0:author>
			<ns0:persName><ns0:forename type="first">J</ns0:forename><ns0:surname>Kim</ns0:surname></ns0:persName>
		</ns0:author>
		<ns0:author>
			<ns0:persName><ns0:forename type="first">Y</ns0:forename><ns0:surname>Gogotsi</ns0:surname></ns0:persName>
		</ns0:author>
		<ns0:author>
			<ns0:persName><ns0:forename type="first">H.-T</ns0:forename><ns0:surname>Jung</ns0:surname></ns0:persName>
		</ns0:author>
	</ns0:analytic>
	<ns0:monogr>
		<ns0:title level="j">ACS Nano</ns0:title>
		<ns0:imprint>
			<ns0:biblScope unit="volume">12</ns0:biblScope>
			<ns0:biblScope unit="page" from="986" to="993" />
			<ns0:date type="published" when="2018">2018</ns0:date>
		</ns0:imprint>
	</ns0:monogr>
</ns0:biblStruct>

<ns0:biblStruct xml:id="b5">
	<ns0:analytic>
		<ns0:title level="a" type="main">Extracting Information from Noise Spectra of Chemical Sensors: Single Sensor Electronic Noses and Tongues</ns0:title>
		<ns0:author>
			<ns0:persName><ns0:forename type="first">L</ns0:forename><ns0:forename type="middle">B</ns0:forename><ns0:surname>Kish</ns0:surname></ns0:persName>
		</ns0:author>
		<ns0:author>
			<ns0:persName><ns0:forename type="first">R</ns0:forename><ns0:surname>Vajtai</ns0:surname></ns0:persName>
		</ns0:author>
		<ns0:author>
			<ns0:persName><ns0:forename type="first">C</ns0:forename><ns0:forename type="middle">G</ns0:forename><ns0:surname>Granqvist</ns0:surname></ns0:persName>
		</ns0:author>
	</ns0:analytic>
	<ns0:monogr>
		<ns0:title level="j">Sens. Actuators, B</ns0:title>
		<ns0:imprint>
			<ns0:biblScope unit="volume">71</ns0:biblScope>
			<ns0:biblScope unit="page" from="55" to="59" />
			<ns0:date type="published" when="2000">2000</ns0:date>
		</ns0:imprint>
	</ns0:monogr>
</ns0:biblStruct>

<ns0:biblStruct xml:id="b6">
	<ns0:analytic>
		<ns0:title level="a" type="main">Identifying Natural and Artificial Odours Through Noise Analysis with a Sampling-and-Hold Electronic Nose</ns0:title>
		<ns0:author>
			<ns0:persName><ns0:forename type="first">J</ns0:forename><ns0:forename type="middle">L</ns0:forename><ns0:surname>Solis</ns0:surname></ns0:persName>
		</ns0:author>
		<ns0:author>
			<ns0:persName><ns0:forename type="first">L</ns0:forename><ns0:forename type="middle">B</ns0:forename><ns0:surname>Kish</ns0:surname></ns0:persName>
		</ns0:author>
		<ns0:author>
			<ns0:persName><ns0:forename type="first">C</ns0:forename><ns0:forename type="middle">G</ns0:forename><ns0:surname>Granqvist</ns0:surname></ns0:persName>
		</ns0:author>
		<ns0:author>
			<ns0:persName><ns0:forename type="first">J</ns0:forename><ns0:surname>Olsson</ns0:surname></ns0:persName>
		</ns0:author>
		<ns0:author>
			<ns0:persName><ns0:forename type="first">J</ns0:forename><ns0:surname>Schn&#252;rer</ns0:surname></ns0:persName>
		</ns0:author>
		<ns0:author>
			<ns0:persName><ns0:forename type="first">V</ns0:forename><ns0:surname>Lantto</ns0:surname></ns0:persName>
		</ns0:author>
	</ns0:analytic>
	<ns0:monogr>
		<ns0:title level="j">Sens. Actuators, B</ns0:title>
		<ns0:imprint>
			<ns0:biblScope unit="volume">77</ns0:biblScope>
			<ns0:biblScope unit="page" from="312" to="315" />
			<ns0:date type="published" when="2001">2001</ns0:date>
		</ns0:imprint>
	</ns0:monogr>
</ns0:biblStruct>

<ns0:biblStruct xml:id="b7">
	<ns0:analytic>
		<ns0:title level="a" type="main">On The Statistical Anlysis of Noise in Chemical Sensors and Its Applications For Sensing</ns0:title>
		<ns0:author>
			<ns0:persName><ns0:forename type="first">J</ns0:forename><ns0:surname>Smulko</ns0:surname></ns0:persName>
		</ns0:author>
		<ns0:author>
			<ns0:persName><ns0:forename type="first">C</ns0:forename><ns0:forename type="middle">G</ns0:forename><ns0:surname>Granqvist</ns0:surname></ns0:persName>
		</ns0:author>
	</ns0:analytic>
	<ns0:monogr>
		<ns0:title level="j">Fluct. Noise. Lett</ns0:title>
		<ns0:imprint>
			<ns0:biblScope unit="volume">1</ns0:biblScope>
			<ns0:biblScope unit="page" from="147" to="L153" />
			<ns0:date type="published" when="2001">2001</ns0:date>
		</ns0:imprint>
	</ns0:monogr>
</ns0:biblStruct>

<ns0:biblStruct xml:id="b8">
	<ns0:analytic>
		<ns0:title level="a" type="main">Fluctuation-Enhanced Gas Sensing by Surfacer Acoustic Wave Devies</ns0:title>
		<ns0:author>
			<ns0:persName><ns0:forename type="first">G</ns0:forename><ns0:surname>Schmera</ns0:surname></ns0:persName>
		</ns0:author>
		<ns0:author>
			<ns0:persName><ns0:forename type="first">L</ns0:forename><ns0:forename type="middle">B</ns0:forename><ns0:surname>Kish</ns0:surname></ns0:persName>
		</ns0:author>
	</ns0:analytic>
	<ns0:monogr>
		<ns0:title level="j">Fluct. Noise. Lett</ns0:title>
		<ns0:imprint>
			<ns0:biblScope unit="volume">2</ns0:biblScope>
			<ns0:biblScope unit="page" from="117" to="L123" />
			<ns0:date type="published" when="2002">2002</ns0:date>
		</ns0:imprint>
	</ns0:monogr>
</ns0:biblStruct>

<ns0:biblStruct xml:id="b9">
	<ns0:analytic>
		<ns0:title level="a" type="main">Fluctuaion-Enhanced Multiple-Gas Sensing by Commercial Taguchi Sensors</ns0:title>
		<ns0:author>
			<ns0:persName><ns0:forename type="first">J</ns0:forename><ns0:forename type="middle">L</ns0:forename><ns0:surname>Solis</ns0:surname></ns0:persName>
		</ns0:author>
		<ns0:author>
			<ns0:persName><ns0:forename type="first">G</ns0:forename><ns0:forename type="middle">E</ns0:forename><ns0:surname>Seeton</ns0:surname></ns0:persName>
		</ns0:author>
		<ns0:author>
			<ns0:persName><ns0:forename type="first">Y</ns0:forename><ns0:surname>Li</ns0:surname></ns0:persName>
		</ns0:author>
		<ns0:author>
			<ns0:persName><ns0:forename type="first">L</ns0:forename><ns0:forename type="middle">B</ns0:forename><ns0:surname>Kish</ns0:surname></ns0:persName>
		</ns0:author>
	</ns0:analytic>
	<ns0:monogr>
		<ns0:title level="j">IEEE. Sens. J</ns0:title>
		<ns0:imprint>
			<ns0:biblScope unit="volume">5</ns0:biblScope>
			<ns0:biblScope unit="page" from="1338" to="1345" />
			<ns0:date type="published" when="2005">2005</ns0:date>
		</ns0:imprint>
	</ns0:monogr>
</ns0:biblStruct>

<ns0:biblStruct xml:id="b10">
	<ns0:monogr>
		<ns0:title level="m" type="main">Adsorption-Desorption Noise in Gas Sensors: Modelling Using Langmuir and Wolkenstein Models for Adsorption</ns0:title>
		<ns0:author>
			<ns0:persName><ns0:forename type="first">S</ns0:forename><ns0:surname>Gomri</ns0:surname></ns0:persName>
		</ns0:author>
		<ns0:author>
			<ns0:persName><ns0:forename type="first">J.-L</ns0:forename><ns0:surname>Seguin</ns0:surname></ns0:persName>
		</ns0:author>
		<ns0:author>
			<ns0:persName><ns0:forename type="first">J</ns0:forename><ns0:surname>Guerin</ns0:surname></ns0:persName>
		</ns0:author>
		<ns0:author>
			<ns0:persName><ns0:forename type="first">K</ns0:forename><ns0:surname>Aguir</ns0:surname></ns0:persName>
		</ns0:author>
		<ns0:imprint>
			<ns0:date type="published" when="2006">2006</ns0:date>
			<ns0:biblScope unit="volume">114</ns0:biblScope>
			<ns0:biblScope unit="page" from="451" to="459" />
			<ns0:pubPlace>Sens. Actautors, B</ns0:pubPlace>
		</ns0:imprint>
	</ns0:monogr>
</ns0:biblStruct>

<ns0:biblStruct xml:id="b11">
	<ns0:analytic>
		<ns0:title level="a" type="main">A Mobility and Free Carriers Density Fluctuations Based Model of Adsorption-Desorption Noise in Gas Sensor</ns0:title>
		<ns0:author>
			<ns0:persName><ns0:forename type="first">S</ns0:forename><ns0:surname>Gomri</ns0:surname></ns0:persName>
		</ns0:author>
		<ns0:author>
			<ns0:persName><ns0:forename type="first">J.-L</ns0:forename><ns0:surname>Seguin</ns0:surname></ns0:persName>
		</ns0:author>
		<ns0:author>
			<ns0:persName><ns0:forename type="first">J</ns0:forename><ns0:surname>Guerin</ns0:surname></ns0:persName>
		</ns0:author>
		<ns0:author>
			<ns0:persName><ns0:forename type="first">K</ns0:forename><ns0:surname>Aguir</ns0:surname></ns0:persName>
		</ns0:author>
	</ns0:analytic>
	<ns0:monogr>
		<ns0:title level="j">J. Phys. D: Appl. Phys</ns0:title>
		<ns0:imprint>
			<ns0:biblScope unit="page">65501</ns0:biblScope>
			<ns0:date type="published" when="2008">2008</ns0:date>
		</ns0:imprint>
	</ns0:monogr>
</ns0:biblStruct>

<ns0:biblStruct xml:id="b12">
	<ns0:monogr>
		<ns0:title level="m" type="main">A Physics-Based Noise Model for Metallic Oxide Gas Sensors Characterization</ns0:title>
		<ns0:author>
			<ns0:persName><ns0:forename type="first">T</ns0:forename><ns0:surname>Contaret</ns0:surname></ns0:persName>
		</ns0:author>
		<ns0:author>
			<ns0:persName><ns0:forename type="first">T</ns0:forename><ns0:surname>Florido</ns0:surname></ns0:persName>
		</ns0:author>
		<ns0:author>
			<ns0:persName><ns0:forename type="first">J.-L</ns0:forename><ns0:surname>Seguin</ns0:surname></ns0:persName>
		</ns0:author>
		<ns0:author>
			<ns0:persName><ns0:forename type="first">K</ns0:forename><ns0:surname>Aguir</ns0:surname></ns0:persName>
		</ns0:author>
		<ns0:imprint>
			<ns0:date type="published" when="2011">2011</ns0:date>
			<ns0:publisher>Procedia Eng</ns0:publisher>
			<ns0:biblScope unit="volume">25</ns0:biblScope>
			<ns0:biblScope unit="page" from="375" to="378" />
		</ns0:imprint>
	</ns0:monogr>
</ns0:biblStruct>

<ns0:biblStruct xml:id="b13">
	<ns0:analytic>
		<ns0:title level="a" type="main">Detecting Gas Vapor Leaks Using Uncalibrated Sensors</ns0:title>
		<ns0:author>
			<ns0:persName><ns0:forename type="first">D</ns0:forename><ns0:surname>Badawi</ns0:surname></ns0:persName>
		</ns0:author>
		<ns0:author>
			<ns0:persName><ns0:forename type="first">T</ns0:forename><ns0:surname>Ayhan</ns0:surname></ns0:persName>
		</ns0:author>
		<ns0:author>
			<ns0:persName><ns0:forename type="first">S</ns0:forename><ns0:surname>Ozev</ns0:surname></ns0:persName>
		</ns0:author>
		<ns0:author>
			<ns0:persName><ns0:forename type="first">C</ns0:forename><ns0:surname>Yang</ns0:surname></ns0:persName>
		</ns0:author>
		<ns0:author>
			<ns0:persName><ns0:forename type="first">A</ns0:forename><ns0:surname>Orailoglu</ns0:surname></ns0:persName>
		</ns0:author>
		<ns0:author>
			<ns0:persName><ns0:forename type="first">A</ns0:forename><ns0:forename type="middle">E</ns0:forename><ns0:surname>&#199;etin</ns0:surname></ns0:persName>
		</ns0:author>
	</ns0:analytic>
	<ns0:monogr>
		<ns0:title level="j">IEEE Access</ns0:title>
		<ns0:imprint>
			<ns0:biblScope unit="volume">7</ns0:biblScope>
			<ns0:biblScope unit="page" from="155701" to="155710" />
			<ns0:date type="published" when="2019">2019</ns0:date>
		</ns0:imprint>
	</ns0:monogr>
</ns0:biblStruct>

<ns0:biblStruct xml:id="b14">
	<ns0:analytic>
		<ns0:title level="a" type="main">Hydrogen Sensors and Switches from Electrodeposited Palladium Mesowire Arrays</ns0:title>
		<ns0:author>
			<ns0:persName><ns0:forename type="first">F</ns0:forename><ns0:surname>Favier</ns0:surname></ns0:persName>
		</ns0:author>
		<ns0:author>
			<ns0:persName><ns0:forename type="first">E</ns0:forename><ns0:forename type="middle">C</ns0:forename><ns0:surname>Walter</ns0:surname></ns0:persName>
		</ns0:author>
		<ns0:author>
			<ns0:persName><ns0:forename type="first">M</ns0:forename><ns0:forename type="middle">P</ns0:forename><ns0:surname>Zach</ns0:surname></ns0:persName>
		</ns0:author>
		<ns0:author>
			<ns0:persName><ns0:forename type="first">T</ns0:forename><ns0:surname>Benter</ns0:surname></ns0:persName>
		</ns0:author>
		<ns0:author>
			<ns0:persName><ns0:forename type="first">R</ns0:forename><ns0:forename type="middle">M</ns0:forename><ns0:surname>Penner</ns0:surname></ns0:persName>
		</ns0:author>
	</ns0:analytic>
	<ns0:monogr>
		<ns0:title level="j">Science</ns0:title>
		<ns0:imprint>
			<ns0:biblScope unit="volume">293</ns0:biblScope>
			<ns0:biblScope unit="page">2227</ns0:biblScope>
			<ns0:date type="published" when="2001">2001</ns0:date>
		</ns0:imprint>
	</ns0:monogr>
</ns0:biblStruct>

<ns0:biblStruct xml:id="b15">
	<ns0:analytic>
		<ns0:title level="a" type="main">The Surface Scattering-Based Detection of Hydrogen in Air Using a Platinum Nanowire</ns0:title>
		<ns0:author>
			<ns0:persName><ns0:forename type="first">F</ns0:forename><ns0:surname>Yang</ns0:surname></ns0:persName>
		</ns0:author>
		<ns0:author>
			<ns0:persName><ns0:forename type="first">K</ns0:forename><ns0:forename type="middle">C</ns0:forename><ns0:surname>Donavan</ns0:surname></ns0:persName>
		</ns0:author>
		<ns0:author>
			<ns0:persName><ns0:forename type="first">S.-C</ns0:forename><ns0:surname>Kung</ns0:surname></ns0:persName>
		</ns0:author>
		<ns0:author>
			<ns0:persName><ns0:forename type="first">R</ns0:forename><ns0:forename type="middle">M</ns0:forename><ns0:surname>Penner</ns0:surname></ns0:persName>
		</ns0:author>
	</ns0:analytic>
	<ns0:monogr>
		<ns0:title level="j">Nano Lett</ns0:title>
		<ns0:imprint>
			<ns0:biblScope unit="volume">12</ns0:biblScope>
			<ns0:biblScope unit="page" from="2924" to="2930" />
			<ns0:date type="published" when="2012">2012</ns0:date>
		</ns0:imprint>
	</ns0:monogr>
</ns0:biblStruct>

<ns0:biblStruct xml:id="b16">
	<ns0:analytic>
		<ns0:title level="a" type="main">Room Temperature Multiplexed Gas Sensing Using Chemical-Sensitive 3.5-nm-thin Silicon Transistors</ns0:title>
		<ns0:author>
			<ns0:persName><ns0:forename type="first">H</ns0:forename><ns0:forename type="middle">M</ns0:forename><ns0:surname>Fahad</ns0:surname></ns0:persName>
		</ns0:author>
		<ns0:author>
			<ns0:persName><ns0:forename type="first">H</ns0:forename><ns0:surname>Shiraki</ns0:surname></ns0:persName>
		</ns0:author>
		<ns0:author>
			<ns0:persName><ns0:forename type="first">M</ns0:forename><ns0:surname>Amani</ns0:surname></ns0:persName>
		</ns0:author>
		<ns0:author>
			<ns0:persName><ns0:forename type="first">C</ns0:forename><ns0:surname>Zhang</ns0:surname></ns0:persName>
		</ns0:author>
		<ns0:author>
			<ns0:persName><ns0:forename type="first">V</ns0:forename><ns0:forename type="middle">S</ns0:forename><ns0:surname>Hebbar</ns0:surname></ns0:persName>
		</ns0:author>
		<ns0:author>
			<ns0:persName><ns0:forename type="first">W</ns0:forename><ns0:surname>Gao</ns0:surname></ns0:persName>
		</ns0:author>
		<ns0:author>
			<ns0:persName><ns0:forename type="first">H</ns0:forename><ns0:surname>Ota</ns0:surname></ns0:persName>
		</ns0:author>
		<ns0:author>
			<ns0:persName><ns0:forename type="first">M</ns0:forename><ns0:surname>Hettick</ns0:surname></ns0:persName>
		</ns0:author>
		<ns0:author>
			<ns0:persName><ns0:forename type="first">D</ns0:forename><ns0:surname>Kiriya</ns0:surname></ns0:persName>
		</ns0:author>
		<ns0:author>
			<ns0:persName><ns0:forename type="first">Y.-Z</ns0:forename><ns0:surname>Chen</ns0:surname></ns0:persName>
		</ns0:author>
		<ns0:author>
			<ns0:persName><ns0:forename type="first">Y.-L</ns0:forename><ns0:surname>Chueh</ns0:surname></ns0:persName>
		</ns0:author>
		<ns0:author>
			<ns0:persName><ns0:forename type="first">A</ns0:forename><ns0:surname>Javey</ns0:surname></ns0:persName>
		</ns0:author>
	</ns0:analytic>
	<ns0:monogr>
		<ns0:title level="j">Sci. Adv</ns0:title>
		<ns0:imprint>
			<ns0:biblScope unit="volume">3</ns0:biblScope>
			<ns0:biblScope unit="page">1602557</ns0:biblScope>
			<ns0:date type="published" when="2017">2017. 2017</ns0:date>
		</ns0:imprint>
	</ns0:monogr>
</ns0:biblStruct>

<ns0:biblStruct xml:id="b17">
	<ns0:analytic>
		<ns0:title level="a" type="main">Deep learning</ns0:title>
		<ns0:author>
			<ns0:persName><ns0:forename type="first">Y</ns0:forename><ns0:surname>Lecun</ns0:surname></ns0:persName>
		</ns0:author>
		<ns0:author>
			<ns0:persName><ns0:forename type="first">Y</ns0:forename><ns0:surname>Bengio</ns0:surname></ns0:persName>
		</ns0:author>
		<ns0:author>
			<ns0:persName><ns0:forename type="first">G</ns0:forename><ns0:forename type="middle">E</ns0:forename><ns0:surname>Hinton</ns0:surname></ns0:persName>
		</ns0:author>
	</ns0:analytic>
	<ns0:monogr>
		<ns0:title level="j">Nature</ns0:title>
		<ns0:imprint>
			<ns0:biblScope unit="volume">521</ns0:biblScope>
			<ns0:biblScope unit="page" from="436" to="444" />
			<ns0:date type="published" when="2015">2015</ns0:date>
		</ns0:imprint>
	</ns0:monogr>
</ns0:biblStruct>

<ns0:biblStruct xml:id="b18">
	<ns0:analytic>
		<ns0:title level="a" type="main">Comparison of Machine Learning Algorithms for Concentration Detection and Prediction of Formaldehyde Based on Electronic Nose</ns0:title>
		<ns0:author>
			<ns0:persName><ns0:forename type="first">L</ns0:forename><ns0:surname>Xu</ns0:surname></ns0:persName>
		</ns0:author>
		<ns0:author>
			<ns0:persName><ns0:forename type="first">J</ns0:forename><ns0:surname>He</ns0:surname></ns0:persName>
		</ns0:author>
		<ns0:author>
			<ns0:persName><ns0:forename type="first">S</ns0:forename><ns0:surname>Duan</ns0:surname></ns0:persName>
		</ns0:author>
		<ns0:author>
			<ns0:persName><ns0:forename type="first">X</ns0:forename><ns0:surname>Wu</ns0:surname></ns0:persName>
		</ns0:author>
		<ns0:author>
			<ns0:persName><ns0:forename type="first">Q</ns0:forename><ns0:surname>Wang</ns0:surname></ns0:persName>
		</ns0:author>
	</ns0:analytic>
	<ns0:monogr>
		<ns0:title level="j">Sensor Review</ns0:title>
		<ns0:imprint>
			<ns0:biblScope unit="volume">36</ns0:biblScope>
			<ns0:biblScope unit="page" from="207" to="216" />
			<ns0:date type="published" when="2016">2016</ns0:date>
		</ns0:imprint>
	</ns0:monogr>
</ns0:biblStruct>

<ns0:biblStruct xml:id="b19">
	<ns0:analytic>
		<ns0:title level="a" type="main">Gas Classification Using Deep Convolutional Nerual Networks</ns0:title>
		<ns0:author>
			<ns0:persName><ns0:forename type="first">P</ns0:forename><ns0:surname>Peng</ns0:surname></ns0:persName>
		</ns0:author>
		<ns0:author>
			<ns0:persName><ns0:forename type="first">X</ns0:forename><ns0:surname>Zhao</ns0:surname></ns0:persName>
		</ns0:author>
		<ns0:author>
			<ns0:persName><ns0:forename type="first">X</ns0:forename><ns0:surname>Pan</ns0:surname></ns0:persName>
		</ns0:author>
		<ns0:author>
			<ns0:persName><ns0:forename type="first">W</ns0:forename><ns0:surname>Ye</ns0:surname></ns0:persName>
		</ns0:author>
	</ns0:analytic>
	<ns0:monogr>
		<ns0:title level="j">Sensors</ns0:title>
		<ns0:imprint>
			<ns0:biblScope unit="volume">18</ns0:biblScope>
			<ns0:biblScope unit="page">157</ns0:biblScope>
			<ns0:date type="published" when="2018">2018</ns0:date>
		</ns0:imprint>
	</ns0:monogr>
</ns0:biblStruct>

<ns0:biblStruct xml:id="b20">
	<ns0:analytic>
		<ns0:title level="a" type="main">Machine Learning Applied to Chemical Analysis: Sensing Multiple Biomarkers in Simulated Breath Using a Temperature-Pulsed Electronic-nose</ns0:title>
		<ns0:author>
			<ns0:persName><ns0:forename type="first">P</ns0:forename><ns0:forename type="middle">H</ns0:forename><ns0:surname>Rogers</ns0:surname></ns0:persName>
		</ns0:author>
		<ns0:author>
			<ns0:persName><ns0:forename type="first">K</ns0:forename><ns0:forename type="middle">D</ns0:forename><ns0:surname>Benkstein</ns0:surname></ns0:persName>
		</ns0:author>
		<ns0:author>
			<ns0:persName><ns0:forename type="first">S</ns0:forename><ns0:surname>Semancik</ns0:surname></ns0:persName>
		</ns0:author>
	</ns0:analytic>
	<ns0:monogr>
		<ns0:title level="j">Anal. Chem</ns0:title>
		<ns0:imprint>
			<ns0:biblScope unit="volume">84</ns0:biblScope>
			<ns0:biblScope unit="page" from="9774" to="9781" />
			<ns0:date type="published" when="2012">2012</ns0:date>
		</ns0:imprint>
	</ns0:monogr>
</ns0:biblStruct>

<ns0:biblStruct xml:id="b21">
	<ns0:analytic>
		<ns0:title level="a" type="main">Determination of the States of Oxidation of Metals in Thin Oxide Films by X-Ray Photoelectron Spectroscopy</ns0:title>
		<ns0:author>
			<ns0:persName><ns0:forename type="first">N</ns0:forename><ns0:forename type="middle">V</ns0:forename><ns0:surname>Alov</ns0:surname></ns0:persName>
		</ns0:author>
	</ns0:analytic>
	<ns0:monogr>
		<ns0:title level="j">J. Anal. Chem</ns0:title>
		<ns0:imprint>
			<ns0:biblScope unit="volume">60</ns0:biblScope>
			<ns0:biblScope unit="page" from="431" to="435" />
			<ns0:date type="published" when="2005">2005</ns0:date>
		</ns0:imprint>
	</ns0:monogr>
</ns0:biblStruct>

<ns0:biblStruct xml:id="b22">
	<ns0:analytic>
		<ns0:title level="a" type="main">Engineering Pt/Pd Interfacial Electronic Structures for Highly Efficient Hydrogen Evolution and Alcohol Oxidation</ns0:title>
		<ns0:author>
			<ns0:persName><ns0:forename type="first">J</ns0:forename><ns0:surname>Fan</ns0:surname></ns0:persName>
		</ns0:author>
		<ns0:author>
			<ns0:persName><ns0:forename type="first">K</ns0:forename><ns0:surname>Qi</ns0:surname></ns0:persName>
		</ns0:author>
		<ns0:author>
			<ns0:persName><ns0:forename type="first">L</ns0:forename><ns0:surname>Zhang</ns0:surname></ns0:persName>
		</ns0:author>
		<ns0:author>
			<ns0:persName><ns0:forename type="first">H</ns0:forename><ns0:surname>Zhang</ns0:surname></ns0:persName>
		</ns0:author>
		<ns0:author>
			<ns0:persName><ns0:forename type="first">S</ns0:forename><ns0:surname>Yu</ns0:surname></ns0:persName>
		</ns0:author>
		<ns0:author>
			<ns0:persName><ns0:forename type="first">X</ns0:forename><ns0:surname>Cui</ns0:surname></ns0:persName>
		</ns0:author>
	</ns0:analytic>
	<ns0:monogr>
		<ns0:title level="j">ACS Appl. Mater. Interfaces</ns0:title>
		<ns0:imprint>
			<ns0:biblScope unit="volume">9</ns0:biblScope>
			<ns0:biblScope unit="page" from="18008" to="18014" />
			<ns0:date type="published" when="2017">2017</ns0:date>
		</ns0:imprint>
	</ns0:monogr>
</ns0:biblStruct>

<ns0:biblStruct xml:id="b23">
	<ns0:analytic>
		<ns0:title level="a" type="main">A Near Ambient Pressure XPS Study of Au Oxidation</ns0:title>
		<ns0:author>
			<ns0:persName><ns0:forename type="first">A</ns0:forename><ns0:forename type="middle">Y</ns0:forename><ns0:surname>Klyushin</ns0:surname></ns0:persName>
		</ns0:author>
		<ns0:author>
			<ns0:persName><ns0:forename type="first">T</ns0:forename><ns0:forename type="middle">C R</ns0:forename><ns0:surname>Rocha</ns0:surname></ns0:persName>
		</ns0:author>
		<ns0:author>
			<ns0:persName><ns0:forename type="first">M</ns0:forename><ns0:surname>H&#228;vecker</ns0:surname></ns0:persName>
		</ns0:author>
		<ns0:author>
			<ns0:persName><ns0:forename type="first">A</ns0:forename><ns0:surname>Knop-Gerickea</ns0:surname></ns0:persName>
		</ns0:author>
		<ns0:author>
			<ns0:persName><ns0:forename type="first">R</ns0:forename><ns0:surname>Schl&#246;gl</ns0:surname></ns0:persName>
		</ns0:author>
	</ns0:analytic>
	<ns0:monogr>
		<ns0:title level="j">Phys. Chem. Chem. Phys</ns0:title>
		<ns0:imprint>
			<ns0:biblScope unit="volume">16</ns0:biblScope>
			<ns0:biblScope unit="page" from="7881" to="7886" />
			<ns0:date type="published" when="2014">2014</ns0:date>
		</ns0:imprint>
	</ns0:monogr>
</ns0:biblStruct>

<ns0:biblStruct xml:id="b24">
	<ns0:analytic>
		<ns0:title level="a" type="main">XRD and XPS Study of Cu-Ni Interactions on Reduced Copper-Nickel-Aluminum Oxide Solid Solution Catalysts</ns0:title>
		<ns0:author>
			<ns0:persName><ns0:forename type="first">A</ns0:forename><ns0:forename type="middle">R</ns0:forename><ns0:surname>Naghash</ns0:surname></ns0:persName>
		</ns0:author>
		<ns0:author>
			<ns0:persName><ns0:forename type="first">T</ns0:forename><ns0:forename type="middle">H</ns0:forename><ns0:surname>Etsell</ns0:surname></ns0:persName>
		</ns0:author>
		<ns0:author>
			<ns0:persName><ns0:forename type="first">S</ns0:forename><ns0:surname>Xu</ns0:surname></ns0:persName>
		</ns0:author>
	</ns0:analytic>
	<ns0:monogr>
		<ns0:title level="j">Chem. Mater</ns0:title>
		<ns0:imprint>
			<ns0:biblScope unit="volume">18</ns0:biblScope>
			<ns0:biblScope unit="page" from="2480" to="2488" />
			<ns0:date type="published" when="2006">2006</ns0:date>
		</ns0:imprint>
	</ns0:monogr>
</ns0:biblStruct>

<ns0:biblStruct xml:id="b25">
	<ns0:analytic>
		<ns0:title level="a" type="main">High-Resolution p-type Metal Oxide Semiconductor Nanowire Array as an Ultrasensitive Sensor for Volatile Organic Compounds</ns0:title>
		<ns0:author>
			<ns0:persName><ns0:forename type="first">S.-Y</ns0:forename><ns0:surname>Cho</ns0:surname></ns0:persName>
		</ns0:author>
		<ns0:author>
			<ns0:persName><ns0:forename type="first">H.-W</ns0:forename><ns0:surname>Yoo</ns0:surname></ns0:persName>
		</ns0:author>
		<ns0:author>
			<ns0:persName><ns0:forename type="first">J</ns0:forename><ns0:forename type="middle">Y</ns0:forename><ns0:surname>Kim</ns0:surname></ns0:persName>
		</ns0:author>
		<ns0:author>
			<ns0:persName><ns0:forename type="first">W.-B</ns0:forename><ns0:surname>Jung</ns0:surname></ns0:persName>
		</ns0:author>
		<ns0:author>
			<ns0:persName><ns0:forename type="first">M</ns0:forename><ns0:forename type="middle">L</ns0:forename><ns0:surname>Jin</ns0:surname></ns0:persName>
		</ns0:author>
		<ns0:author>
			<ns0:persName><ns0:forename type="first">J.-S</ns0:forename><ns0:surname>Kim</ns0:surname></ns0:persName>
		</ns0:author>
		<ns0:author>
			<ns0:persName><ns0:forename type="first">H.-J</ns0:forename><ns0:surname>Jeon</ns0:surname></ns0:persName>
		</ns0:author>
		<ns0:author>
			<ns0:persName><ns0:forename type="first">H.-T</ns0:forename><ns0:surname>Jung</ns0:surname></ns0:persName>
		</ns0:author>
	</ns0:analytic>
	<ns0:monogr>
		<ns0:title level="j">Nano Lett</ns0:title>
		<ns0:imprint>
			<ns0:biblScope unit="volume">16</ns0:biblScope>
			<ns0:biblScope unit="page" from="4508" to="4515" />
			<ns0:date type="published" when="2016">2016</ns0:date>
		</ns0:imprint>
	</ns0:monogr>
</ns0:biblStruct>

<ns0:biblStruct xml:id="b26">
	<ns0:analytic>
		<ns0:title level="a" type="main">Accelerating Palladium Nanowire H2 Sensors using Engineered Nanofiltration</ns0:title>
		<ns0:author>
			<ns0:persName><ns0:forename type="first">W.-T</ns0:forename><ns0:surname>Koo</ns0:surname></ns0:persName>
		</ns0:author>
		<ns0:author>
			<ns0:persName><ns0:forename type="first">S</ns0:forename><ns0:surname>Qiao</ns0:surname></ns0:persName>
		</ns0:author>
		<ns0:author>
			<ns0:persName><ns0:forename type="first">A</ns0:forename><ns0:forename type="middle">F</ns0:forename><ns0:surname>Ogata</ns0:surname></ns0:persName>
		</ns0:author>
		<ns0:author>
			<ns0:persName><ns0:forename type="first">J.-S</ns0:forename><ns0:surname>Jang</ns0:surname></ns0:persName>
		</ns0:author>
		<ns0:author>
			<ns0:persName><ns0:forename type="first">V</ns0:forename><ns0:forename type="middle">T</ns0:forename><ns0:surname>Chen</ns0:surname></ns0:persName>
		</ns0:author>
		<ns0:author>
			<ns0:persName><ns0:forename type="first">I.-D</ns0:forename><ns0:surname>Kim</ns0:surname></ns0:persName>
		</ns0:author>
		<ns0:author>
			<ns0:persName><ns0:forename type="first">R</ns0:forename><ns0:forename type="middle">M</ns0:forename><ns0:surname>Penner</ns0:surname></ns0:persName>
		</ns0:author>
	</ns0:analytic>
	<ns0:monogr>
		<ns0:title level="j">ACS Nano</ns0:title>
		<ns0:imprint>
			<ns0:biblScope unit="volume">11</ns0:biblScope>
			<ns0:biblScope unit="page" from="9276" to="9285" />
			<ns0:date type="published" when="2017">2017</ns0:date>
		</ns0:imprint>
	</ns0:monogr>
</ns0:biblStruct>

<ns0:biblStruct xml:id="b27">
	<ns0:analytic>
		<ns0:title level="a" type="main">Well-Defined and High-Resolution Pt Nanowire Array for a High Performance Hydrogen Sensor by a Surface Scattering Phenomenon</ns0:title>
		<ns0:author>
			<ns0:persName><ns0:forename type="first">H.-W</ns0:forename><ns0:surname>Yoo</ns0:surname></ns0:persName>
		</ns0:author>
		<ns0:author>
			<ns0:persName><ns0:forename type="first">S.-Y</ns0:forename><ns0:surname>Cho</ns0:surname></ns0:persName>
		</ns0:author>
		<ns0:author>
			<ns0:persName><ns0:forename type="first">H.-J</ns0:forename><ns0:surname>Jeon</ns0:surname></ns0:persName>
		</ns0:author>
		<ns0:author>
			<ns0:persName><ns0:forename type="first">H.-T</ns0:forename><ns0:surname>Jung</ns0:surname></ns0:persName>
		</ns0:author>
	</ns0:analytic>
	<ns0:monogr>
		<ns0:title level="j">Anal. Chem</ns0:title>
		<ns0:imprint>
			<ns0:biblScope unit="volume">87</ns0:biblScope>
			<ns0:biblScope unit="page" from="1480" to="1484" />
			<ns0:date type="published" when="2016">2016</ns0:date>
		</ns0:imprint>
	</ns0:monogr>
</ns0:biblStruct>

<ns0:biblStruct xml:id="b28">
	<ns0:analytic>
		<ns0:title level="a" type="main">Ultrasmall Grained Pd Nanopattern H2 Sensor</ns0:title>
		<ns0:author>
			<ns0:persName><ns0:forename type="first">S.-Y</ns0:forename><ns0:surname>Cho</ns0:surname></ns0:persName>
		</ns0:author>
		<ns0:author>
			<ns0:persName><ns0:forename type="first">H</ns0:forename><ns0:surname>Ahn</ns0:surname></ns0:persName>
		</ns0:author>
		<ns0:author>
			<ns0:persName><ns0:forename type="first">J</ns0:forename><ns0:surname>Choi</ns0:surname></ns0:persName>
		</ns0:author>
		<ns0:author>
			<ns0:persName><ns0:forename type="first">H</ns0:forename><ns0:surname>Kang</ns0:surname></ns0:persName>
		</ns0:author>
		<ns0:author>
			<ns0:persName><ns0:forename type="first">H.-T</ns0:forename><ns0:surname>Jung</ns0:surname></ns0:persName>
		</ns0:author>
	</ns0:analytic>
	<ns0:monogr>
		<ns0:title level="j">ACS Sens</ns0:title>
		<ns0:imprint>
			<ns0:biblScope unit="volume">3</ns0:biblScope>
			<ns0:biblScope unit="page" from="1876" to="1883" />
			<ns0:date type="published" when="2018">2018</ns0:date>
		</ns0:imprint>
	</ns0:monogr>
</ns0:biblStruct>

<ns0:biblStruct xml:id="b29">
	<ns0:analytic>
		<ns0:title level="a" type="main">Anomaly detection: A survey</ns0:title>
		<ns0:author>
			<ns0:persName><ns0:forename type="first">V</ns0:forename><ns0:surname>Chandola</ns0:surname></ns0:persName>
		</ns0:author>
		<ns0:author>
			<ns0:persName><ns0:forename type="first">A</ns0:forename><ns0:surname>Banerjee</ns0:surname></ns0:persName>
		</ns0:author>
		<ns0:author>
			<ns0:persName><ns0:forename type="first">V</ns0:forename><ns0:surname>Kumar</ns0:surname></ns0:persName>
		</ns0:author>
	</ns0:analytic>
	<ns0:monogr>
		<ns0:title level="j">ACM Computing Surveys</ns0:title>
		<ns0:imprint>
			<ns0:biblScope unit="volume">41</ns0:biblScope>
			<ns0:biblScope unit="page">15</ns0:biblScope>
			<ns0:date type="published" when="2009">2009</ns0:date>
		</ns0:imprint>
	</ns0:monogr>
</ns0:biblStruct>

<ns0:biblStruct xml:id="b30">
	<ns0:analytic>
		<ns0:title level="a" type="main">Detecting Spacecraft Anomalies Using LSTMs and Nonparametric Dynamic Thresholding</ns0:title>
		<ns0:author>
			<ns0:persName><ns0:forename type="first">K</ns0:forename><ns0:surname>Hundman</ns0:surname></ns0:persName>
		</ns0:author>
		<ns0:author>
			<ns0:persName><ns0:forename type="first">V</ns0:forename><ns0:surname>Constantinou</ns0:surname></ns0:persName>
		</ns0:author>
		<ns0:author>
			<ns0:persName><ns0:forename type="first">C</ns0:forename><ns0:surname>Laporte</ns0:surname></ns0:persName>
		</ns0:author>
		<ns0:author>
			<ns0:persName><ns0:forename type="first">I</ns0:forename><ns0:surname>Colwell</ns0:surname></ns0:persName>
		</ns0:author>
		<ns0:author>
			<ns0:persName><ns0:forename type="first">T</ns0:forename><ns0:surname>Soderstrom</ns0:surname></ns0:persName>
		</ns0:author>
	</ns0:analytic>
	<ns0:monogr>
		<ns0:title level="m">Proceedings of the 24th ACM SIGKDD International Conference on Knowledge Discovery &amp; Data Mining</ns0:title>
		<ns0:meeting>the 24th ACM SIGKDD International Conference on Knowledge Discovery &amp; Data Mining</ns0:meeting>
		<ns0:imprint>
			<ns0:date type="published" when="2018">2018</ns0:date>
			<ns0:biblScope unit="page" from="387" to="395" />
		</ns0:imprint>
	</ns0:monogr>
</ns0:biblStruct>

<ns0:biblStruct xml:id="b31">
	<ns0:analytic>
		<ns0:title level="a" type="main">Unsupervised Anomlay detection via Variational Auto-Encoder for Seasonal KPIs in Web Applications</ns0:title>
		<ns0:author>
			<ns0:persName><ns0:forename type="first">H</ns0:forename><ns0:surname>Xu</ns0:surname></ns0:persName>
		</ns0:author>
		<ns0:author>
			<ns0:persName><ns0:forename type="first">W</ns0:forename><ns0:surname>Chen</ns0:surname></ns0:persName>
		</ns0:author>
		<ns0:author>
			<ns0:persName><ns0:forename type="first">N</ns0:forename><ns0:surname>Zhao</ns0:surname></ns0:persName>
		</ns0:author>
		<ns0:author>
			<ns0:persName><ns0:forename type="first">Z</ns0:forename><ns0:surname>Li</ns0:surname></ns0:persName>
		</ns0:author>
		<ns0:author>
			<ns0:persName><ns0:forename type="first">J</ns0:forename><ns0:surname>Bu</ns0:surname></ns0:persName>
		</ns0:author>
		<ns0:author>
			<ns0:persName><ns0:forename type="first">Z</ns0:forename><ns0:surname>Li</ns0:surname></ns0:persName>
		</ns0:author>
		<ns0:author>
			<ns0:persName><ns0:forename type="first">Y</ns0:forename><ns0:surname>Liu</ns0:surname></ns0:persName>
		</ns0:author>
		<ns0:author>
			<ns0:persName><ns0:forename type="first">Y</ns0:forename><ns0:surname>Zhao</ns0:surname></ns0:persName>
		</ns0:author>
		<ns0:author>
			<ns0:persName><ns0:forename type="first">D</ns0:forename><ns0:surname>Pei</ns0:surname></ns0:persName>
		</ns0:author>
		<ns0:author>
			<ns0:persName><ns0:forename type="first">Y</ns0:forename><ns0:surname>Feng</ns0:surname></ns0:persName>
		</ns0:author>
		<ns0:author>
			<ns0:persName><ns0:forename type="first">J</ns0:forename><ns0:surname>Chen</ns0:surname></ns0:persName>
		</ns0:author>
		<ns0:author>
			<ns0:persName><ns0:forename type="first">Z</ns0:forename><ns0:surname>Wang</ns0:surname></ns0:persName>
		</ns0:author>
		<ns0:author>
			<ns0:persName><ns0:forename type="middle">H</ns0:forename><ns0:surname>Qiao</ns0:surname></ns0:persName>
		</ns0:author>
	</ns0:analytic>
	<ns0:monogr>
		<ns0:title level="m">Proceedings of the 2018 World Wide Web Conference</ns0:title>
		<ns0:meeting>the 2018 World Wide Web Conference</ns0:meeting>
		<ns0:imprint>
			<ns0:publisher>ACM</ns0:publisher>
			<ns0:date type="published" when="2018">2018</ns0:date>
			<ns0:biblScope unit="page" from="187" to="196" />
		</ns0:imprint>
	</ns0:monogr>
</ns0:biblStruct>

<ns0:biblStruct xml:id="b32">
	<ns0:analytic>
		<ns0:title level="a" type="main">Anomaly Detection with Robust Deep Autoencoders</ns0:title>
		<ns0:author>
			<ns0:persName><ns0:forename type="first">C</ns0:forename><ns0:surname>Zhou</ns0:surname></ns0:persName>
		</ns0:author>
		<ns0:author>
			<ns0:persName><ns0:forename type="first">R</ns0:forename><ns0:forename type="middle">C</ns0:forename><ns0:surname>Paffenroth</ns0:surname></ns0:persName>
		</ns0:author>
	</ns0:analytic>
	<ns0:monogr>
		<ns0:title level="m">Proceedings of the ACM SIGKDD International Conference on Knowledge Discovery and Data Mining</ns0:title>
		<ns0:meeting>the ACM SIGKDD International Conference on Knowledge Discovery and Data Mining</ns0:meeting>
		<ns0:imprint>
			<ns0:date type="published" when="2017">2017</ns0:date>
			<ns0:biblScope unit="page" from="665" to="674" />
		</ns0:imprint>
	</ns0:monogr>
</ns0:biblStruct>

<ns0:biblStruct xml:id="b33">
	<ns0:analytic>
		<ns0:title level="a" type="main">Anomaly Detection Using Autoencoders with Nonlinear Dimensionality Reduction</ns0:title>
		<ns0:author>
			<ns0:persName><ns0:forename type="first">M</ns0:forename><ns0:surname>Sakurada</ns0:surname></ns0:persName>
		</ns0:author>
		<ns0:author>
			<ns0:persName><ns0:forename type="first">T</ns0:forename><ns0:surname>Yairi</ns0:surname></ns0:persName>
		</ns0:author>
	</ns0:analytic>
	<ns0:monogr>
		<ns0:title level="j">ACM International Conference Proceeding Series</ns0:title>
		<ns0:imprint>
			<ns0:biblScope unit="page" from="4" to="11" />
			<ns0:date type="published" when="2014">2014</ns0:date>
		</ns0:imprint>
	</ns0:monogr>
</ns0:biblStruct>

<ns0:biblStruct xml:id="b34">
	<ns0:analytic>
		<ns0:title level="a" type="main">LSTM-based Encoder-Decoder for Multi-sensor Anomaly detection</ns0:title>
		<ns0:author>
			<ns0:persName><ns0:forename type="first">P</ns0:forename><ns0:surname>Malhotra</ns0:surname></ns0:persName>
		</ns0:author>
		<ns0:author>
			<ns0:persName><ns0:forename type="first">A</ns0:forename><ns0:surname>Ramakrishnan</ns0:surname></ns0:persName>
		</ns0:author>
		<ns0:author>
			<ns0:persName><ns0:forename type="first">G</ns0:forename><ns0:surname>Anand</ns0:surname></ns0:persName>
		</ns0:author>
		<ns0:author>
			<ns0:persName><ns0:forename type="first">L</ns0:forename><ns0:surname>Vig</ns0:surname></ns0:persName>
		</ns0:author>
		<ns0:author>
			<ns0:persName><ns0:forename type="first">P</ns0:forename><ns0:surname>Agarwal</ns0:surname></ns0:persName>
		</ns0:author>
		<ns0:author>
			<ns0:persName><ns0:forename type="first">G</ns0:forename><ns0:surname>Shroff</ns0:surname></ns0:persName>
		</ns0:author>
	</ns0:analytic>
	<ns0:monogr>
		<ns0:title level="m">ICML 2016 Anomaly Detection Workshop</ns0:title>
		<ns0:imprint>
			<ns0:date type="published" when="2016">2016</ns0:date>
		</ns0:imprint>
	</ns0:monogr>
</ns0:biblStruct>

<ns0:biblStruct xml:id="b35">
	<ns0:analytic>
		<ns0:title level="a" type="main">Learning Phrase Representations using RNN Encoder-Decoder for Statistical Machine Translation</ns0:title>
		<ns0:author>
			<ns0:persName><ns0:forename type="first">K</ns0:forename><ns0:surname>Cho</ns0:surname></ns0:persName>
		</ns0:author>
		<ns0:author>
			<ns0:persName><ns0:forename type="first">B</ns0:forename><ns0:forename type="middle">V</ns0:forename><ns0:surname>Merrienboer</ns0:surname></ns0:persName>
		</ns0:author>
		<ns0:author>
			<ns0:persName><ns0:forename type="first">C</ns0:forename><ns0:surname>Gulcehre</ns0:surname></ns0:persName>
		</ns0:author>
		<ns0:author>
			<ns0:persName><ns0:forename type="first">D</ns0:forename><ns0:surname>Bahdanau</ns0:surname></ns0:persName>
		</ns0:author>
		<ns0:author>
			<ns0:persName><ns0:forename type="first">F</ns0:forename><ns0:surname>Bougares</ns0:surname></ns0:persName>
		</ns0:author>
		<ns0:author>
			<ns0:persName><ns0:forename type="first">H</ns0:forename><ns0:surname>Schwenk</ns0:surname></ns0:persName>
		</ns0:author>
		<ns0:author>
			<ns0:persName><ns0:forename type="first">Y</ns0:forename><ns0:surname>Bengio</ns0:surname></ns0:persName>
		</ns0:author>
	</ns0:analytic>
	<ns0:monogr>
		<ns0:title level="m">Proc. Conference on Empirical Methods in Natural Language Processing</ns0:title>
		<ns0:meeting>Conference on Empirical Methods in Natural Language essing</ns0:meeting>
		<ns0:imprint>
			<ns0:date type="published" when="2014">2014</ns0:date>
			<ns0:biblScope unit="page" from="1724" to="1734" />
		</ns0:imprint>
	</ns0:monogr>
</ns0:biblStruct>

<ns0:biblStruct xml:id="b36">
	<ns0:monogr>
		<ns0:title level="m" type="main">Anomaly Detection in Aircraft Data using Recurrent Neural Networks (RNN)</ns0:title>
		<ns0:author>
			<ns0:persName><ns0:forename type="first">A</ns0:forename><ns0:surname>Nanduri</ns0:surname></ns0:persName>
		</ns0:author>
		<ns0:author>
			<ns0:persName><ns0:forename type="first">L</ns0:forename><ns0:surname>Sherry</ns0:surname></ns0:persName>
		</ns0:author>
		<ns0:imprint>
			<ns0:date type="published" when="2016">2016. 2016</ns0:date>
		</ns0:imprint>
	</ns0:monogr>
	<ns0:note>Integrated Communications Navigation and Surveillance (ICNS</ns0:note>
</ns0:biblStruct>

<ns0:biblStruct xml:id="b37">
	<ns0:analytic>
		<ns0:title level="a" type="main">Learning Internal Representations by Error Propagation</ns0:title>
		<ns0:author>
			<ns0:persName><ns0:forename type="first">D</ns0:forename><ns0:forename type="middle">E</ns0:forename><ns0:surname>Rumelhart</ns0:surname></ns0:persName>
		</ns0:author>
		<ns0:author>
			<ns0:persName><ns0:forename type="first">G</ns0:forename><ns0:forename type="middle">E</ns0:forename><ns0:surname>Hinton</ns0:surname></ns0:persName>
		</ns0:author>
		<ns0:author>
			<ns0:persName><ns0:forename type="first">R</ns0:forename><ns0:forename type="middle">J</ns0:forename><ns0:surname>Williams</ns0:surname></ns0:persName>
		</ns0:author>
	</ns0:analytic>
	<ns0:monogr>
		<ns0:title level="j">Parallel Distributed Processing</ns0:title>
		<ns0:imprint>
			<ns0:biblScope unit="volume">1</ns0:biblScope>
			<ns0:date type="published" when="1986">1986</ns0:date>
			<ns0:publisher>MIT Press</ns0:publisher>
			<ns0:pubPlace>Cambridge, USA</ns0:pubPlace>
		</ns0:imprint>
	</ns0:monogr>
</ns0:biblStruct>

<ns0:biblStruct xml:id="b38">
	<ns0:analytic>
		<ns0:title level="a" type="main">Simplified Neuron Model as a Principal Component Analyzer</ns0:title>
		<ns0:author>
			<ns0:persName><ns0:forename type="first">E</ns0:forename><ns0:surname>Oja</ns0:surname></ns0:persName>
		</ns0:author>
	</ns0:analytic>
	<ns0:monogr>
		<ns0:title level="j">J. Math. Biol</ns0:title>
		<ns0:imprint>
			<ns0:biblScope unit="volume">15</ns0:biblScope>
			<ns0:biblScope unit="page" from="267" to="273" />
			<ns0:date type="published" when="1982">1982</ns0:date>
		</ns0:imprint>
	</ns0:monogr>
</ns0:biblStruct>

<ns0:biblStruct xml:id="b39">
	<ns0:analytic>
		<ns0:title level="a" type="main">Reducing the Dimensionality of Data with Neural Networks</ns0:title>
		<ns0:author>
			<ns0:persName><ns0:forename type="first">G</ns0:forename><ns0:forename type="middle">E</ns0:forename><ns0:surname>Hinton</ns0:surname></ns0:persName>
		</ns0:author>
		<ns0:author>
			<ns0:persName><ns0:forename type="first">R</ns0:forename><ns0:forename type="middle">R</ns0:forename><ns0:surname>Salakhutdinov</ns0:surname></ns0:persName>
		</ns0:author>
	</ns0:analytic>
	<ns0:monogr>
		<ns0:title level="j">Science</ns0:title>
		<ns0:imprint>
			<ns0:biblScope unit="volume">313</ns0:biblScope>
			<ns0:biblScope unit="page" from="504" to="507" />
			<ns0:date type="published" when="2006">2006</ns0:date>
		</ns0:imprint>
	</ns0:monogr>
</ns0:biblStruct>

<ns0:biblStruct xml:id="b40">
	<ns0:analytic>
		<ns0:title level="a" type="main">Stacked Denoising Autoencoders: Learning Useful Representations in a Deep Network with a Local Denoising Criterion</ns0:title>
		<ns0:author>
			<ns0:persName><ns0:forename type="first">P</ns0:forename><ns0:surname>Vincent</ns0:surname></ns0:persName>
		</ns0:author>
		<ns0:author>
			<ns0:persName><ns0:forename type="first">H</ns0:forename><ns0:surname>Larochelle</ns0:surname></ns0:persName>
		</ns0:author>
		<ns0:author>
			<ns0:persName><ns0:forename type="first">I</ns0:forename><ns0:surname>Lajoie</ns0:surname></ns0:persName>
		</ns0:author>
		<ns0:author>
			<ns0:persName><ns0:forename type="first">Y</ns0:forename><ns0:surname>Bengio</ns0:surname></ns0:persName>
		</ns0:author>
		<ns0:author>
			<ns0:persName><ns0:forename type="first">P.-A</ns0:forename><ns0:surname>Manzagol</ns0:surname></ns0:persName>
		</ns0:author>
	</ns0:analytic>
	<ns0:monogr>
		<ns0:title level="j">J. Mach. Learn. Res</ns0:title>
		<ns0:imprint>
			<ns0:biblScope unit="volume">11</ns0:biblScope>
			<ns0:biblScope unit="page" from="3371" to="3408" />
			<ns0:date type="published" when="2010">2010</ns0:date>
		</ns0:imprint>
	</ns0:monogr>
</ns0:biblStruct>

<ns0:biblStruct xml:id="b41">
	<ns0:analytic>
		<ns0:title level="a" type="main">Visualizing data using t-SNE</ns0:title>
		<ns0:author>
			<ns0:persName><ns0:forename type="first">L</ns0:forename><ns0:surname>Van Der Maaten</ns0:surname></ns0:persName>
		</ns0:author>
		<ns0:author>
			<ns0:persName><ns0:forename type="first">G</ns0:forename><ns0:forename type="middle">E</ns0:forename><ns0:surname>Hinton</ns0:surname></ns0:persName>
		</ns0:author>
	</ns0:analytic>
	<ns0:monogr>
		<ns0:title level="j">J. Mach. Learn. Res</ns0:title>
		<ns0:imprint>
			<ns0:biblScope unit="volume">9</ns0:biblScope>
			<ns0:biblScope unit="page" from="2579" to="2605" />
			<ns0:date type="published" when="2008">2008</ns0:date>
		</ns0:imprint>
	</ns0:monogr>
</ns0:biblStruct>

<ns0:biblStruct xml:id="b42">
	<ns0:monogr>
		<ns0:title />
		<ns0:author>
			<ns0:persName><ns0:forename type="first">F</ns0:forename><ns0:forename type="middle">K</ns0:forename><ns0:surname>Chollet</ns0:surname></ns0:persName>
		</ns0:author>
		<ns0:ptr target="https://github.com/fchollet/keras" />
		<ns0:imprint />
	</ns0:monogr>
</ns0:biblStruct>

<ns0:biblStruct xml:id="b43">
	<ns0:analytic>
		<ns0:title level="a" type="main">A Method for Stochastic Optimization</ns0:title>
		<ns0:author>
			<ns0:persName><ns0:forename type="first">D</ns0:forename><ns0:surname>Kingma</ns0:surname></ns0:persName>
		</ns0:author>
		<ns0:author>
			<ns0:persName><ns0:forename type="first">J</ns0:forename><ns0:surname>Ba</ns0:surname></ns0:persName>
		</ns0:author>
		<ns0:author>
			<ns0:persName><ns0:surname>Adam</ns0:surname></ns0:persName>
		</ns0:author>
	</ns0:analytic>
	<ns0:monogr>
		<ns0:title level="m">International Conference on Learning Representations (ICLR 2015)</ns0:title>
		<ns0:meeting><ns0:address><ns0:addrLine>San Diego</ns0:addrLine></ns0:address></ns0:meeting>
		<ns0:imprint>
			<ns0:date type="published" when="2015">2015</ns0:date>
		</ns0:imprint>
	</ns0:monogr>
</ns0:biblStruct>

<ns0:biblStruct xml:id="b44">
	<ns0:monogr>
		<ns0:author>
			<ns0:persName><ns0:forename type="first">M</ns0:forename><ns0:surname>Abadi</ns0:surname></ns0:persName>
		</ns0:author>
		<ns0:author>
			<ns0:persName><ns0:forename type="first">A</ns0:forename><ns0:surname>Agarwal</ns0:surname></ns0:persName>
		</ns0:author>
		<ns0:author>
			<ns0:persName><ns0:forename type="first">P</ns0:forename><ns0:surname>Barham</ns0:surname></ns0:persName>
		</ns0:author>
		<ns0:author>
			<ns0:persName><ns0:forename type="first">E</ns0:forename><ns0:surname>Brevdo</ns0:surname></ns0:persName>
		</ns0:author>
		<ns0:author>
			<ns0:persName><ns0:forename type="first">Z</ns0:forename><ns0:surname>Chen</ns0:surname></ns0:persName>
		</ns0:author>
		<ns0:author>
			<ns0:persName><ns0:forename type="first">C</ns0:forename><ns0:surname>Citro</ns0:surname></ns0:persName>
		</ns0:author>
		<ns0:author>
			<ns0:persName><ns0:forename type="first">G</ns0:forename><ns0:forename type="middle">S</ns0:forename><ns0:surname>Corrado</ns0:surname></ns0:persName>
		</ns0:author>
		<ns0:author>
			<ns0:persName><ns0:forename type="first">A</ns0:forename><ns0:surname>Davis</ns0:surname></ns0:persName>
		</ns0:author>
		<ns0:author>
			<ns0:persName><ns0:forename type="first">J</ns0:forename><ns0:surname>Dean</ns0:surname></ns0:persName>
		</ns0:author>
		<ns0:author>
			<ns0:persName><ns0:forename type="first">M</ns0:forename><ns0:surname>Devin</ns0:surname></ns0:persName>
		</ns0:author>
		<ns0:author>
			<ns0:persName><ns0:forename type="first">S</ns0:forename><ns0:surname>Ghemawat</ns0:surname></ns0:persName>
		</ns0:author>
		<ns0:author>
			<ns0:persName><ns0:forename type="first">I</ns0:forename><ns0:surname>Goodfellow</ns0:surname></ns0:persName>
		</ns0:author>
		<ns0:author>
			<ns0:persName><ns0:forename type="first">A</ns0:forename><ns0:surname>Harp</ns0:surname></ns0:persName>
		</ns0:author>
		<ns0:author>
			<ns0:persName><ns0:forename type="first">G</ns0:forename><ns0:surname>Irving</ns0:surname></ns0:persName>
		</ns0:author>
		<ns0:author>
			<ns0:persName><ns0:forename type="first">M</ns0:forename><ns0:surname>Isard</ns0:surname></ns0:persName>
		</ns0:author>
		<ns0:author>
			<ns0:persName><ns0:forename type="first">Y</ns0:forename><ns0:surname>Jia</ns0:surname></ns0:persName>
		</ns0:author>
		<ns0:author>
			<ns0:persName><ns0:forename type="first">R</ns0:forename><ns0:surname>Josofowicz</ns0:surname></ns0:persName>
		</ns0:author>
		<ns0:author>
			<ns0:persName><ns0:forename type="first">L</ns0:forename><ns0:surname>Kaiser</ns0:surname></ns0:persName>
		</ns0:author>
		<ns0:author>
			<ns0:persName><ns0:forename type="first">M</ns0:forename><ns0:surname>Kudlur</ns0:surname></ns0:persName>
		</ns0:author>
		<ns0:author>
			<ns0:persName><ns0:forename type="first">J</ns0:forename><ns0:surname>Levenberg</ns0:surname></ns0:persName>
		</ns0:author>
		<ns0:author>
			<ns0:persName><ns0:forename type="first">D</ns0:forename><ns0:surname>Mane</ns0:surname></ns0:persName>
		</ns0:author>
		<ns0:author>
			<ns0:persName><ns0:forename type="first">R</ns0:forename><ns0:surname>Monga</ns0:surname></ns0:persName>
		</ns0:author>
		<ns0:author>
			<ns0:persName><ns0:forename type="first">S</ns0:forename><ns0:surname>Moore</ns0:surname></ns0:persName>
		</ns0:author>
		<ns0:author>
			<ns0:persName><ns0:forename type="first">D</ns0:forename><ns0:surname>Murray</ns0:surname></ns0:persName>
		</ns0:author>
		<ns0:author>
			<ns0:persName><ns0:forename type="first">C</ns0:forename><ns0:surname>Olah</ns0:surname></ns0:persName>
		</ns0:author>
		<ns0:author>
			<ns0:persName><ns0:forename type="first">M</ns0:forename><ns0:surname>Schuster</ns0:surname></ns0:persName>
		</ns0:author>
		<ns0:author>
			<ns0:persName><ns0:forename type="first">J</ns0:forename><ns0:surname>Shlens</ns0:surname></ns0:persName>
		</ns0:author>
		<ns0:author>
			<ns0:persName><ns0:forename type="first">B</ns0:forename><ns0:surname>Steiner</ns0:surname></ns0:persName>
		</ns0:author>
		<ns0:author>
			<ns0:persName><ns0:forename type="first">I</ns0:forename><ns0:surname>Sutskever</ns0:surname></ns0:persName>
		</ns0:author>
		<ns0:author>
			<ns0:persName><ns0:forename type="first">K</ns0:forename><ns0:surname>Talwar</ns0:surname></ns0:persName>
		</ns0:author>
		<ns0:author>
			<ns0:persName><ns0:forename type="first">P</ns0:forename><ns0:surname>Tucker</ns0:surname></ns0:persName>
		</ns0:author>
		<ns0:author>
			<ns0:persName><ns0:forename type="first">V</ns0:forename><ns0:surname>Vanhoucke</ns0:surname></ns0:persName>
		</ns0:author>
		<ns0:author>
			<ns0:persName><ns0:forename type="first">V</ns0:forename><ns0:surname>Vasudevan</ns0:surname></ns0:persName>
		</ns0:author>
		<ns0:author>
			<ns0:persName><ns0:forename type="first">F</ns0:forename><ns0:surname>Viegas</ns0:surname></ns0:persName>
		</ns0:author>
		<ns0:author>
			<ns0:persName><ns0:forename type="first">O</ns0:forename><ns0:surname>Vinyals</ns0:surname></ns0:persName>
		</ns0:author>
		<ns0:author>
			<ns0:persName><ns0:forename type="first">P</ns0:forename><ns0:surname>Warden</ns0:surname></ns0:persName>
		</ns0:author>
		<ns0:author>
			<ns0:persName><ns0:forename type="first">M</ns0:forename><ns0:surname>Wattenbert</ns0:surname></ns0:persName>
		</ns0:author>
		<ns0:author>
			<ns0:persName><ns0:forename type="first">M</ns0:forename><ns0:surname>Wicke</ns0:surname></ns0:persName>
		</ns0:author>
		<ns0:author>
			<ns0:persName><ns0:forename type="first">Y</ns0:forename><ns0:surname>Yu</ns0:surname></ns0:persName>
		</ns0:author>
		<ns0:author>
			<ns0:persName><ns0:forename type="first">X</ns0:forename><ns0:surname>Zheng</ns0:surname></ns0:persName>
		</ns0:author>
		<ns0:author>
			<ns0:persName><ns0:surname>Tensorflow</ns0:surname></ns0:persName>
		</ns0:author>
		<ns0:ptr target="https://arxiv.org/abs/1603.04467" />
		<ns0:title level="m">Large-Scale Machine Learning on Heterogeneous Distributed Systems</ns0:title>
		<ns0:imprint>
			<ns0:date type="published" when="2016">2016</ns0:date>
		</ns0:imprint>
	</ns0:monogr>
	<ns0:note type="report_type">Preprint at</ns0:note>
</ns0:biblStruct>

				</ns0:listBibl>
			</ns0:div>
		</ns0:back>
	</ns0:text>
</ns0:TEI>