<ns0:TEI xmlns:ns0="http://www.tei-c.org/ns/1.0" xmlns:xsi="http://www.w3.org/2001/XMLSchema-instance" xml:space="preserve" xsi:schemaLocation="http://www.tei-c.org/ns/1.0 https://raw.githubusercontent.com/kermitt2/grobid/master/grobid-home/schemas/xsd/Grobid.xsd">
	<ns0:teiHeader xml:lang="en">
		<ns0:fileDesc>
			<ns0:titleStmt>
				<ns0:title level="a" type="main">Understanding Intermolecular Interactions in a Tetracene-F 4 TCNQ Cocrystal via Its Electron Density Distribution and Topology</ns0:title>
			</ns0:titleStmt>
			<ns0:publicationStmt>
				<ns0:publisher />
				<ns0:availability status="unknown"><ns0:licence /></ns0:availability>
			</ns0:publicationStmt>
			<ns0:sourceDesc>
				<ns0:biblStruct>
					<ns0:analytic>
						<ns0:author role="corresp">
							<ns0:persName><ns0:forename type="first">Olga</ns0:forename><ns0:surname>Kataeva</ns0:surname></ns0:persName>
							<ns0:email>olga-kataeva@yandex.ru</ns0:email>
						</ns0:author>
						<ns0:author>
							<ns0:persName><ns0:forename type="first">Marcus</ns0:forename><ns0:surname>Nohr</ns0:surname></ns0:persName>
						</ns0:author>
						<ns0:author>
							<ns0:persName><ns0:forename type="first">Kamil</ns0:forename><ns0:surname>Ivshin</ns0:surname></ns0:persName>
						</ns0:author>
						<ns0:author>
							<ns0:persName><ns0:forename type="first">Silke</ns0:forename><ns0:surname>Hampel</ns0:surname></ns0:persName>
						</ns0:author>
						<ns0:author>
							<ns0:persName><ns0:forename type="first">Bernd</ns0:forename><ns0:surname>Buchner</ns0:surname></ns0:persName>
						</ns0:author>
						<ns0:author>
							<ns0:persName><ns0:forename type="first">Martin</ns0:forename><ns0:surname>Knupfer</ns0:surname></ns0:persName>
						</ns0:author>
						<ns0:author>
							<ns0:affiliation key="aff0">
								<ns0:orgName type="laboratory">C * s&#305; Supporting Information The Supporting Information</ns0:orgName>
							</ns0:affiliation>
						</ns0:author>
						<ns0:author>
							<ns0:affiliation key="aff1">
								<ns0:orgName type="department">The Cambridge Crystallographic Data Centre</ns0:orgName>
								<ns0:address>
									<ns0:addrLine>12 Union Road</ns0:addrLine>
									<ns0:postCode>CB2 1EZ</ns0:postCode>
									<ns0:settlement>Cambridge</ns0:settlement>
									<ns0:country key="GB">UK</ns0:country>
								</ns0:address>
							</ns0:affiliation>
						</ns0:author>
						<ns0:author>
							<ns0:affiliation key="aff2">
								<ns0:orgName type="department" key="dep1">Arbuzov Institute of Organic and Physical Chemistry</ns0:orgName>
								<ns0:orgName type="department" key="dep2">Russian Academy of Sciences</ns0:orgName>
								<ns0:orgName type="institution">FRC Kazan Scientific Center</ns0:orgName>
								<ns0:address>
									<ns0:postCode>420088</ns0:postCode>
									<ns0:settlement>Kazan</ns0:settlement>
									<ns0:country key="RU">Russia</ns0:country>
								</ns0:address>
							</ns0:affiliation>
						</ns0:author>
						<ns0:author>
							<ns0:affiliation key="aff3">
								<ns0:orgName type="department">Leibniz Institute for Solid State and Materials Research (IFW)</ns0:orgName>
								<ns0:address>
									<ns0:postCode>D-01069</ns0:postCode>
									<ns0:settlement>Dresden</ns0:settlement>
									<ns0:country key="DE">Germany</ns0:country>
								</ns0:address>
							</ns0:affiliation>
						</ns0:author>
						<ns0:author>
							<ns0:affiliation key="aff4">
								<ns0:orgName type="department" key="dep1">Kamil Ivshin -Arbuzov Institute of Organic and Physical Chemistry</ns0:orgName>
								<ns0:orgName type="department" key="dep2">Russian Academy of Sciences</ns0:orgName>
								<ns0:orgName type="institution">FRC Kazan Scientific Center</ns0:orgName>
								<ns0:address>
									<ns0:postCode>420088</ns0:postCode>
									<ns0:settlement>Kazan</ns0:settlement>
									<ns0:country key="RU">Russia</ns0:country>
								</ns0:address>
							</ns0:affiliation>
						</ns0:author>
						<ns0:author>
							<ns0:affiliation key="aff5">
								<ns0:orgName type="institution">Silke Hampel -Leibniz Institute for Solid State and Materials Research (IFW)</ns0:orgName>
								<ns0:address>
									<ns0:postCode>D-01069</ns0:postCode>
									<ns0:settlement>Dresden</ns0:settlement>
									<ns0:country key="DE">Germany</ns0:country>
								</ns0:address>
							</ns0:affiliation>
						</ns0:author>
						<ns0:author>
							<ns0:affiliation key="aff6">
								<ns0:orgName type="department">Leibniz Institute for Solid State and Materials Research (IFW)</ns0:orgName>
								<ns0:address>
									<ns0:postCode>D-01069</ns0:postCode>
									<ns0:settlement>Dresden</ns0:settlement>
									<ns0:country key="DE">Germany</ns0:country>
								</ns0:address>
							</ns0:affiliation>
						</ns0:author>
						<ns0:author>
							<ns0:affiliation key="aff7">
								<ns0:orgName type="department">Leibniz Institute for Solid State and Materials Research (IFW)</ns0:orgName>
								<ns0:address>
									<ns0:postCode>D-01069</ns0:postCode>
									<ns0:settlement>Dresden</ns0:settlement>
									<ns0:country key="DE">Germany</ns0:country>
								</ns0:address>
							</ns0:affiliation>
						</ns0:author>
						<ns0:title level="a" type="main">Understanding Intermolecular Interactions in a Tetracene-F 4 TCNQ Cocrystal via Its Electron Density Distribution and Topology</ns0:title>
					</ns0:analytic>
					<ns0:monogr>
						<ns0:imprint>
							<ns0:date />
						</ns0:imprint>
					</ns0:monogr>
					<ns0:idno type="DOI">10.1021/acs.cgd.0c01287</ns0:idno>
					<ns0:note type="submission">Received: September 17, 2020 Revised: November 16, 2020</ns0:note>
				</ns0:biblStruct>
			</ns0:sourceDesc>
		</ns0:fileDesc>
		<ns0:encodingDesc>
			<ns0:appInfo>
				<ns0:application version="0.7.3" ident="GROBID" when="2023-07-24T05:20+0000">
					<ns0:desc>GROBID - A machine learning software for extracting information from scholarly documents</ns0:desc>
					<ns0:ref target="https://github.com/kermitt2/grobid" />
				</ns0:application>
			</ns0:appInfo>
		</ns0:encodingDesc>
		<ns0:profileDesc>
			<ns0:abstract>
<ns0:div><ns0:p>High-quality single crystals of the charge transfer compound tetracene-F 4 TCNQ (1:1) were grown by physical vapor transport and characterized by IR and UV/vis spectroscopy as well as by accurate single-crystal X-ray diffraction in combination with a topological analysis of electron density distribution. The cocrystal is assembled via weak noncovalent &#960;&#8226;&#8226;&#8226;&#960; interactions. Experimental static deformation density maps demonstrate the regions of charge accumulation directed toward the areas of electron density depletion within the stacks composed of alternating donor and acceptor molecules; the energy of these interactions is estimated to be 11.3 kcal/mol per acceptor molecule. The cumulative energy of multiple side-on F&#8226;&#8226;&#8226;H and N&#8226;&#8226;&#8226;H intermolecular attractive interactions is approximately the same as the value for face-to-face interactions. The estimation of the charge transfer degree by various methods gives a value in the range 0.10-0.20 e.</ns0:p></ns0:div>
			</ns0:abstract>
		</ns0:profileDesc>
	</ns0:teiHeader>
	<ns0:text xml:lang="en">
		<ns0:back>

			<ns0:div type="availability">
<ns0:div><ns0:p>is available free of charge at https://pubs.acs.org/doi/10.1021/acs.cgd.0c01287.</ns0:p><ns0:p>Crystallographic data and some illustrative material (PDF)</ns0:p><ns0:p>Accession Codes</ns0:p><ns0:p>CCDC 2032370 contains the supplementary crystallographic data for this paper. These data can be obtained free of charge via www.ccdc.cam.ac.uk/data_request/cif, or by emailing data_</ns0:p></ns0:div>
			</ns0:div>


			<ns0:div type="funding">
<ns0:div><ns0:head>Funding</ns0:head><ns0:p>Financial support by the DFG (KN393/25, KN393/26) is gratefully acknowledged.</ns0:p></ns0:div>
			</ns0:div>

			<ns0:div type="annex">
<ns0:div><ns0:head>Author Contributions</ns0:head><ns0:p>The manuscript was written through contributions of all authors. All authors have given approval to the final version of the manuscript.</ns0:p></ns0:div>
<ns0:div><ns0:head>Notes</ns0:head><ns0:p>The authors declare no competing financial interest.</ns0:p></ns0:div>
<ns0:div><ns0:head>&#9632; ACKNOWLEDGMENTS</ns0:head><ns0:p>The authors are grateful to Dr. Robert R. Fayzullin (A.E. Arbuzov Institute of Organic and Physical Chemistry) for valuable discussions, solid-state DFT calculations and further topological analysis.</ns0:p></ns0:div>			</ns0:div>
			<ns0:div type="references">

				<ns0:listBibl>

<ns0:biblStruct xml:id="b0">
	<ns0:analytic>
		<ns0:title level="a" type="main">Charge-Transfer Complexes: New Perspectives on an Old Class of Compounds</ns0:title>
		<ns0:author>
			<ns0:persName><ns0:forename type="first">K</ns0:forename><ns0:forename type="middle">P</ns0:forename><ns0:surname>Goetz</ns0:surname></ns0:persName>
		</ns0:author>
		<ns0:author>
			<ns0:persName><ns0:forename type="first">D</ns0:forename><ns0:surname>Vermeulen</ns0:surname></ns0:persName>
		</ns0:author>
		<ns0:author>
			<ns0:persName><ns0:forename type="first">M</ns0:forename><ns0:forename type="middle">E</ns0:forename><ns0:surname>Payne</ns0:surname></ns0:persName>
		</ns0:author>
		<ns0:author>
			<ns0:persName><ns0:forename type="first">C</ns0:forename><ns0:surname>Kloc</ns0:surname></ns0:persName>
		</ns0:author>
		<ns0:author>
			<ns0:persName><ns0:forename type="first">L</ns0:forename><ns0:forename type="middle">E</ns0:forename><ns0:surname>Mcneil</ns0:surname></ns0:persName>
		</ns0:author>
		<ns0:author>
			<ns0:persName><ns0:forename type="first">O</ns0:forename><ns0:forename type="middle">D</ns0:forename><ns0:surname>Jurchescu</ns0:surname></ns0:persName>
		</ns0:author>
		<ns0:idno type="DOI">10.1039/C3TC32062F</ns0:idno>
	</ns0:analytic>
	<ns0:monogr>
		<ns0:title level="j">J. Mater. Chem. C</ns0:title>
		<ns0:imprint>
			<ns0:biblScope unit="volume">2</ns0:biblScope>
			<ns0:biblScope unit="page" from="3065" to="3076" />
			<ns0:date type="published" when="2014">2014</ns0:date>
		</ns0:imprint>
	</ns0:monogr>
</ns0:biblStruct>

<ns0:biblStruct xml:id="b1">
	<ns0:analytic>
		<ns0:title level="a" type="main">Molecular Electrical Doping of Organic Semiconductors: Fundamental Mechanisms and Emerging Dopant Design Rules</ns0:title>
		<ns0:author>
			<ns0:persName><ns0:forename type="first">I</ns0:forename><ns0:surname>Salzmann</ns0:surname></ns0:persName>
		</ns0:author>
		<ns0:author>
			<ns0:persName><ns0:forename type="first">G</ns0:forename><ns0:surname>Heimel</ns0:surname></ns0:persName>
		</ns0:author>
		<ns0:author>
			<ns0:persName><ns0:forename type="first">M</ns0:forename><ns0:surname>Oehzelt</ns0:surname></ns0:persName>
		</ns0:author>
		<ns0:author>
			<ns0:persName><ns0:forename type="first">S</ns0:forename><ns0:surname>Winkler</ns0:surname></ns0:persName>
		</ns0:author>
		<ns0:author>
			<ns0:persName><ns0:forename type="first">N</ns0:forename><ns0:surname>Koch</ns0:surname></ns0:persName>
		</ns0:author>
		<ns0:idno type="DOI">10.1021/acs.accounts.5b00438</ns0:idno>
	</ns0:analytic>
	<ns0:monogr>
		<ns0:title level="j">Acc. Chem. Res</ns0:title>
		<ns0:imprint>
			<ns0:biblScope unit="volume">49</ns0:biblScope>
			<ns0:biblScope unit="page" from="370" to="378" />
			<ns0:date type="published" when="2016">2016</ns0:date>
		</ns0:imprint>
	</ns0:monogr>
</ns0:biblStruct>

<ns0:biblStruct xml:id="b2">
	<ns0:analytic>
		<ns0:title level="a" type="main">Organic Donor-Acceptor Complexes as Novel Organic Semiconductors</ns0:title>
		<ns0:author>
			<ns0:persName><ns0:forename type="first">J</ns0:forename><ns0:surname>Zhang</ns0:surname></ns0:persName>
		</ns0:author>
		<ns0:author>
			<ns0:persName><ns0:forename type="first">W</ns0:forename><ns0:surname>Xu</ns0:surname></ns0:persName>
		</ns0:author>
		<ns0:author>
			<ns0:persName><ns0:forename type="first">P</ns0:forename><ns0:surname>Sheng</ns0:surname></ns0:persName>
		</ns0:author>
		<ns0:author>
			<ns0:persName><ns0:forename type="first">G</ns0:forename><ns0:surname>Zhao</ns0:surname></ns0:persName>
		</ns0:author>
		<ns0:author>
			<ns0:persName><ns0:forename type="first">D</ns0:forename><ns0:surname>Zhu</ns0:surname></ns0:persName>
		</ns0:author>
		<ns0:idno type="DOI">10.1021/acs.accounts.7b00124</ns0:idno>
	</ns0:analytic>
	<ns0:monogr>
		<ns0:title level="j">Acc. Chem. Res</ns0:title>
		<ns0:imprint>
			<ns0:biblScope unit="volume">50</ns0:biblScope>
			<ns0:biblScope unit="page" from="1654" to="1662" />
			<ns0:date type="published" when="2017">2017</ns0:date>
		</ns0:imprint>
	</ns0:monogr>
</ns0:biblStruct>

<ns0:biblStruct xml:id="b3">
	<ns0:analytic>
		<ns0:title level="a" type="main">Recent Progress on Organic Donor-Acceptor Complexes as Active Elements in Organic Field-Effect Transistors</ns0:title>
		<ns0:author>
			<ns0:persName><ns0:forename type="first">J</ns0:forename><ns0:surname>Zhang</ns0:surname></ns0:persName>
		</ns0:author>
		<ns0:author>
			<ns0:persName><ns0:forename type="first">J</ns0:forename><ns0:surname>Jin</ns0:surname></ns0:persName>
		</ns0:author>
		<ns0:author>
			<ns0:persName><ns0:forename type="first">H</ns0:forename><ns0:surname>Xu</ns0:surname></ns0:persName>
		</ns0:author>
		<ns0:author>
			<ns0:persName><ns0:forename type="first">Q</ns0:forename><ns0:surname>Zhang</ns0:surname></ns0:persName>
		</ns0:author>
		<ns0:author>
			<ns0:persName><ns0:forename type="first">W</ns0:forename><ns0:surname>Huang</ns0:surname></ns0:persName>
		</ns0:author>
		<ns0:idno type="DOI">10.1039/C7TC04389A</ns0:idno>
	</ns0:analytic>
	<ns0:monogr>
		<ns0:title level="j">J. Mater. Chem. C</ns0:title>
		<ns0:imprint>
			<ns0:biblScope unit="volume">6</ns0:biblScope>
			<ns0:biblScope unit="page" from="3485" to="3498" />
			<ns0:date type="published" when="2018">2018</ns0:date>
		</ns0:imprint>
	</ns0:monogr>
</ns0:biblStruct>

<ns0:biblStruct xml:id="b4">
	<ns0:analytic>
		<ns0:title level="a" type="main">Charge-Transport Properties of F 6 TNAP-Based Charge-Transfer Cocrystals</ns0:title>
		<ns0:author>
			<ns0:persName><ns0:forename type="first">R</ns0:forename><ns0:forename type="middle">R</ns0:forename><ns0:surname>Dasari</ns0:surname></ns0:persName>
		</ns0:author>
		<ns0:author>
			<ns0:persName><ns0:forename type="first">X</ns0:forename><ns0:surname>Wang</ns0:surname></ns0:persName>
		</ns0:author>
		<ns0:author>
			<ns0:persName><ns0:forename type="first">R</ns0:forename><ns0:forename type="middle">A</ns0:forename><ns0:surname>Wiscons</ns0:surname></ns0:persName>
		</ns0:author>
		<ns0:author>
			<ns0:persName><ns0:forename type="first">H</ns0:forename><ns0:forename type="middle">F</ns0:forename><ns0:surname>Haneef</ns0:surname></ns0:persName>
		</ns0:author>
		<ns0:author>
			<ns0:persName><ns0:forename type="first">A</ns0:forename><ns0:surname>Ashokan</ns0:surname></ns0:persName>
		</ns0:author>
		<ns0:author>
			<ns0:persName><ns0:forename type="first">Y</ns0:forename><ns0:surname>Zhang</ns0:surname></ns0:persName>
		</ns0:author>
		<ns0:author>
			<ns0:persName><ns0:forename type="first">M</ns0:forename><ns0:forename type="middle">S</ns0:forename><ns0:surname>Fonari</ns0:surname></ns0:persName>
		</ns0:author>
		<ns0:author>
			<ns0:persName><ns0:forename type="first">S</ns0:forename><ns0:surname>Barlow</ns0:surname></ns0:persName>
		</ns0:author>
		<ns0:author>
			<ns0:persName><ns0:forename type="first">V</ns0:forename><ns0:surname>Coropceanu</ns0:surname></ns0:persName>
		</ns0:author>
		<ns0:author>
			<ns0:persName><ns0:forename type="first">T</ns0:forename><ns0:forename type="middle">V</ns0:forename><ns0:surname>Timofeeva</ns0:surname></ns0:persName>
		</ns0:author>
		<ns0:author>
			<ns0:persName><ns0:forename type="first">O</ns0:forename><ns0:forename type="middle">D</ns0:forename><ns0:surname>Jurchescu</ns0:surname></ns0:persName>
		</ns0:author>
		<ns0:author>
			<ns0:persName><ns0:forename type="first">J.-L</ns0:forename><ns0:surname>Bredas</ns0:surname></ns0:persName>
		</ns0:author>
		<ns0:author>
			<ns0:persName><ns0:forename type="first">A</ns0:forename><ns0:forename type="middle">J</ns0:forename><ns0:surname>Matzger</ns0:surname></ns0:persName>
		</ns0:author>
		<ns0:author>
			<ns0:persName><ns0:forename type="first">S</ns0:forename><ns0:forename type="middle">R</ns0:forename><ns0:surname>Marder</ns0:surname></ns0:persName>
		</ns0:author>
		<ns0:idno type="DOI">10.1002/adfm.201904858</ns0:idno>
	</ns0:analytic>
	<ns0:monogr>
		<ns0:title level="j">Adv. Funct. Mater</ns0:title>
		<ns0:imprint>
			<ns0:biblScope unit="volume">29</ns0:biblScope>
			<ns0:date type="published" when="2019">2019. 1904858</ns0:date>
		</ns0:imprint>
	</ns0:monogr>
</ns0:biblStruct>

<ns0:biblStruct xml:id="b5">
	<ns0:analytic>
		<ns0:title level="a" type="main">Interfacial Donor-Acceptor Engineering of Nanofiber Materials to Achieve Photoconductivity and Applications</ns0:title>
		<ns0:author>
			<ns0:persName><ns0:forename type="first">L</ns0:forename><ns0:surname>Zang</ns0:surname></ns0:persName>
		</ns0:author>
		<ns0:idno type="DOI">10.1021/acs.accounts.5b00176</ns0:idno>
	</ns0:analytic>
	<ns0:monogr>
		<ns0:title level="j">Acc. Chem. Res</ns0:title>
		<ns0:imprint>
			<ns0:biblScope unit="volume">48</ns0:biblScope>
			<ns0:biblScope unit="page" from="2705" to="2714" />
			<ns0:date type="published" when="2015">2015</ns0:date>
		</ns0:imprint>
	</ns0:monogr>
</ns0:biblStruct>

<ns0:biblStruct xml:id="b6">
	<ns0:analytic>
		<ns0:title level="a" type="main">Molecular Cocrystals: Design, Charge-Transfer and Optoelectronic Functionality</ns0:title>
		<ns0:author>
			<ns0:persName><ns0:forename type="first">L</ns0:forename><ns0:surname>Sun</ns0:surname></ns0:persName>
		</ns0:author>
		<ns0:author>
			<ns0:persName><ns0:forename type="first">W</ns0:forename><ns0:surname>Zhu</ns0:surname></ns0:persName>
		</ns0:author>
		<ns0:author>
			<ns0:persName><ns0:forename type="first">F</ns0:forename><ns0:surname>Yang</ns0:surname></ns0:persName>
		</ns0:author>
		<ns0:author>
			<ns0:persName><ns0:forename type="first">B</ns0:forename><ns0:surname>Li</ns0:surname></ns0:persName>
		</ns0:author>
		<ns0:author>
			<ns0:persName><ns0:forename type="first">X</ns0:forename><ns0:surname>Ren</ns0:surname></ns0:persName>
		</ns0:author>
		<ns0:author>
			<ns0:persName><ns0:forename type="first">X</ns0:forename><ns0:surname>Zhang</ns0:surname></ns0:persName>
		</ns0:author>
		<ns0:author>
			<ns0:persName><ns0:forename type="first">H</ns0:forename><ns0:surname>Wenping</ns0:surname></ns0:persName>
		</ns0:author>
		<ns0:idno type="DOI">10.1039/C7CP07167A</ns0:idno>
	</ns0:analytic>
	<ns0:monogr>
		<ns0:title level="j">Phys. Chem. Chem. Phys</ns0:title>
		<ns0:imprint>
			<ns0:biblScope unit="volume">20</ns0:biblScope>
			<ns0:biblScope unit="page" from="6009" to="6023" />
			<ns0:date type="published" when="2018">2018</ns0:date>
		</ns0:imprint>
	</ns0:monogr>
</ns0:biblStruct>

<ns0:biblStruct xml:id="b7">
	<ns0:analytic>
		<ns0:title level="a" type="main">Investigation of Charge-Transfer Interaction in Mixed Stack Donor-Acceptor Cocrystals Toward Tunable Solid-State Emission Characteristics</ns0:title>
		<ns0:author>
			<ns0:persName><ns0:forename type="first">R</ns0:forename><ns0:surname>Usman</ns0:surname></ns0:persName>
		</ns0:author>
		<ns0:author>
			<ns0:persName><ns0:forename type="first">A</ns0:forename><ns0:surname>Khan</ns0:surname></ns0:persName>
		</ns0:author>
		<ns0:author>
			<ns0:persName><ns0:forename type="first">M</ns0:forename><ns0:surname>Wang</ns0:surname></ns0:persName>
		</ns0:author>
		<ns0:author>
			<ns0:persName><ns0:forename type="first">Y</ns0:forename><ns0:surname>Luo</ns0:surname></ns0:persName>
		</ns0:author>
		<ns0:author>
			<ns0:persName><ns0:forename type="first">W</ns0:forename><ns0:surname>Sun</ns0:surname></ns0:persName>
		</ns0:author>
		<ns0:author>
			<ns0:persName><ns0:forename type="first">H</ns0:forename><ns0:surname>Sun</ns0:surname></ns0:persName>
		</ns0:author>
		<ns0:author>
			<ns0:persName><ns0:forename type="first">C</ns0:forename><ns0:surname>Du</ns0:surname></ns0:persName>
		</ns0:author>
		<ns0:author>
			<ns0:persName><ns0:forename type="first">N</ns0:forename><ns0:surname>He</ns0:surname></ns0:persName>
		</ns0:author>
		<ns0:idno type="DOI">10.1021/acs.cgd.8b00852</ns0:idno>
	</ns0:analytic>
	<ns0:monogr>
		<ns0:title level="j">Cryst. Growth Des</ns0:title>
		<ns0:imprint>
			<ns0:biblScope unit="volume">18</ns0:biblScope>
			<ns0:biblScope unit="page" from="6001" to="6008" />
			<ns0:date type="published" when="2018">2018</ns0:date>
		</ns0:imprint>
	</ns0:monogr>
</ns0:biblStruct>

<ns0:biblStruct xml:id="b8">
	<ns0:analytic>
		<ns0:title level="a" type="main">Insights into the Charge-Transfer Mechanism of Organic Photovoltaics: Effect of Domain Size</ns0:title>
		<ns0:author>
			<ns0:persName><ns0:forename type="first">G</ns0:forename><ns0:surname>Boschetto</ns0:surname></ns0:persName>
		</ns0:author>
		<ns0:author>
			<ns0:persName><ns0:forename type="first">M</ns0:forename><ns0:surname>Krompiec</ns0:surname></ns0:persName>
		</ns0:author>
		<ns0:author>
			<ns0:persName><ns0:forename type="first">C.-K</ns0:forename><ns0:surname>Skylaris</ns0:surname></ns0:persName>
		</ns0:author>
		<ns0:idno type="DOI">10.1021/acs.jpcc.8b03409</ns0:idno>
	</ns0:analytic>
	<ns0:monogr>
		<ns0:title level="j">J. Phys. Chem. C</ns0:title>
		<ns0:imprint>
			<ns0:biblScope unit="volume">122</ns0:biblScope>
			<ns0:biblScope unit="page" from="17024" to="17034" />
			<ns0:date type="published" when="2018">2018</ns0:date>
		</ns0:imprint>
	</ns0:monogr>
</ns0:biblStruct>

<ns0:biblStruct xml:id="b9">
	<ns0:analytic>
		<ns0:title />
		<ns0:author>
			<ns0:persName><ns0:forename type="first">A</ns0:forename><ns0:forename type="middle">S</ns0:forename><ns0:surname>Tayi</ns0:surname></ns0:persName>
		</ns0:author>
		<ns0:author>
			<ns0:persName><ns0:forename type="first">A</ns0:forename><ns0:surname>Kaeser</ns0:surname></ns0:persName>
		</ns0:author>
		<ns0:author>
			<ns0:persName><ns0:forename type="first">M</ns0:forename><ns0:surname>Matsumoto</ns0:surname></ns0:persName>
		</ns0:author>
		<ns0:author>
			<ns0:persName><ns0:forename type="first">T</ns0:forename><ns0:surname>Aida</ns0:surname></ns0:persName>
		</ns0:author>
		<ns0:author>
			<ns0:persName><ns0:forename type="first">S</ns0:forename><ns0:forename type="middle">I</ns0:forename><ns0:surname>Stupp</ns0:surname></ns0:persName>
		</ns0:author>
		<ns0:author>
			<ns0:persName><ns0:surname>Supramolecular Ferroelectrics</ns0:surname></ns0:persName>
		</ns0:author>
		<ns0:idno type="DOI">10.1038/nchem.2206</ns0:idno>
	</ns0:analytic>
	<ns0:monogr>
		<ns0:title level="j">Nat. Chem</ns0:title>
		<ns0:imprint>
			<ns0:biblScope unit="volume">7</ns0:biblScope>
			<ns0:biblScope unit="page" from="281" to="294" />
			<ns0:date type="published" when="2015">2015</ns0:date>
		</ns0:imprint>
	</ns0:monogr>
</ns0:biblStruct>

<ns0:biblStruct xml:id="b10">
	<ns0:analytic>
		<ns0:title level="a" type="main">Ferroelectric Polarization and Second Harmonic Generation in Supramolecular Cocrystals with Two Axes of Charge-Transfer</ns0:title>
		<ns0:author>
			<ns0:persName><ns0:forename type="first">A</ns0:forename><ns0:surname>Narayanan</ns0:surname></ns0:persName>
		</ns0:author>
		<ns0:author>
			<ns0:persName><ns0:forename type="first">D</ns0:forename><ns0:surname>Cao</ns0:surname></ns0:persName>
		</ns0:author>
		<ns0:author>
			<ns0:persName><ns0:forename type="first">L</ns0:forename><ns0:surname>Frazer</ns0:surname></ns0:persName>
		</ns0:author>
		<ns0:author>
			<ns0:persName><ns0:forename type="first">A</ns0:forename><ns0:forename type="middle">S</ns0:forename><ns0:surname>Tayi</ns0:surname></ns0:persName>
		</ns0:author>
		<ns0:author>
			<ns0:persName><ns0:forename type="first">A</ns0:forename><ns0:forename type="middle">K</ns0:forename><ns0:surname>Blackburn</ns0:surname></ns0:persName>
		</ns0:author>
		<ns0:author>
			<ns0:persName><ns0:forename type="first">A</ns0:forename><ns0:forename type="middle">C</ns0:forename><ns0:surname>Sue</ns0:surname></ns0:persName>
		</ns0:author>
		<ns0:author>
			<ns0:persName><ns0:forename type="first">J</ns0:forename><ns0:forename type="middle">B</ns0:forename><ns0:surname>-H.; Ketterson</ns0:surname></ns0:persName>
		</ns0:author>
		<ns0:author>
			<ns0:persName><ns0:forename type="first">J</ns0:forename><ns0:forename type="middle">F</ns0:forename><ns0:surname>Stoddart</ns0:surname></ns0:persName>
		</ns0:author>
		<ns0:author>
			<ns0:persName><ns0:forename type="first">S</ns0:forename><ns0:forename type="middle">I</ns0:forename><ns0:surname>Stupp</ns0:surname></ns0:persName>
		</ns0:author>
		<ns0:idno type="DOI">10.1021/jacs.7b02279</ns0:idno>
	</ns0:analytic>
	<ns0:monogr>
		<ns0:title level="j">J. Am. Chem. Soc</ns0:title>
		<ns0:imprint>
			<ns0:biblScope unit="volume">139</ns0:biblScope>
			<ns0:biblScope unit="page" from="9186" to="9191" />
			<ns0:date type="published" when="2017">2017</ns0:date>
		</ns0:imprint>
	</ns0:monogr>
</ns0:biblStruct>

<ns0:biblStruct xml:id="b11">
	<ns0:analytic>
		<ns0:title level="a" type="main">Organic Cocrystals: Beyond Electrical Conductivities and Field-Effect Transistors (FETs)</ns0:title>
		<ns0:author>
			<ns0:persName><ns0:forename type="first">Y</ns0:forename><ns0:surname>Huang</ns0:surname></ns0:persName>
		</ns0:author>
		<ns0:author>
			<ns0:persName><ns0:forename type="first">Z</ns0:forename><ns0:surname>Wang</ns0:surname></ns0:persName>
		</ns0:author>
		<ns0:author>
			<ns0:persName><ns0:forename type="first">Z</ns0:forename><ns0:surname>Chen</ns0:surname></ns0:persName>
		</ns0:author>
		<ns0:author>
			<ns0:persName><ns0:forename type="first">Q</ns0:forename><ns0:surname>Zhang</ns0:surname></ns0:persName>
		</ns0:author>
		<ns0:idno type="DOI">10.1002/anie.201900501</ns0:idno>
	</ns0:analytic>
	<ns0:monogr>
		<ns0:title level="j">Angew. Chem., Int. Ed</ns0:title>
		<ns0:imprint>
			<ns0:biblScope unit="volume">58</ns0:biblScope>
			<ns0:biblScope unit="page" from="9696" to="9711" />
			<ns0:date type="published" when="2019">2019</ns0:date>
		</ns0:imprint>
	</ns0:monogr>
</ns0:biblStruct>

<ns0:biblStruct xml:id="b12">
	<ns0:analytic>
		<ns0:title level="a" type="main">Novel Reversible Ionic-to-Covalent Transition in a Highly Conducting TTF Derivative</ns0:title>
		<ns0:author>
			<ns0:persName><ns0:forename type="first">Z</ns0:forename><ns0:surname>Wang</ns0:surname></ns0:persName>
		</ns0:author>
		<ns0:author>
			<ns0:persName><ns0:forename type="first">Q</ns0:forename><ns0:surname>Zhang</ns0:surname></ns0:persName>
		</ns0:author>
		<ns0:author>
			<ns0:persName><ns0:forename type="first">C</ns0:forename><ns0:surname>Kwang-Fu Shen</ns0:surname></ns0:persName>
		</ns0:author>
		<ns0:author>
			<ns0:persName><ns0:forename type="first">H</ns0:forename><ns0:forename type="middle">M</ns0:forename><ns0:surname>Duong</ns0:surname></ns0:persName>
		</ns0:author>
		<ns0:author>
			<ns0:persName><ns0:forename type="first">G</ns0:forename><ns0:surname>Sonmez</ns0:surname></ns0:persName>
		</ns0:author>
		<ns0:author>
			<ns0:persName><ns0:forename type="first">F</ns0:forename><ns0:surname>Wudl</ns0:surname></ns0:persName>
		</ns0:author>
		<ns0:idno type="DOI">10.1021/ja037621n</ns0:idno>
	</ns0:analytic>
	<ns0:monogr>
		<ns0:title level="j">Asian J. Org. Chem</ns0:title>
		<ns0:imprint>
			<ns0:biblScope unit="volume">9</ns0:biblScope>
			<ns0:biblScope unit="issue">14</ns0:biblScope>
			<ns0:biblScope unit="page" from="16206" to="16207" />
			<ns0:date type="published" when="2003">2020. 2003</ns0:date>
		</ns0:imprint>
	</ns0:monogr>
	<ns0:note>J. Am. Chem. Soc.</ns0:note>
</ns0:biblStruct>

<ns0:biblStruct xml:id="b13">
	<ns0:analytic>
		<ns0:title level="a" type="main">Electronic Structures of Intermolecular Charge-Transfer States in Fast Electron Transfers with Tetrathiafulvalene Donor. Thermal and Photoactivation of [2 + 4] Cycloaddition to o-Chloranil Acceptor</ns0:title>
		<ns0:author>
			<ns0:persName><ns0:forename type="first">S</ns0:forename><ns0:forename type="middle">V</ns0:forename><ns0:surname>Rosokha</ns0:surname></ns0:persName>
		</ns0:author>
		<ns0:author>
			<ns0:persName><ns0:forename type="first">S</ns0:forename><ns0:forename type="middle">M</ns0:forename><ns0:surname>Dibrov</ns0:surname></ns0:persName>
		</ns0:author>
		<ns0:author>
			<ns0:persName><ns0:forename type="first">T</ns0:forename><ns0:forename type="middle">Y</ns0:forename><ns0:surname>Rosokha</ns0:surname></ns0:persName>
		</ns0:author>
		<ns0:author>
			<ns0:persName><ns0:forename type="first">J</ns0:forename><ns0:forename type="middle">K</ns0:forename><ns0:surname>Kochi</ns0:surname></ns0:persName>
		</ns0:author>
		<ns0:idno type="DOI">10.1039/b607431f</ns0:idno>
	</ns0:analytic>
	<ns0:monogr>
		<ns0:title level="j">Photochem. Photobiol. Sci</ns0:title>
		<ns0:imprint>
			<ns0:biblScope unit="volume">5</ns0:biblScope>
			<ns0:biblScope unit="page" from="914" to="924" />
			<ns0:date type="published" when="2006">2006</ns0:date>
		</ns0:imprint>
	</ns0:monogr>
</ns0:biblStruct>

<ns0:biblStruct xml:id="b14">
	<ns0:analytic>
		<ns0:title level="a" type="main">Crystal Growth of New Charge-Transfer Salts Based on &#960;-Conjugated Donor Molecules</ns0:title>
		<ns0:author>
			<ns0:persName><ns0:forename type="first">A</ns0:forename><ns0:surname>Morherr</ns0:surname></ns0:persName>
		</ns0:author>
		<ns0:author>
			<ns0:persName><ns0:forename type="first">S</ns0:forename><ns0:surname>Witt</ns0:surname></ns0:persName>
		</ns0:author>
		<ns0:author>
			<ns0:persName><ns0:forename type="first">A</ns0:forename><ns0:surname>Chernenkaya</ns0:surname></ns0:persName>
		</ns0:author>
		<ns0:author>
			<ns0:persName><ns0:forename type="first">J</ns0:forename><ns0:forename type="middle">P</ns0:forename><ns0:surname>Backer</ns0:surname></ns0:persName>
		</ns0:author>
		<ns0:author>
			<ns0:persName><ns0:forename type="first">G</ns0:forename><ns0:surname>Schonhense</ns0:surname></ns0:persName>
		</ns0:author>
		<ns0:author>
			<ns0:persName><ns0:forename type="first">M</ns0:forename><ns0:surname>Bolte</ns0:surname></ns0:persName>
		</ns0:author>
		<ns0:author>
			<ns0:persName><ns0:forename type="first">C</ns0:forename><ns0:surname>Krellner</ns0:surname></ns0:persName>
		</ns0:author>
		<ns0:idno type="DOI">10.1016/j.physb.2016.05.023</ns0:idno>
	</ns0:analytic>
	<ns0:monogr>
		<ns0:title level="j">Phys. B</ns0:title>
		<ns0:imprint>
			<ns0:biblScope unit="volume">496</ns0:biblScope>
			<ns0:biblScope unit="page" from="98" to="105" />
			<ns0:date type="published" when="2016">2016</ns0:date>
		</ns0:imprint>
	</ns0:monogr>
</ns0:biblStruct>

<ns0:biblStruct xml:id="b15">
	<ns0:analytic>
		<ns0:title level="a" type="main">Structure, Stoichiometry, and Charge Transfer in Cocrystals of Perylene with TCNQ-F x</ns0:title>
		<ns0:author>
			<ns0:persName><ns0:forename type="first">T</ns0:forename><ns0:surname>Salzillo</ns0:surname></ns0:persName>
		</ns0:author>
		<ns0:author>
			<ns0:persName><ns0:forename type="first">M</ns0:forename><ns0:surname>Masino</ns0:surname></ns0:persName>
		</ns0:author>
		<ns0:author>
			<ns0:persName><ns0:forename type="first">G</ns0:forename><ns0:surname>Kociok-Ko&#7719;n</ns0:surname></ns0:persName>
		</ns0:author>
		<ns0:author>
			<ns0:persName><ns0:forename type="first">D</ns0:forename><ns0:surname>Di Nuzzo</ns0:surname></ns0:persName>
		</ns0:author>
		<ns0:author>
			<ns0:persName><ns0:forename type="first">E</ns0:forename><ns0:surname>Venuti</ns0:surname></ns0:persName>
		</ns0:author>
		<ns0:author>
			<ns0:persName><ns0:forename type="first">R</ns0:forename><ns0:forename type="middle">G</ns0:forename><ns0:surname>Della Valle</ns0:surname></ns0:persName>
		</ns0:author>
		<ns0:author>
			<ns0:persName><ns0:forename type="first">D</ns0:forename><ns0:surname>Vanossi</ns0:surname></ns0:persName>
		</ns0:author>
		<ns0:author>
			<ns0:persName><ns0:forename type="first">C</ns0:forename><ns0:surname>Fontanesi</ns0:surname></ns0:persName>
		</ns0:author>
		<ns0:author>
			<ns0:persName><ns0:forename type="first">A</ns0:forename><ns0:surname>Girlando</ns0:surname></ns0:persName>
		</ns0:author>
		<ns0:author>
			<ns0:persName><ns0:forename type="first">A</ns0:forename><ns0:surname>Brillante</ns0:surname></ns0:persName>
		</ns0:author>
		<ns0:author>
			<ns0:persName><ns0:forename type="first">E</ns0:forename><ns0:surname>Da Como</ns0:surname></ns0:persName>
		</ns0:author>
		<ns0:idno type="DOI">10.1021/acs.cgd.5b01663</ns0:idno>
	</ns0:analytic>
	<ns0:monogr>
		<ns0:title level="j">Cryst. Growth Des</ns0:title>
		<ns0:imprint>
			<ns0:biblScope unit="volume">16</ns0:biblScope>
			<ns0:biblScope unit="page" from="3028" to="3036" />
			<ns0:date type="published" when="2016">2016</ns0:date>
		</ns0:imprint>
	</ns0:monogr>
</ns0:biblStruct>

<ns0:biblStruct xml:id="b16">
	<ns0:monogr>
		<ns0:title />
		<ns0:author>
			<ns0:persName><ns0:forename type="first">Y</ns0:forename><ns0:surname>Yang</ns0:surname></ns0:persName>
		</ns0:author>
		<ns0:author>
			<ns0:persName><ns0:forename type="first">G</ns0:forename><ns0:surname>Liu</ns0:surname></ns0:persName>
		</ns0:author>
		<ns0:author>
			<ns0:persName><ns0:forename type="first">J</ns0:forename><ns0:surname>Liu</ns0:surname></ns0:persName>
		</ns0:author>
		<ns0:author>
			<ns0:persName><ns0:forename type="first">M</ns0:forename><ns0:surname>Wei</ns0:surname></ns0:persName>
		</ns0:author>
		<ns0:author>
			<ns0:persName><ns0:forename type="first">Z</ns0:forename><ns0:surname>Wang</ns0:surname></ns0:persName>
		</ns0:author>
		<ns0:author>
			<ns0:persName><ns0:forename type="first">X</ns0:forename><ns0:surname>Hao</ns0:surname></ns0:persName>
		</ns0:author>
		<ns0:author>
			<ns0:persName><ns0:forename type="first">D</ns0:forename><ns0:surname>Repaka</ns0:surname></ns0:persName>
		</ns0:author>
		<ns0:imprint />
	</ns0:monogr>
</ns0:biblStruct>

<ns0:biblStruct xml:id="b17">
	<ns0:analytic>
		<ns0:title level="a" type="main">Anisotropic Magnetoelectric Coupling and Cotton-Mouton Effects in the Organic Magnetic Charge-Transfer Complex Pyrene-F 4 TCNQ</ns0:title>
		<ns0:author>
			<ns0:persName><ns0:forename type="first">V</ns0:forename><ns0:forename type="middle">M</ns0:forename><ns0:surname>Ramanujan</ns0:surname></ns0:persName>
		</ns0:author>
		<ns0:author>
			<ns0:persName><ns0:forename type="first">R</ns0:forename><ns0:forename type="middle">V</ns0:forename><ns0:surname>Tao</ns0:surname></ns0:persName>
		</ns0:author>
		<ns0:author>
			<ns0:persName><ns0:forename type="first">X</ns0:forename><ns0:surname>Qin</ns0:surname></ns0:persName>
		</ns0:author>
		<ns0:author>
			<ns0:persName><ns0:forename type="first">W</ns0:forename><ns0:surname>Zhang</ns0:surname></ns0:persName>
		</ns0:author>
		<ns0:author>
			<ns0:persName><ns0:forename type="first">Q</ns0:forename></ns0:persName>
		</ns0:author>
		<ns0:idno type="DOI">10.1021/acsami.8b16848</ns0:idno>
	</ns0:analytic>
	<ns0:monogr>
		<ns0:title level="j">ACS Appl. Mater. Interfaces</ns0:title>
		<ns0:imprint>
			<ns0:biblScope unit="volume">10</ns0:biblScope>
			<ns0:biblScope unit="page" from="44654" to="44659" />
			<ns0:date type="published" when="2018">2018</ns0:date>
		</ns0:imprint>
	</ns0:monogr>
</ns0:biblStruct>

<ns0:biblStruct xml:id="b18">
	<ns0:analytic>
		<ns0:title level="a" type="main">Infrared and Raman Studies of Charge Ordering in Organic Conductors, BEDT-TTF Salts with Quarter-Filled Bands</ns0:title>
		<ns0:author>
			<ns0:persName><ns0:forename type="first">K</ns0:forename><ns0:surname>Yakushi</ns0:surname></ns0:persName>
		</ns0:author>
		<ns0:idno type="DOI">10.3390/cryst2031291</ns0:idno>
	</ns0:analytic>
	<ns0:monogr>
		<ns0:title level="j">Crystals</ns0:title>
		<ns0:imprint>
			<ns0:biblScope unit="volume">2</ns0:biblScope>
			<ns0:biblScope unit="page" from="1291" to="1346" />
			<ns0:date type="published" when="2012">2012</ns0:date>
		</ns0:imprint>
	</ns0:monogr>
</ns0:biblStruct>

<ns0:biblStruct xml:id="b19">
	<ns0:analytic>
		<ns0:title level="a" type="main">Tellurium-Containing compounds</ns0:title>
		<ns0:author>
			<ns0:persName><ns0:forename type="first">S</ns0:forename><ns0:forename type="middle">G</ns0:forename><ns0:surname>Richard</ns0:surname></ns0:persName>
		</ns0:author>
		<ns0:author>
			<ns0:persName><ns0:forename type="first">-</ns0:forename><ns0:surname>Sulfur</ns0:surname></ns0:persName>
		</ns0:author>
		<ns0:author>
			<ns0:persName><ns0:forename type="first">-</ns0:forename><ns0:surname>Selenium</ns0:surname></ns0:persName>
		</ns0:author>
	</ns0:analytic>
	<ns0:monogr>
		<ns0:title level="m">Organic Electrochemistry</ns0:title>
		<ns0:imprint />
	</ns0:monogr>
	<ns0:note>Revised and expanded</ns0:note>
</ns0:biblStruct>

<ns0:biblStruct xml:id="b20">
	<ns0:analytic>
		<ns0:title level="a" type="main">A Practicable Real-Space Measure and Visualization of Static Electron-Correlation Effects</ns0:title>
		<ns0:author>
			<ns0:persName><ns0:forename type="first">S</ns0:forename><ns0:surname>Grimme</ns0:surname></ns0:persName>
		</ns0:author>
		<ns0:author>
			<ns0:persName><ns0:forename type="first">A</ns0:forename><ns0:surname>Hansen</ns0:surname></ns0:persName>
		</ns0:author>
		<ns0:idno type="DOI">10.1002/anie.201501887</ns0:idno>
	</ns0:analytic>
	<ns0:monogr>
		<ns0:title level="j">Angew. Chem., Int. Ed</ns0:title>
		<ns0:imprint>
			<ns0:biblScope unit="volume">54</ns0:biblScope>
			<ns0:biblScope unit="page" from="12308" to="12313" />
			<ns0:date type="published" when="2015">2015</ns0:date>
		</ns0:imprint>
	</ns0:monogr>
</ns0:biblStruct>

<ns0:biblStruct xml:id="b21">
	<ns0:analytic>
		<ns0:title level="a" type="main">Electronic Properties of Mixed-Stack Organic Charge-Transfer Crystals</ns0:title>
		<ns0:author>
			<ns0:persName><ns0:forename type="first">L</ns0:forename><ns0:surname>Zhu</ns0:surname></ns0:persName>
		</ns0:author>
		<ns0:author>
			<ns0:persName><ns0:forename type="first">Y</ns0:forename><ns0:surname>Yi</ns0:surname></ns0:persName>
		</ns0:author>
		<ns0:author>
			<ns0:persName><ns0:forename type="first">A</ns0:forename><ns0:surname>Fonari</ns0:surname></ns0:persName>
		</ns0:author>
		<ns0:author>
			<ns0:persName><ns0:forename type="first">N</ns0:forename><ns0:forename type="middle">S</ns0:forename><ns0:surname>Corbin</ns0:surname></ns0:persName>
		</ns0:author>
		<ns0:author>
			<ns0:persName><ns0:forename type="first">V</ns0:forename><ns0:surname>Coropceanu</ns0:surname></ns0:persName>
		</ns0:author>
		<ns0:author>
			<ns0:persName><ns0:forename type="first">J.-L</ns0:forename><ns0:surname>Bredas</ns0:surname></ns0:persName>
		</ns0:author>
		<ns0:idno type="DOI">10.1021/jp502411u</ns0:idno>
	</ns0:analytic>
	<ns0:monogr>
		<ns0:title level="j">J. Phys. Chem. C</ns0:title>
		<ns0:imprint>
			<ns0:biblScope unit="volume">118</ns0:biblScope>
			<ns0:biblScope unit="page" from="14150" to="14156" />
			<ns0:date type="published" when="2014">2014</ns0:date>
		</ns0:imprint>
	</ns0:monogr>
</ns0:biblStruct>

<ns0:biblStruct xml:id="b22">
	<ns0:analytic>
		<ns0:title level="a" type="main">Why Are the Interaction Energies of Charge-Transfer Complexes Challenging for DFT?</ns0:title>
		<ns0:author>
			<ns0:persName><ns0:forename type="first">S</ns0:forename><ns0:forename type="middle">N</ns0:forename><ns0:surname>Steinmann</ns0:surname></ns0:persName>
		</ns0:author>
		<ns0:author>
			<ns0:persName><ns0:forename type="first">C</ns0:forename><ns0:surname>Piemontesi</ns0:surname></ns0:persName>
		</ns0:author>
		<ns0:author>
			<ns0:persName><ns0:forename type="first">A</ns0:forename><ns0:surname>Delachat</ns0:surname></ns0:persName>
		</ns0:author>
		<ns0:author>
			<ns0:persName><ns0:forename type="first">C</ns0:forename><ns0:surname>Corminboeuf</ns0:surname></ns0:persName>
		</ns0:author>
		<ns0:idno type="DOI">10.1021/ct200930x</ns0:idno>
	</ns0:analytic>
	<ns0:monogr>
		<ns0:title level="j">J. Chem. Theory Comput</ns0:title>
		<ns0:imprint>
			<ns0:biblScope unit="volume">8</ns0:biblScope>
			<ns0:biblScope unit="page" from="1629" to="1640" />
			<ns0:date type="published" when="2012">2012</ns0:date>
		</ns0:imprint>
	</ns0:monogr>
</ns0:biblStruct>

<ns0:biblStruct xml:id="b23">
	<ns0:analytic>
		<ns0:title level="a" type="main">Chemical Applications of X-ray Charge-Density Analysis</ns0:title>
		<ns0:author>
			<ns0:persName><ns0:forename type="first">T</ns0:forename><ns0:forename type="middle">S</ns0:forename><ns0:surname>Koritsanszky</ns0:surname></ns0:persName>
		</ns0:author>
		<ns0:author>
			<ns0:persName><ns0:forename type="first">P</ns0:forename><ns0:surname>Coppens</ns0:surname></ns0:persName>
		</ns0:author>
		<ns0:idno type="DOI">10.1021/cr990112c</ns0:idno>
	</ns0:analytic>
	<ns0:monogr>
		<ns0:title level="j">Chem. Rev</ns0:title>
		<ns0:imprint>
			<ns0:biblScope unit="volume">101</ns0:biblScope>
			<ns0:biblScope unit="page" from="1583" to="1627" />
			<ns0:date type="published" when="2001">2001</ns0:date>
		</ns0:imprint>
	</ns0:monogr>
</ns0:biblStruct>

<ns0:biblStruct xml:id="b24">
	<ns0:analytic>
		<ns0:title level="a" type="main">Direct Evaluation of the Charge Transfer in the Tetrathiafulvalene-Tetracyanoquinodimethane (TTF-TCNQ) Complex at 100 K by Numerical Integration of X-Ray Diffraction Amplitudes</ns0:title>
		<ns0:author>
			<ns0:persName><ns0:forename type="first">P</ns0:forename><ns0:surname>Coppens</ns0:surname></ns0:persName>
		</ns0:author>
		<ns0:idno type="DOI">10.1103/PhysRevLett.35.98</ns0:idno>
	</ns0:analytic>
	<ns0:monogr>
		<ns0:title level="j">Phys. Rev. Lett</ns0:title>
		<ns0:imprint>
			<ns0:biblScope unit="volume">35</ns0:biblScope>
			<ns0:biblScope unit="page" from="98" to="100" />
			<ns0:date type="published" when="1975">1975</ns0:date>
		</ns0:imprint>
	</ns0:monogr>
</ns0:biblStruct>

<ns0:biblStruct xml:id="b25">
	<ns0:analytic>
		<ns0:title level="a" type="main">Net Atomic Charges and Molecular Dipole Moments from Spherical-Atom X-ray Refinements, and the Relation between Atomic Charge and Shape</ns0:title>
		<ns0:author>
			<ns0:persName><ns0:forename type="first">P</ns0:forename><ns0:surname>Coppens</ns0:surname></ns0:persName>
		</ns0:author>
		<ns0:author>
			<ns0:persName><ns0:forename type="first">T</ns0:forename><ns0:forename type="middle">N</ns0:forename><ns0:surname>Guru Row</ns0:surname></ns0:persName>
		</ns0:author>
		<ns0:author>
			<ns0:persName><ns0:forename type="first">P</ns0:forename><ns0:surname>Leung</ns0:surname></ns0:persName>
		</ns0:author>
		<ns0:author>
			<ns0:persName><ns0:forename type="first">E</ns0:forename><ns0:forename type="middle">D</ns0:forename><ns0:surname>Stevens</ns0:surname></ns0:persName>
		</ns0:author>
		<ns0:author>
			<ns0:persName><ns0:forename type="first">P</ns0:forename><ns0:forename type="middle">J</ns0:forename><ns0:surname>Becker</ns0:surname></ns0:persName>
		</ns0:author>
		<ns0:author>
			<ns0:persName><ns0:forename type="first">Y</ns0:forename><ns0:forename type="middle">W</ns0:forename><ns0:surname>Yang</ns0:surname></ns0:persName>
		</ns0:author>
		<ns0:idno type="DOI">10.1107/S0567739479000127</ns0:idno>
	</ns0:analytic>
	<ns0:monogr>
		<ns0:title level="j">Acta Crystallogr., Sect. A: Cryst. Phys., Diffr., Theor. Gen. Crystallogr</ns0:title>
		<ns0:imprint>
			<ns0:biblScope unit="volume">35</ns0:biblScope>
			<ns0:biblScope unit="page" from="63" to="72" />
			<ns0:date type="published" when="1979">1979</ns0:date>
		</ns0:imprint>
	</ns0:monogr>
</ns0:biblStruct>

<ns0:biblStruct xml:id="b26">
	<ns0:analytic>
		<ns0:title level="a" type="main">Electron Density Study of the One-Dimensional Organic Metal Bis(thiodimethylene)-Tetrathiafulvalene Tetracyanoquinodimethane</ns0:title>
		<ns0:author>
			<ns0:persName><ns0:forename type="first">E</ns0:forename><ns0:surname>Espinosa</ns0:surname></ns0:persName>
		</ns0:author>
		<ns0:author>
			<ns0:persName><ns0:forename type="first">E</ns0:forename><ns0:surname>Molins</ns0:surname></ns0:persName>
		</ns0:author>
		<ns0:author>
			<ns0:persName><ns0:forename type="first">C</ns0:forename><ns0:surname>Lecomte</ns0:surname></ns0:persName>
		</ns0:author>
		<ns0:idno type="DOI">10.1103/PhysRevB.56.1820</ns0:idno>
	</ns0:analytic>
	<ns0:monogr>
		<ns0:title level="j">Phys. Rev. B: Condens. Matter Mater. Phys</ns0:title>
		<ns0:imprint>
			<ns0:biblScope unit="volume">56</ns0:biblScope>
			<ns0:biblScope unit="page" from="1820" to="1833" />
			<ns0:date type="published" when="1997">1997</ns0:date>
		</ns0:imprint>
	</ns0:monogr>
</ns0:biblStruct>

<ns0:biblStruct xml:id="b27">
	<ns0:analytic>
		<ns0:title level="a" type="main">On the Accurate Estimation of Intermolecular Interactions and Charge Transfer: The Case of TTF-CA</ns0:title>
		<ns0:author>
			<ns0:persName><ns0:forename type="first">P</ns0:forename><ns0:surname>Garcia</ns0:surname></ns0:persName>
		</ns0:author>
		<ns0:author>
			<ns0:persName><ns0:forename type="first">S</ns0:forename><ns0:surname>Dahaoui</ns0:surname></ns0:persName>
		</ns0:author>
		<ns0:author>
			<ns0:persName><ns0:forename type="first">C</ns0:forename><ns0:surname>Katan</ns0:surname></ns0:persName>
		</ns0:author>
		<ns0:author>
			<ns0:persName><ns0:forename type="first">M</ns0:forename><ns0:surname>Souhassou</ns0:surname></ns0:persName>
		</ns0:author>
		<ns0:author>
			<ns0:persName><ns0:forename type="first">C</ns0:forename><ns0:surname>Lecomte</ns0:surname></ns0:persName>
		</ns0:author>
		<ns0:idno type="DOI">10.1039/B606642A</ns0:idno>
	</ns0:analytic>
	<ns0:monogr>
		<ns0:title level="j">Faraday Discuss</ns0:title>
		<ns0:imprint>
			<ns0:biblScope unit="volume">135</ns0:biblScope>
			<ns0:biblScope unit="page" from="217" to="235" />
			<ns0:date type="published" when="2007">2007</ns0:date>
		</ns0:imprint>
	</ns0:monogr>
</ns0:biblStruct>

<ns0:biblStruct xml:id="b28">
	<ns0:analytic>
		<ns0:title level="a" type="main">Insights from Electron Density Analysis into the Charge Transfer Mechanism in a Photoluminescent Cocrystal of Phenanthrene and Tetrafluoro-1,4-benzoquinone</ns0:title>
		<ns0:author>
			<ns0:persName><ns0:forename type="first">V</ns0:forename><ns0:forename type="middle">R</ns0:forename><ns0:surname>Hathwar</ns0:surname></ns0:persName>
		</ns0:author>
		<ns0:author>
			<ns0:persName><ns0:forename type="first">R</ns0:forename><ns0:surname>Bhowal</ns0:surname></ns0:persName>
		</ns0:author>
		<ns0:author>
			<ns0:persName><ns0:forename type="first">D</ns0:forename><ns0:surname>Chopra</ns0:surname></ns0:persName>
		</ns0:author>
		<ns0:idno type="DOI">10.1016/j.molstruc.2020.127864</ns0:idno>
	</ns0:analytic>
	<ns0:monogr>
		<ns0:title level="j">J. Mol. Struct</ns0:title>
		<ns0:imprint>
			<ns0:biblScope unit="page">127864</ns0:biblScope>
			<ns0:date type="published" when="2020">2020</ns0:date>
		</ns0:imprint>
	</ns0:monogr>
</ns0:biblStruct>

<ns0:biblStruct xml:id="b29">
	<ns0:analytic>
		<ns0:title level="a" type="main">Single-Crystal Growth, Structures, Charge Transfer and Transport Properties of Anthracene-Crystal Growth &amp; Design pubs</ns0:title>
		<ns0:author>
			<ns0:persName><ns0:forename type="first">P</ns0:forename><ns0:surname>Hu</ns0:surname></ns0:persName>
		</ns0:author>
		<ns0:author>
			<ns0:persName><ns0:forename type="first">H</ns0:forename><ns0:surname>Li</ns0:surname></ns0:persName>
		</ns0:author>
		<ns0:author>
			<ns0:persName><ns0:forename type="first">Y</ns0:forename><ns0:surname>Li</ns0:surname></ns0:persName>
		</ns0:author>
		<ns0:author>
			<ns0:persName><ns0:forename type="first">H</ns0:forename><ns0:surname>Jian</ns0:surname></ns0:persName>
		</ns0:author>
		<ns0:author>
			<ns0:persName><ns0:forename type="first">C</ns0:forename><ns0:surname>Kloc</ns0:surname></ns0:persName>
		</ns0:author>
		<ns0:idno type="DOI">10.1021/acs.cgd.0c01287?ref=pdf</ns0:idno>
		<ns0:ptr target="https://dx.doi.org/10.1021/acs.cgd.0c01287Cryst" />
	</ns0:analytic>
	<ns0:monogr>
		<ns0:title level="j">Growth Des. XXXX</ns0:title>
		<ns0:imprint>
			<ns0:biblScope unit="volume">XXX</ns0:biblScope>
		</ns0:imprint>
	</ns0:monogr>
</ns0:biblStruct>

<ns0:biblStruct xml:id="b30">
	<ns0:analytic>
		<ns0:idno type="DOI">10.1039/C6CE02116F</ns0:idno>
	</ns0:analytic>
	<ns0:monogr>
		<ns0:title level="m">J F 4 TCNQ and Tetracene-F 4 TCNQ Charge-Transfer Compounds</ns0:title>
		<ns0:imprint>
			<ns0:date type="published" when="2017">2017</ns0:date>
			<ns0:biblScope unit="volume">19</ns0:biblScope>
			<ns0:biblScope unit="page" from="618" to="624" />
		</ns0:imprint>
	</ns0:monogr>
</ns0:biblStruct>

<ns0:biblStruct xml:id="b31">
	<ns0:monogr>
		<ns0:author>
			<ns0:persName><ns0:forename type="first">B</ns0:forename><ns0:surname>Mahns</ns0:surname></ns0:persName>
		</ns0:author>
		<ns0:author>
			<ns0:persName><ns0:forename type="first">O</ns0:forename><ns0:surname>Kataeva</ns0:surname></ns0:persName>
		</ns0:author>
		<ns0:author>
			<ns0:persName><ns0:forename type="first">D</ns0:forename><ns0:surname>Islamov</ns0:surname></ns0:persName>
		</ns0:author>
		<ns0:author>
			<ns0:persName><ns0:forename type="first">S</ns0:forename><ns0:surname>Hampel</ns0:surname></ns0:persName>
		</ns0:author>
		<ns0:author>
			<ns0:persName><ns0:forename type="first">F</ns0:forename><ns0:surname>Steckel</ns0:surname></ns0:persName>
		</ns0:author>
		<ns0:author>
			<ns0:persName><ns0:forename type="first">C</ns0:forename><ns0:surname>Hess</ns0:surname></ns0:persName>
		</ns0:author>
		<ns0:author>
			<ns0:persName><ns0:forename type="first">M</ns0:forename><ns0:surname>Knupfer</ns0:surname></ns0:persName>
		</ns0:author>
		<ns0:author>
			<ns0:persName><ns0:forename type="first">B</ns0:forename><ns0:surname>Buchner</ns0:surname></ns0:persName>
		</ns0:author>
		<ns0:author>
			<ns0:persName><ns0:forename type="first">C</ns0:forename><ns0:surname>Himcinschi</ns0:surname></ns0:persName>
		</ns0:author>
		<ns0:author>
			<ns0:persName><ns0:forename type="first">T</ns0:forename><ns0:surname>Hahn</ns0:surname></ns0:persName>
		</ns0:author>
		<ns0:author>
			<ns0:persName><ns0:forename type="first">R</ns0:forename><ns0:surname>Renger</ns0:surname></ns0:persName>
		</ns0:author>
		<ns0:author>
			<ns0:persName><ns0:forename type="first">J</ns0:forename><ns0:surname>Kortus</ns0:surname></ns0:persName>
		</ns0:author>
		<ns0:idno type="DOI">10.1021/cg401841n</ns0:idno>
		<ns0:title level="m">Crystal Growth, Structure, and Transport Properties of the Charge-Transfer</ns0:title>
		<ns0:imprint>
			<ns0:publisher>Cryst. Growth Des</ns0:publisher>
			<ns0:date type="published" when="2014">Salt Picene/2,3,5,6-Tetrafluoro-7,7,8,8-tetracyanoquinodimethane. 2014</ns0:date>
			<ns0:biblScope unit="volume">14</ns0:biblScope>
			<ns0:biblScope unit="page" from="1338" to="1346" />
		</ns0:imprint>
	</ns0:monogr>
</ns0:biblStruct>

<ns0:biblStruct xml:id="b32">
	<ns0:analytic>
		<ns0:title />
		<ns0:author>
			<ns0:persName><ns0:forename type="first">O</ns0:forename><ns0:surname>Kataeva</ns0:surname></ns0:persName>
		</ns0:author>
		<ns0:author>
			<ns0:persName><ns0:forename type="first">M</ns0:forename><ns0:surname>Khrizanforov</ns0:surname></ns0:persName>
		</ns0:author>
		<ns0:author>
			<ns0:persName><ns0:forename type="first">Y</ns0:forename><ns0:surname>Budnikova</ns0:surname></ns0:persName>
		</ns0:author>
		<ns0:author>
			<ns0:persName><ns0:forename type="first">D</ns0:forename><ns0:surname>Islamov</ns0:surname></ns0:persName>
		</ns0:author>
		<ns0:author>
			<ns0:persName><ns0:forename type="first">T</ns0:forename><ns0:surname>Burganov</ns0:surname></ns0:persName>
		</ns0:author>
		<ns0:author>
			<ns0:persName><ns0:forename type="first">A</ns0:forename><ns0:surname>Vandyukov</ns0:surname></ns0:persName>
		</ns0:author>
		<ns0:author>
			<ns0:persName><ns0:forename type="first">K</ns0:forename><ns0:surname>Lyssenko</ns0:surname></ns0:persName>
		</ns0:author>
		<ns0:author>
			<ns0:persName><ns0:forename type="first">B</ns0:forename><ns0:surname>Mahns</ns0:surname></ns0:persName>
		</ns0:author>
		<ns0:author>
			<ns0:persName><ns0:forename type="first">M</ns0:forename><ns0:surname>Nohr</ns0:surname></ns0:persName>
		</ns0:author>
		<ns0:author>
			<ns0:persName><ns0:forename type="first">S</ns0:forename><ns0:surname>Hampel</ns0:surname></ns0:persName>
		</ns0:author>
		<ns0:author>
			<ns0:persName><ns0:forename type="first">M</ns0:forename><ns0:surname>Knupfer</ns0:surname></ns0:persName>
		</ns0:author>
		<ns0:idno type="DOI">10.1021/acs.cgd.5b01301</ns0:idno>
	</ns0:analytic>
	<ns0:monogr>
		<ns0:title level="j">Crystal Growth, Dynamic and Charge Transfer Properties of New Coronene Charge Transfer Complexes. Cryst. Growth Des</ns0:title>
		<ns0:imprint>
			<ns0:biblScope unit="volume">16</ns0:biblScope>
			<ns0:biblScope unit="page" from="331" to="338" />
			<ns0:date type="published" when="2016">2016</ns0:date>
		</ns0:imprint>
	</ns0:monogr>
</ns0:biblStruct>

<ns0:biblStruct xml:id="b33">
	<ns0:analytic>
		<ns0:title level="a" type="main">Restoration of Conductivity with TTF-TCNQ Charge-Transfer Salts</ns0:title>
		<ns0:author>
			<ns0:persName><ns0:forename type="first">S</ns0:forename><ns0:forename type="middle">A</ns0:forename><ns0:surname>Odom</ns0:surname></ns0:persName>
		</ns0:author>
		<ns0:author>
			<ns0:persName><ns0:forename type="first">M</ns0:forename><ns0:forename type="middle">M</ns0:forename><ns0:surname>Caruso</ns0:surname></ns0:persName>
		</ns0:author>
		<ns0:author>
			<ns0:persName><ns0:forename type="first">A</ns0:forename><ns0:forename type="middle">D</ns0:forename><ns0:surname>Finke</ns0:surname></ns0:persName>
		</ns0:author>
		<ns0:author>
			<ns0:persName><ns0:forename type="first">A</ns0:forename><ns0:forename type="middle">M</ns0:forename><ns0:surname>Prokup</ns0:surname></ns0:persName>
		</ns0:author>
		<ns0:author>
			<ns0:persName><ns0:forename type="first">J</ns0:forename><ns0:forename type="middle">A</ns0:forename><ns0:surname>Ritchey</ns0:surname></ns0:persName>
		</ns0:author>
		<ns0:author>
			<ns0:persName><ns0:forename type="first">J</ns0:forename><ns0:forename type="middle">H</ns0:forename><ns0:surname>Leonard</ns0:surname></ns0:persName>
		</ns0:author>
		<ns0:author>
			<ns0:persName><ns0:forename type="first">S</ns0:forename><ns0:forename type="middle">R</ns0:forename><ns0:surname>White</ns0:surname></ns0:persName>
		</ns0:author>
		<ns0:author>
			<ns0:persName><ns0:forename type="first">N</ns0:forename><ns0:forename type="middle">R</ns0:forename><ns0:surname>Sottos</ns0:surname></ns0:persName>
		</ns0:author>
		<ns0:author>
			<ns0:persName><ns0:forename type="first">J</ns0:forename><ns0:forename type="middle">S</ns0:forename><ns0:surname>Moore</ns0:surname></ns0:persName>
		</ns0:author>
		<ns0:idno type="DOI">10.1002/adfm.201000159</ns0:idno>
	</ns0:analytic>
	<ns0:monogr>
		<ns0:title level="j">Adv. Funct. Mater</ns0:title>
		<ns0:imprint>
			<ns0:biblScope unit="volume">20</ns0:biblScope>
			<ns0:biblScope unit="page" from="1721" to="1727" />
			<ns0:date type="published" when="2010">2010</ns0:date>
		</ns0:imprint>
	</ns0:monogr>
</ns0:biblStruct>

<ns0:biblStruct xml:id="b34">
	<ns0:analytic>
		<ns0:title level="a" type="main">Toward Systematic Understanding of Diversity of Electronic Properties in Low-Dimensional Molecular Solids</ns0:title>
		<ns0:author>
			<ns0:persName><ns0:forename type="first">H</ns0:forename><ns0:surname>Seo</ns0:surname></ns0:persName>
		</ns0:author>
		<ns0:author>
			<ns0:persName><ns0:forename type="first">C</ns0:forename><ns0:surname>Hotta</ns0:surname></ns0:persName>
		</ns0:author>
		<ns0:author>
			<ns0:persName><ns0:forename type="first">H</ns0:forename><ns0:surname>Fukuyama</ns0:surname></ns0:persName>
		</ns0:author>
		<ns0:idno type="DOI">10.1021/cr030646k</ns0:idno>
	</ns0:analytic>
	<ns0:monogr>
		<ns0:title level="j">Chem. Rev</ns0:title>
		<ns0:imprint>
			<ns0:biblScope unit="volume">104</ns0:biblScope>
			<ns0:biblScope unit="page" from="5005" to="5036" />
			<ns0:date type="published" when="2004">2004</ns0:date>
		</ns0:imprint>
	</ns0:monogr>
</ns0:biblStruct>

<ns0:biblStruct xml:id="b35">
	<ns0:analytic>
		<ns0:title level="a" type="main">Comparison of Silver and Molybdenum Microfocus X-ray Sources for Single-Crystal Structure Determination</ns0:title>
		<ns0:author>
			<ns0:persName><ns0:forename type="first">L</ns0:forename><ns0:surname>Krause</ns0:surname></ns0:persName>
		</ns0:author>
		<ns0:author>
			<ns0:persName><ns0:forename type="first">R</ns0:forename><ns0:surname>Herbst-Irmer</ns0:surname></ns0:persName>
		</ns0:author>
		<ns0:author>
			<ns0:persName><ns0:forename type="first">G</ns0:forename><ns0:forename type="middle">M</ns0:forename><ns0:surname>Sheldrick</ns0:surname></ns0:persName>
		</ns0:author>
		<ns0:author>
			<ns0:persName><ns0:forename type="first">D</ns0:forename><ns0:surname>Stalke</ns0:surname></ns0:persName>
		</ns0:author>
		<ns0:idno type="DOI">10.1107/S1600576714022985</ns0:idno>
	</ns0:analytic>
	<ns0:monogr>
		<ns0:title level="j">J. Appl. Crystallogr</ns0:title>
		<ns0:imprint>
			<ns0:biblScope unit="volume">48</ns0:biblScope>
			<ns0:biblScope unit="page" from="3" to="10" />
			<ns0:date type="published" when="2015">2015</ns0:date>
		</ns0:imprint>
	</ns0:monogr>
</ns0:biblStruct>

<ns0:biblStruct xml:id="b36">
	<ns0:analytic>
		<ns0:title level="a" type="main">SHELXT -Integrated Space-Group and Crystal-Structure Determination</ns0:title>
		<ns0:author>
			<ns0:persName><ns0:forename type="first">G</ns0:forename><ns0:forename type="middle">M</ns0:forename><ns0:surname>Sheldrick</ns0:surname></ns0:persName>
		</ns0:author>
		<ns0:idno type="DOI">10.1107/S2053273314026370</ns0:idno>
	</ns0:analytic>
	<ns0:monogr>
		<ns0:title level="j">Acta Crystallogr., Sect. A: Found. Adv</ns0:title>
		<ns0:imprint>
			<ns0:biblScope unit="volume">71</ns0:biblScope>
			<ns0:biblScope unit="page" from="3" to="8" />
			<ns0:date type="published" when="2015">2015</ns0:date>
		</ns0:imprint>
	</ns0:monogr>
</ns0:biblStruct>

<ns0:biblStruct xml:id="b37">
	<ns0:monogr>
		<ns0:title level="m" type="main">Crystal Structure Refinement with SHELXL</ns0:title>
		<ns0:author>
			<ns0:persName><ns0:forename type="first">G</ns0:forename><ns0:forename type="middle">M</ns0:forename><ns0:surname>Sheldrick</ns0:surname></ns0:persName>
		</ns0:author>
		<ns0:idno type="DOI">10.1107/S2053229614024218</ns0:idno>
		<ns0:imprint />
	</ns0:monogr>
</ns0:biblStruct>

<ns0:biblStruct xml:id="b38">
	<ns0:analytic>
		<ns0:title />
	</ns0:analytic>
	<ns0:monogr>
		<ns0:title level="j">Acta Crystallogr., Sect. C: Struct. Chem</ns0:title>
		<ns0:imprint>
			<ns0:biblScope unit="volume">71</ns0:biblScope>
			<ns0:biblScope unit="page" from="3" to="8" />
			<ns0:date type="published" when="2015">2015</ns0:date>
		</ns0:imprint>
	</ns0:monogr>
</ns0:biblStruct>

<ns0:biblStruct xml:id="b39">
	<ns0:analytic>
		<ns0:title level="a" type="main">Advances in Proteins and Small Molecule Charge-Density Refinement Methods Using MoPro</ns0:title>
		<ns0:author>
			<ns0:persName><ns0:forename type="first">C</ns0:forename><ns0:surname>Jelsch</ns0:surname></ns0:persName>
		</ns0:author>
		<ns0:author>
			<ns0:persName><ns0:forename type="first">B</ns0:forename><ns0:surname>Guillot</ns0:surname></ns0:persName>
		</ns0:author>
		<ns0:author>
			<ns0:persName><ns0:forename type="first">A</ns0:forename><ns0:surname>Lagoutte</ns0:surname></ns0:persName>
		</ns0:author>
		<ns0:author>
			<ns0:persName><ns0:forename type="first">C</ns0:forename><ns0:surname>Lecomte</ns0:surname></ns0:persName>
		</ns0:author>
		<ns0:idno type="DOI">10.1107/S0021889804025518</ns0:idno>
	</ns0:analytic>
	<ns0:monogr>
		<ns0:title level="j">J. Appl. Crystallogr</ns0:title>
		<ns0:imprint>
			<ns0:biblScope unit="volume">38</ns0:biblScope>
			<ns0:biblScope unit="page" from="38" to="54" />
			<ns0:date type="published" when="2005">2005</ns0:date>
		</ns0:imprint>
	</ns0:monogr>
</ns0:biblStruct>

<ns0:biblStruct xml:id="b40">
	<ns0:analytic>
		<ns0:title level="a" type="main">Testing Aspherical Atom Refinements on Small-Molecule Data Sets</ns0:title>
		<ns0:author>
			<ns0:persName><ns0:forename type="first">N</ns0:forename><ns0:forename type="middle">K</ns0:forename><ns0:surname>Hansen</ns0:surname></ns0:persName>
		</ns0:author>
		<ns0:author>
			<ns0:persName><ns0:forename type="first">P</ns0:forename><ns0:surname>Coppens</ns0:surname></ns0:persName>
		</ns0:author>
		<ns0:idno type="DOI">10.1107/S0567739478001886</ns0:idno>
	</ns0:analytic>
	<ns0:monogr>
		<ns0:title level="j">Acta Crystallogr., Sect. A: Cryst. Phys., Diffr., Theor. Gen. Crystallogr</ns0:title>
		<ns0:imprint>
			<ns0:biblScope unit="volume">34</ns0:biblScope>
			<ns0:biblScope unit="page" from="909" to="921" />
			<ns0:date type="published" when="1978">1978</ns0:date>
		</ns0:imprint>
	</ns0:monogr>
</ns0:biblStruct>

<ns0:biblStruct xml:id="b41">
	<ns0:analytic>
		<ns0:title level="a" type="main">Relativistic X-ray Elastic Scattering Factors for Neutral Atoms Z = 1-54 from Multiconfiguration Dirac-Fock Wavefunctions in the 0-12&#197; -1 sin(&#952;)/&#955; Range, and Six-Gaussian Analytical Expressions in the 0-6&#197; -1 Range</ns0:title>
		<ns0:author>
			<ns0:persName><ns0:forename type="first">Z</ns0:forename><ns0:surname>Su</ns0:surname></ns0:persName>
		</ns0:author>
		<ns0:author>
			<ns0:persName><ns0:forename type="first">P</ns0:forename><ns0:surname>Coppens</ns0:surname></ns0:persName>
		</ns0:author>
		<ns0:idno type="DOI">10.1107/S0108767397004558</ns0:idno>
	</ns0:analytic>
	<ns0:monogr>
		<ns0:title level="j">Acta Crystallogr., Sect. A: Found. Crystallogr</ns0:title>
		<ns0:imprint>
			<ns0:biblScope unit="volume">53</ns0:biblScope>
			<ns0:biblScope unit="page" from="749" to="762" />
			<ns0:date type="published" when="1997">1997</ns0:date>
		</ns0:imprint>
	</ns0:monogr>
</ns0:biblStruct>

<ns0:biblStruct xml:id="b42">
	<ns0:analytic>
		<ns0:title level="a" type="main">SHADE Web Server for Estimation of Hydrogen Anisotropic Displacement Parameters</ns0:title>
		<ns0:author>
			<ns0:persName><ns0:forename type="first">A</ns0:forename><ns0:forename type="middle">&#216;</ns0:forename><ns0:surname>Madsen</ns0:surname></ns0:persName>
		</ns0:author>
		<ns0:idno type="DOI">10.1107/S0021889806026379</ns0:idno>
	</ns0:analytic>
	<ns0:monogr>
		<ns0:title level="j">J. Appl. Crystallogr</ns0:title>
		<ns0:imprint>
			<ns0:biblScope unit="volume">39</ns0:biblScope>
			<ns0:biblScope unit="page" from="757" to="758" />
			<ns0:date type="published" when="2006">2006</ns0:date>
		</ns0:imprint>
	</ns0:monogr>
</ns0:biblStruct>

<ns0:biblStruct xml:id="b43">
	<ns0:analytic>
		<ns0:title level="a" type="main">X-ray Charge Density Study of the Drug Methimazole with Z&#8242; = 2: Differences in the Electronic Structure of the Thiourea Core due to Crystal Packing Effects</ns0:title>
		<ns0:author>
			<ns0:persName><ns0:forename type="first">S</ns0:forename><ns0:forename type="middle">A</ns0:forename><ns0:surname>Shteingolts</ns0:surname></ns0:persName>
		</ns0:author>
		<ns0:author>
			<ns0:persName><ns0:forename type="first">R</ns0:forename><ns0:forename type="middle">R</ns0:forename><ns0:surname>Fayzullin</ns0:surname></ns0:persName>
		</ns0:author>
		<ns0:idno type="DOI">10.1021/acs.cgd.9b01715</ns0:idno>
	</ns0:analytic>
	<ns0:monogr>
		<ns0:title level="j">Cryst. Growth Des</ns0:title>
		<ns0:imprint>
			<ns0:biblScope unit="volume">20</ns0:biblScope>
			<ns0:biblScope unit="page" from="2074" to="2090" />
			<ns0:date type="published" when="2020">2020</ns0:date>
		</ns0:imprint>
	</ns0:monogr>
</ns0:biblStruct>

<ns0:biblStruct xml:id="b44">
	<ns0:analytic>
		<ns0:title level="a" type="main">A Method to Estimate Statistical Errors of Properties Derived from Charge-Density Modelling</ns0:title>
		<ns0:author>
			<ns0:persName><ns0:forename type="first">B</ns0:forename><ns0:surname>Fournier</ns0:surname></ns0:persName>
		</ns0:author>
		<ns0:author>
			<ns0:persName><ns0:forename type="first">B</ns0:forename><ns0:surname>Guillot</ns0:surname></ns0:persName>
		</ns0:author>
		<ns0:author>
			<ns0:persName><ns0:forename type="first">C</ns0:forename><ns0:surname>Lecomte</ns0:surname></ns0:persName>
		</ns0:author>
		<ns0:author>
			<ns0:persName><ns0:forename type="first">E</ns0:forename><ns0:forename type="middle">C</ns0:forename><ns0:surname>Escudero-Ada&#324;</ns0:surname></ns0:persName>
		</ns0:author>
		<ns0:author>
			<ns0:persName><ns0:forename type="first">C</ns0:forename><ns0:surname>Jelsch</ns0:surname></ns0:persName>
		</ns0:author>
		<ns0:idno type="DOI">10.1107/S2053273318004308</ns0:idno>
	</ns0:analytic>
	<ns0:monogr>
		<ns0:title level="j">Acta Crystallogr., Sect. A: Found. Adv</ns0:title>
		<ns0:imprint>
			<ns0:biblScope unit="volume">74</ns0:biblScope>
			<ns0:biblScope unit="page" from="170" to="183" />
			<ns0:date type="published" when="2018">2018</ns0:date>
		</ns0:imprint>
	</ns0:monogr>
</ns0:biblStruct>

<ns0:biblStruct xml:id="b45">
	<ns0:analytic>
		<ns0:title level="a" type="main">Experimental and Theoretical Charge Density Studies of Tetrafluorophthalonitrile and Tetrafluoroisophthalonitrile</ns0:title>
		<ns0:author>
			<ns0:persName><ns0:forename type="first">D</ns0:forename><ns0:forename type="middle">E</ns0:forename><ns0:surname>Hibbs</ns0:surname></ns0:persName>
		</ns0:author>
		<ns0:author>
			<ns0:persName><ns0:forename type="first">J</ns0:forename><ns0:surname>Overgaard</ns0:surname></ns0:persName>
		</ns0:author>
		<ns0:author>
			<ns0:persName><ns0:forename type="first">J</ns0:forename><ns0:forename type="middle">A</ns0:forename><ns0:surname>Platts</ns0:surname></ns0:persName>
		</ns0:author>
		<ns0:author>
			<ns0:persName><ns0:forename type="first">M</ns0:forename><ns0:forename type="middle">P</ns0:forename><ns0:surname>Waller</ns0:surname></ns0:persName>
		</ns0:author>
		<ns0:author>
			<ns0:persName><ns0:forename type="first">M</ns0:forename><ns0:forename type="middle">B</ns0:forename><ns0:surname>Hursthouse</ns0:surname></ns0:persName>
		</ns0:author>
		<ns0:idno type="DOI">10.1021/jp037700l</ns0:idno>
	</ns0:analytic>
	<ns0:monogr>
		<ns0:title level="j">J. Phys. Chem. B</ns0:title>
		<ns0:imprint>
			<ns0:biblScope unit="volume">108</ns0:biblScope>
			<ns0:biblScope unit="page" from="3663" to="3672" />
			<ns0:date type="published" when="2004">2004</ns0:date>
		</ns0:imprint>
	</ns0:monogr>
</ns0:biblStruct>

<ns0:biblStruct xml:id="b46">
	<ns0:analytic>
		<ns0:title level="a" type="main">A Program for Calculating Crystal and Molecular Properties Using Multipole Parameters of the Electron Density</ns0:title>
		<ns0:author>
			<ns0:persName><ns0:forename type="first">A</ns0:forename><ns0:forename type="middle">I</ns0:forename><ns0:surname>Stash</ns0:surname></ns0:persName>
		</ns0:author>
		<ns0:author>
			<ns0:persName><ns0:forename type="first">V</ns0:forename><ns0:forename type="middle">G</ns0:forename><ns0:surname>Tsirelson</ns0:surname></ns0:persName>
		</ns0:author>
		<ns0:author>
			<ns0:persName><ns0:surname>Winxpro</ns0:surname></ns0:persName>
		</ns0:author>
		<ns0:idno type="DOI">10.1107/S0021889802003230</ns0:idno>
	</ns0:analytic>
	<ns0:monogr>
		<ns0:title level="j">J. Appl. Crystallogr</ns0:title>
		<ns0:imprint>
			<ns0:biblScope unit="volume">35</ns0:biblScope>
			<ns0:biblScope unit="page" from="371" to="373" />
			<ns0:date type="published" when="2002">2002</ns0:date>
		</ns0:imprint>
	</ns0:monogr>
</ns0:biblStruct>

<ns0:biblStruct xml:id="b47">
	<ns0:analytic>
		<ns0:title level="a" type="main">Modern Possibilities for Calculating Some Properties of Molecules and Crystals from the Experimental Electron Density</ns0:title>
		<ns0:author>
			<ns0:persName><ns0:forename type="first">A</ns0:forename><ns0:forename type="middle">I</ns0:forename><ns0:surname>Stash</ns0:surname></ns0:persName>
		</ns0:author>
		<ns0:author>
			<ns0:persName><ns0:forename type="first">V</ns0:forename><ns0:forename type="middle">G</ns0:forename><ns0:surname>Tsirelson</ns0:surname></ns0:persName>
		</ns0:author>
		<ns0:idno type="DOI">10.1134/1.1887890</ns0:idno>
	</ns0:analytic>
	<ns0:monogr>
		<ns0:title level="j">Crystallogr. Rep</ns0:title>
		<ns0:imprint>
			<ns0:biblScope unit="volume">50</ns0:biblScope>
			<ns0:biblScope unit="page" from="177" to="184" />
			<ns0:date type="published" when="2005">2005</ns0:date>
		</ns0:imprint>
	</ns0:monogr>
</ns0:biblStruct>

<ns0:biblStruct xml:id="b48">
	<ns0:analytic>
		<ns0:title level="a" type="main">Developing WinXPRO: A Software for Determination of the Multipole-Model-Based Properties of Crystals</ns0:title>
		<ns0:author>
			<ns0:persName><ns0:forename type="first">A</ns0:forename><ns0:forename type="middle">I</ns0:forename><ns0:surname>Stash</ns0:surname></ns0:persName>
		</ns0:author>
		<ns0:author>
			<ns0:persName><ns0:forename type="first">V</ns0:forename><ns0:forename type="middle">G</ns0:forename><ns0:surname>Tsirelson</ns0:surname></ns0:persName>
		</ns0:author>
		<ns0:idno type="DOI">10.1107/S1600576714021566</ns0:idno>
	</ns0:analytic>
	<ns0:monogr>
		<ns0:title level="j">J. Appl. Crystallogr</ns0:title>
		<ns0:imprint>
			<ns0:biblScope unit="volume">47</ns0:biblScope>
			<ns0:biblScope unit="page" from="2086" to="2089" />
			<ns0:date type="published" when="2014">2014</ns0:date>
		</ns0:imprint>
	</ns0:monogr>
</ns0:biblStruct>

<ns0:biblStruct xml:id="b49">
	<ns0:monogr>
		<ns0:title level="m" type="main">Quantum Corrections to the Thomas-Fermi Equation. Sov. Phys. JETP 1957</ns0:title>
		<ns0:author>
			<ns0:persName><ns0:forename type="first">D</ns0:forename><ns0:forename type="middle">A</ns0:forename><ns0:surname>Kirzhnits</ns0:surname></ns0:persName>
		</ns0:author>
		<ns0:imprint>
			<ns0:biblScope unit="volume">5</ns0:biblScope>
			<ns0:biblScope unit="page" from="64" to="72" />
		</ns0:imprint>
	</ns0:monogr>
</ns0:biblStruct>

<ns0:biblStruct xml:id="b50">
	<ns0:analytic>
		<ns0:title level="a" type="main">On the Possibility of Kinetic Energy Density Evaluation from the Experimental Electron-Density Distribution</ns0:title>
		<ns0:author>
			<ns0:persName><ns0:forename type="first">Y</ns0:forename><ns0:forename type="middle">A</ns0:forename><ns0:surname>Abramov</ns0:surname></ns0:persName>
		</ns0:author>
		<ns0:idno type="DOI">10.1107/S010876739601495X</ns0:idno>
	</ns0:analytic>
	<ns0:monogr>
		<ns0:title level="j">Acta Crystallogr., Sect. A: Found. Crystallogr</ns0:title>
		<ns0:imprint>
			<ns0:biblScope unit="volume">53</ns0:biblScope>
			<ns0:biblScope unit="page" from="264" to="272" />
			<ns0:date type="published" when="1997">1997</ns0:date>
		</ns0:imprint>
	</ns0:monogr>
</ns0:biblStruct>

<ns0:biblStruct xml:id="b51">
	<ns0:analytic>
		<ns0:title level="a" type="main">Systematic Optimization of Long-Range Corrected Hybrid Density Functionals</ns0:title>
		<ns0:author>
			<ns0:persName><ns0:forename type="first">J</ns0:forename><ns0:forename type="middle">D</ns0:forename><ns0:surname>Chai</ns0:surname></ns0:persName>
		</ns0:author>
		<ns0:author>
			<ns0:persName><ns0:forename type="first">M</ns0:forename><ns0:surname>Head-Gordon</ns0:surname></ns0:persName>
		</ns0:author>
		<ns0:idno type="DOI">10.1063/1.2834918</ns0:idno>
	</ns0:analytic>
	<ns0:monogr>
		<ns0:title level="j">J. Chem. Phys</ns0:title>
		<ns0:imprint>
			<ns0:biblScope unit="volume">128</ns0:biblScope>
			<ns0:biblScope unit="issue">084106</ns0:biblScope>
			<ns0:date type="published" when="2008">2008</ns0:date>
		</ns0:imprint>
	</ns0:monogr>
</ns0:biblStruct>

<ns0:biblStruct xml:id="b52">
	<ns0:analytic>
		<ns0:title level="a" type="main">BSSE-Correction Scheme for Consistent Gaussian Basis Sets of Double-and Triple-Zeta Valence with Polarization Quality for Solid-State Calculations</ns0:title>
		<ns0:author>
			<ns0:persName><ns0:forename type="first">D</ns0:forename><ns0:surname>Vilela Oliveira</ns0:surname></ns0:persName>
		</ns0:author>
		<ns0:author>
			<ns0:persName><ns0:forename type="first">J</ns0:forename><ns0:surname>Laun</ns0:surname></ns0:persName>
		</ns0:author>
		<ns0:author>
			<ns0:persName><ns0:forename type="first">M</ns0:forename><ns0:forename type="middle">F</ns0:forename><ns0:surname>Peintinger</ns0:surname></ns0:persName>
		</ns0:author>
		<ns0:author>
			<ns0:persName><ns0:forename type="first">T</ns0:forename><ns0:surname>Bredow</ns0:surname></ns0:persName>
		</ns0:author>
		<ns0:idno type="DOI">10.1002/jcc.26013</ns0:idno>
	</ns0:analytic>
	<ns0:monogr>
		<ns0:title level="j">J. Comput. Chem</ns0:title>
		<ns0:imprint>
			<ns0:biblScope unit="volume">40</ns0:biblScope>
			<ns0:biblScope unit="page" from="2364" to="2376" />
			<ns0:date type="published" when="2019">2019</ns0:date>
		</ns0:imprint>
	</ns0:monogr>
</ns0:biblStruct>

<ns0:biblStruct xml:id="b53">
	<ns0:analytic>
		<ns0:title level="a" type="main">CRYSTAL14: A Program for the Ab Initio Investigation of Crystalline Solids</ns0:title>
		<ns0:author>
			<ns0:persName><ns0:forename type="first">R</ns0:forename><ns0:surname>Dovesi</ns0:surname></ns0:persName>
		</ns0:author>
		<ns0:author>
			<ns0:persName><ns0:forename type="first">R</ns0:forename><ns0:surname>Orlando</ns0:surname></ns0:persName>
		</ns0:author>
		<ns0:author>
			<ns0:persName><ns0:forename type="first">A</ns0:forename><ns0:surname>Erba</ns0:surname></ns0:persName>
		</ns0:author>
		<ns0:author>
			<ns0:persName><ns0:forename type="first">C</ns0:forename><ns0:forename type="middle">M</ns0:forename><ns0:surname>Zicovich-Wilson</ns0:surname></ns0:persName>
		</ns0:author>
		<ns0:author>
			<ns0:persName><ns0:forename type="first">B</ns0:forename><ns0:surname>Civalleri</ns0:surname></ns0:persName>
		</ns0:author>
		<ns0:author>
			<ns0:persName><ns0:forename type="first">S</ns0:forename><ns0:surname>Casassa</ns0:surname></ns0:persName>
		</ns0:author>
		<ns0:author>
			<ns0:persName><ns0:forename type="first">L</ns0:forename><ns0:surname>Maschio</ns0:surname></ns0:persName>
		</ns0:author>
		<ns0:author>
			<ns0:persName><ns0:forename type="first">M</ns0:forename><ns0:surname>Ferrabone</ns0:surname></ns0:persName>
		</ns0:author>
		<ns0:author>
			<ns0:persName><ns0:forename type="first">M</ns0:forename><ns0:surname>De La Pierre</ns0:surname></ns0:persName>
		</ns0:author>
		<ns0:author>
			<ns0:persName><ns0:forename type="first">P</ns0:forename><ns0:surname>D'arco</ns0:surname></ns0:persName>
		</ns0:author>
		<ns0:author>
			<ns0:persName><ns0:forename type="first">Y</ns0:forename><ns0:surname>Noel</ns0:surname></ns0:persName>
		</ns0:author>
		<ns0:author>
			<ns0:persName><ns0:forename type="first">M</ns0:forename><ns0:surname>Causa</ns0:surname></ns0:persName>
		</ns0:author>
		<ns0:author>
			<ns0:persName><ns0:forename type="first">M</ns0:forename><ns0:surname>Re&#341;at</ns0:surname></ns0:persName>
		</ns0:author>
		<ns0:author>
			<ns0:persName><ns0:forename type="first">B</ns0:forename><ns0:surname>Kirtman</ns0:surname></ns0:persName>
		</ns0:author>
		<ns0:idno type="DOI">10.1002/qua.24658</ns0:idno>
	</ns0:analytic>
	<ns0:monogr>
		<ns0:title level="j">Int. J. Quantum Chem</ns0:title>
		<ns0:imprint>
			<ns0:biblScope unit="volume">114</ns0:biblScope>
			<ns0:biblScope unit="page" from="1287" to="1317" />
			<ns0:date type="published" when="2014">2014</ns0:date>
		</ns0:imprint>
	</ns0:monogr>
</ns0:biblStruct>

<ns0:biblStruct xml:id="b54">
	<ns0:analytic>
		<ns0:title level="a" type="main">Crystal Field Effects on the Topological Properties of the Electron Density in Molecular Crystals: The Case of Urea</ns0:title>
		<ns0:author>
			<ns0:persName><ns0:forename type="first">C</ns0:forename><ns0:surname>Gatti</ns0:surname></ns0:persName>
		</ns0:author>
		<ns0:author>
			<ns0:persName><ns0:forename type="first">V</ns0:forename><ns0:forename type="middle">R</ns0:forename><ns0:surname>Saunders</ns0:surname></ns0:persName>
		</ns0:author>
		<ns0:author>
			<ns0:persName><ns0:forename type="first">C</ns0:forename><ns0:surname>Roetti</ns0:surname></ns0:persName>
		</ns0:author>
		<ns0:idno type="DOI">10.1063/1.467882</ns0:idno>
	</ns0:analytic>
	<ns0:monogr>
		<ns0:title level="j">J. Chem. Phys</ns0:title>
		<ns0:imprint>
			<ns0:biblScope unit="volume">101</ns0:biblScope>
			<ns0:biblScope unit="page" from="10686" to="10696" />
			<ns0:date type="published" when="1994">1994</ns0:date>
		</ns0:imprint>
	</ns0:monogr>
</ns0:biblStruct>

<ns0:biblStruct xml:id="b55">
	<ns0:monogr>
		<ns0:author>
			<ns0:persName><ns0:forename type="first">C</ns0:forename><ns0:surname>Gatti</ns0:surname></ns0:persName>
		</ns0:author>
		<ns0:author>
			<ns0:persName><ns0:forename type="first">S</ns0:forename><ns0:surname>Casassa</ns0:surname></ns0:persName>
		</ns0:author>
		<ns0:title level="m">TOPOND14 User's Manual; CNR-ISTM of Milano</ns0:title>
		<ns0:imprint>
			<ns0:date type="published" when="2017-09-12">September 12, 2017</ns0:date>
		</ns0:imprint>
	</ns0:monogr>
</ns0:biblStruct>

<ns0:biblStruct xml:id="b56">
	<ns0:analytic>
		<ns0:title level="a" type="main">Electron Density and Bonding in Crystals: Principles, Theory and X-ray Diffraction Experiments in Solid State Physics and Chemistry</ns0:title>
		<ns0:author>
			<ns0:persName><ns0:forename type="first">V</ns0:forename><ns0:forename type="middle">G</ns0:forename><ns0:surname>Tsirelson</ns0:surname></ns0:persName>
		</ns0:author>
		<ns0:author>
			<ns0:persName><ns0:forename type="first">R</ns0:forename><ns0:forename type="middle">P</ns0:forename><ns0:surname>Ozerov</ns0:surname></ns0:persName>
		</ns0:author>
	</ns0:analytic>
	<ns0:monogr>
		<ns0:title level="m">Electron Density and Chemical Bonding I: Experimental Charge Density Studies Stalke</ns0:title>
		<ns0:meeting><ns0:address><ns0:addrLine>New York; Heidelberg</ns0:addrLine></ns0:address></ns0:meeting>
		<ns0:imprint>
			<ns0:publisher>Springer</ns0:publisher>
			<ns0:date type="published" when="1996">1996. 2012</ns0:date>
			<ns0:biblScope unit="volume">146</ns0:biblScope>
		</ns0:imprint>
	</ns0:monogr>
</ns0:biblStruct>

<ns0:biblStruct xml:id="b57">
	<ns0:analytic>
		<ns0:title level="a" type="main">A Quantum Theory of Molecular Structure and Its Applications</ns0:title>
		<ns0:author>
			<ns0:persName><ns0:forename type="first">R</ns0:forename><ns0:forename type="middle">F W</ns0:forename><ns0:surname>Bader</ns0:surname></ns0:persName>
		</ns0:author>
		<ns0:idno type="DOI">10.1021/cr00005a013</ns0:idno>
	</ns0:analytic>
	<ns0:monogr>
		<ns0:title level="j">Chem. Rev</ns0:title>
		<ns0:imprint>
			<ns0:biblScope unit="volume">91</ns0:biblScope>
			<ns0:biblScope unit="page" from="893" to="928" />
			<ns0:date type="published" when="1991">1991</ns0:date>
		</ns0:imprint>
	</ns0:monogr>
</ns0:biblStruct>

<ns0:biblStruct xml:id="b58">
	<ns0:monogr>
		<ns0:author>
			<ns0:persName><ns0:forename type="first">R</ns0:forename><ns0:forename type="middle">F W</ns0:forename><ns0:surname>Bader</ns0:surname></ns0:persName>
		</ns0:author>
		<ns0:title level="m">Atoms in Molecules: A Quantum Theory</ns0:title>
		<ns0:meeting><ns0:address><ns0:addrLine>Oxford</ns0:addrLine></ns0:address></ns0:meeting>
		<ns0:imprint>
			<ns0:publisher>Clarendon Press</ns0:publisher>
			<ns0:date type="published" when="1994">1994</ns0:date>
		</ns0:imprint>
	</ns0:monogr>
</ns0:biblStruct>

<ns0:biblStruct xml:id="b59">
	<ns0:analytic>
		<ns0:title level="a" type="main">Chemical bonding in crystals: new directions</ns0:title>
		<ns0:author>
			<ns0:persName><ns0:forename type="first">C</ns0:forename><ns0:surname>Gatti</ns0:surname></ns0:persName>
		</ns0:author>
		<ns0:idno type="DOI">10.1524/zkri.220.5.399.65073</ns0:idno>
	</ns0:analytic>
	<ns0:monogr>
		<ns0:title level="j">Z. Kristallogr</ns0:title>
		<ns0:imprint>
			<ns0:biblScope unit="volume">220</ns0:biblScope>
			<ns0:biblScope unit="page" from="399" to="457" />
			<ns0:date type="published" when="2005">2005</ns0:date>
		</ns0:imprint>
	</ns0:monogr>
</ns0:biblStruct>

<ns0:biblStruct xml:id="b60">
	<ns0:analytic>
		<ns0:title level="a" type="main">Experimental Charge Density Studies of Disordered N-Phenylpyrrole and N-(4-Fluorophenyl)pyrrole</ns0:title>
		<ns0:author>
			<ns0:persName><ns0:forename type="first">K</ns0:forename><ns0:surname>Meindl</ns0:surname></ns0:persName>
		</ns0:author>
		<ns0:author>
			<ns0:persName><ns0:forename type="first">J</ns0:forename><ns0:surname>Henn</ns0:surname></ns0:persName>
		</ns0:author>
		<ns0:author>
			<ns0:persName><ns0:forename type="first">N</ns0:forename><ns0:surname>Kocher</ns0:surname></ns0:persName>
		</ns0:author>
		<ns0:author>
			<ns0:persName><ns0:forename type="first">D</ns0:forename><ns0:surname>Leusser</ns0:surname></ns0:persName>
		</ns0:author>
		<ns0:author>
			<ns0:persName><ns0:forename type="first">K</ns0:forename><ns0:forename type="middle">A</ns0:forename><ns0:surname>Zachariasse</ns0:surname></ns0:persName>
		</ns0:author>
		<ns0:author>
			<ns0:persName><ns0:forename type="first">G</ns0:forename><ns0:forename type="middle">M</ns0:forename><ns0:surname>Sheldrick</ns0:surname></ns0:persName>
		</ns0:author>
		<ns0:author>
			<ns0:persName><ns0:forename type="first">T</ns0:forename><ns0:surname>Koritsanszky</ns0:surname></ns0:persName>
		</ns0:author>
		<ns0:author>
			<ns0:persName><ns0:forename type="first">D</ns0:forename><ns0:surname>Stalke</ns0:surname></ns0:persName>
		</ns0:author>
		<ns0:idno type="DOI">10.1021/jp9026157</ns0:idno>
	</ns0:analytic>
	<ns0:monogr>
		<ns0:title level="j">J. Phys. Chem. A</ns0:title>
		<ns0:imprint>
			<ns0:biblScope unit="volume">113</ns0:biblScope>
			<ns0:biblScope unit="page" from="9684" to="9691" />
			<ns0:date type="published" when="2009">2009</ns0:date>
		</ns0:imprint>
	</ns0:monogr>
</ns0:biblStruct>

<ns0:biblStruct xml:id="b61">
	<ns0:analytic>
		<ns0:title level="a" type="main">Insight from Electron Density and Energy Framework Analysis on the Structural Features of F x -TCNQ (x = 0, 2, 4) Family of Molecules</ns0:title>
		<ns0:author>
			<ns0:persName><ns0:forename type="first">R</ns0:forename><ns0:surname>Shukla</ns0:surname></ns0:persName>
		</ns0:author>
		<ns0:author>
			<ns0:persName><ns0:forename type="first">C</ns0:forename><ns0:surname>Ruzie</ns0:surname></ns0:persName>
		</ns0:author>
		<ns0:author>
			<ns0:persName><ns0:forename type="first">G</ns0:forename><ns0:surname>Schweincher</ns0:surname></ns0:persName>
		</ns0:author>
		<ns0:author>
			<ns0:persName><ns0:forename type="first">A</ns0:forename><ns0:forename type="middle">R</ns0:forename><ns0:surname>Kennedy</ns0:surname></ns0:persName>
		</ns0:author>
		<ns0:author>
			<ns0:persName><ns0:forename type="first">Y</ns0:forename><ns0:forename type="middle">H</ns0:forename><ns0:surname>Geerts</ns0:surname></ns0:persName>
		</ns0:author>
		<ns0:author>
			<ns0:persName><ns0:forename type="first">D</ns0:forename><ns0:surname>Chopra</ns0:surname></ns0:persName>
		</ns0:author>
		<ns0:author>
			<ns0:persName><ns0:forename type="first">B</ns0:forename><ns0:surname>Chattopadhyay</ns0:surname></ns0:persName>
		</ns0:author>
		<ns0:idno type="DOI">10.1107/S2052520618017109</ns0:idno>
	</ns0:analytic>
	<ns0:monogr>
		<ns0:title level="j">Acta Crystallogr., Sect. B: Struct. Sci., Cryst. Eng. Mater</ns0:title>
		<ns0:imprint>
			<ns0:biblScope unit="volume">75</ns0:biblScope>
			<ns0:biblScope unit="page" from="71" to="78" />
			<ns0:date type="published" when="2019">2019</ns0:date>
		</ns0:imprint>
	</ns0:monogr>
</ns0:biblStruct>

<ns0:biblStruct xml:id="b62">
	<ns0:analytic>
		<ns0:title level="a" type="main">Revealing Noncovalent Interactions</ns0:title>
		<ns0:author>
			<ns0:persName><ns0:forename type="first">E</ns0:forename><ns0:forename type="middle">R</ns0:forename><ns0:surname>Johnson</ns0:surname></ns0:persName>
		</ns0:author>
		<ns0:author>
			<ns0:persName><ns0:forename type="first">S</ns0:forename><ns0:surname>Keinan</ns0:surname></ns0:persName>
		</ns0:author>
		<ns0:author>
			<ns0:persName><ns0:forename type="first">P</ns0:forename><ns0:surname>Mori-Sa&#324;chez</ns0:surname></ns0:persName>
		</ns0:author>
		<ns0:author>
			<ns0:persName><ns0:forename type="first">J</ns0:forename><ns0:surname>Contreras-Garc&#237;a</ns0:surname></ns0:persName>
		</ns0:author>
		<ns0:author>
			<ns0:persName><ns0:forename type="first">A</ns0:forename><ns0:forename type="middle">J</ns0:forename><ns0:surname>Cohen</ns0:surname></ns0:persName>
		</ns0:author>
		<ns0:author>
			<ns0:persName><ns0:forename type="first">W</ns0:forename><ns0:surname>Yang</ns0:surname></ns0:persName>
		</ns0:author>
		<ns0:idno type="DOI">10.1021/ja100936w</ns0:idno>
	</ns0:analytic>
	<ns0:monogr>
		<ns0:title level="j">J. Am. Chem. Soc</ns0:title>
		<ns0:imprint>
			<ns0:biblScope unit="volume">132</ns0:biblScope>
			<ns0:biblScope unit="page" from="6498" to="6506" />
			<ns0:date type="published" when="2010">2010</ns0:date>
		</ns0:imprint>
	</ns0:monogr>
</ns0:biblStruct>

<ns0:biblStruct xml:id="b63">
	<ns0:analytic>
		<ns0:title level="a" type="main">Hydrogen Bond Strengths Revealed by Topological Analyses of Experimentally Observed Electron Densities</ns0:title>
		<ns0:author>
			<ns0:persName><ns0:forename type="first">E</ns0:forename><ns0:surname>Espinosa</ns0:surname></ns0:persName>
		</ns0:author>
		<ns0:author>
			<ns0:persName><ns0:forename type="first">E</ns0:forename><ns0:surname>Molins</ns0:surname></ns0:persName>
		</ns0:author>
		<ns0:author>
			<ns0:persName><ns0:forename type="first">C</ns0:forename><ns0:surname>Lecomte</ns0:surname></ns0:persName>
		</ns0:author>
		<ns0:idno type="DOI">10.1016/S0009-2614(98)00036-0</ns0:idno>
	</ns0:analytic>
	<ns0:monogr>
		<ns0:title level="j">Chem. Phys. Lett</ns0:title>
		<ns0:imprint>
			<ns0:biblScope unit="volume">285</ns0:biblScope>
			<ns0:biblScope unit="page" from="170" to="173" />
			<ns0:date type="published" when="1998">1998</ns0:date>
		</ns0:imprint>
	</ns0:monogr>
</ns0:biblStruct>

<ns0:biblStruct xml:id="b64">
	<ns0:analytic>
		<ns0:title level="a" type="main">Degree of Charge Transfer in Organic Conductors by Infrared Absorption Spectroscopy</ns0:title>
		<ns0:author>
			<ns0:persName><ns0:forename type="first">J</ns0:forename><ns0:forename type="middle">S</ns0:forename><ns0:surname>Chappell</ns0:surname></ns0:persName>
		</ns0:author>
		<ns0:author>
			<ns0:persName><ns0:forename type="first">A</ns0:forename><ns0:forename type="middle">N</ns0:forename><ns0:surname>Bloch</ns0:surname></ns0:persName>
		</ns0:author>
		<ns0:author>
			<ns0:persName><ns0:forename type="first">W</ns0:forename><ns0:forename type="middle">A</ns0:forename><ns0:surname>Bryden</ns0:surname></ns0:persName>
		</ns0:author>
		<ns0:author>
			<ns0:persName><ns0:forename type="first">M</ns0:forename><ns0:surname>Maxfield</ns0:surname></ns0:persName>
		</ns0:author>
		<ns0:author>
			<ns0:persName><ns0:forename type="first">T</ns0:forename><ns0:forename type="middle">O</ns0:forename><ns0:surname>Poehler</ns0:surname></ns0:persName>
		</ns0:author>
		<ns0:author>
			<ns0:persName><ns0:forename type="first">D</ns0:forename><ns0:forename type="middle">O</ns0:forename><ns0:surname>Cowan</ns0:surname></ns0:persName>
		</ns0:author>
		<ns0:idno type="DOI">10.1021/ja00399a066</ns0:idno>
	</ns0:analytic>
	<ns0:monogr>
		<ns0:title level="j">J. Am. Chem. Soc</ns0:title>
		<ns0:imprint>
			<ns0:biblScope unit="volume">103</ns0:biblScope>
			<ns0:biblScope unit="page" from="2442" to="2443" />
			<ns0:date type="published" when="1981">1981</ns0:date>
		</ns0:imprint>
	</ns0:monogr>
</ns0:biblStruct>

<ns0:biblStruct xml:id="b65">
	<ns0:analytic>
		<ns0:title level="a" type="main">Degree of Charge Transfer in Donor-Acceptor Systems of the &#960;-&#960; Type</ns0:title>
		<ns0:author>
			<ns0:persName><ns0:forename type="first">E</ns0:forename><ns0:surname>Kampar</ns0:surname></ns0:persName>
		</ns0:author>
		<ns0:author>
			<ns0:persName><ns0:forename type="first">O</ns0:forename><ns0:surname>Neilands</ns0:surname></ns0:persName>
		</ns0:author>
		<ns0:idno type="DOI">10.1070/RC1986v055n04ABEH003193</ns0:idno>
	</ns0:analytic>
	<ns0:monogr>
		<ns0:title level="j">Russ. Chem. Rev</ns0:title>
		<ns0:imprint>
			<ns0:biblScope unit="volume">55</ns0:biblScope>
			<ns0:biblScope unit="page" from="334" to="342" />
			<ns0:date type="published" when="1986">1986</ns0:date>
		</ns0:imprint>
	</ns0:monogr>
</ns0:biblStruct>

<ns0:biblStruct xml:id="b66">
	<ns0:analytic>
		<ns0:title level="a" type="main">Variation of Charge Transfer in Zn-Naphtholimines with TCNQ</ns0:title>
		<ns0:author>
			<ns0:persName><ns0:forename type="first">G</ns0:forename><ns0:surname>Robles-Mart&#237;nez</ns0:surname></ns0:persName>
		</ns0:author>
		<ns0:author>
			<ns0:persName><ns0:forename type="first">A</ns0:forename><ns0:surname>Salmero&#324;-Valverde</ns0:surname></ns0:persName>
		</ns0:author>
		<ns0:author>
			<ns0:persName><ns0:forename type="first">J</ns0:forename><ns0:surname>Argu&#235;lles-Ram&#237;rez</ns0:surname></ns0:persName>
		</ns0:author>
		<ns0:author>
			<ns0:persName><ns0:forename type="first">A</ns0:forename><ns0:surname>Zehe</ns0:surname></ns0:persName>
		</ns0:author>
		<ns0:idno type="DOI">10.1023/A:1008336505281</ns0:idno>
	</ns0:analytic>
	<ns0:monogr>
		<ns0:title level="j">Mol. Eng</ns0:title>
		<ns0:imprint>
			<ns0:biblScope unit="volume">8</ns0:biblScope>
			<ns0:biblScope unit="page" from="411" to="417" />
			<ns0:date type="published" when="1999">1999</ns0:date>
		</ns0:imprint>
	</ns0:monogr>
</ns0:biblStruct>

<ns0:biblStruct xml:id="b67">
	<ns0:analytic>
		<ns0:author>
			<ns0:persName><ns0:forename type="first">T</ns0:forename><ns0:forename type="middle">J</ns0:forename><ns0:surname>Kistenmacher</ns0:surname></ns0:persName>
		</ns0:author>
		<ns0:author>
			<ns0:persName><ns0:forename type="first">T</ns0:forename><ns0:forename type="middle">J</ns0:forename><ns0:surname>Emge</ns0:surname></ns0:persName>
		</ns0:author>
		<ns0:author>
			<ns0:persName><ns0:forename type="first">A</ns0:forename><ns0:forename type="middle">N</ns0:forename><ns0:surname>Bloch</ns0:surname></ns0:persName>
		</ns0:author>
		<ns0:author>
			<ns0:persName><ns0:forename type="first">D</ns0:forename><ns0:forename type="middle">O</ns0:forename><ns0:surname>Cowan</ns0:surname></ns0:persName>
		</ns0:author>
		<ns0:idno type="DOI">10.1107/S0567740882005275</ns0:idno>
	</ns0:analytic>
	<ns0:monogr>
		<ns0:title level="m">Structure of the Red, Semiconducting Form of</ns0:title>
		<ns0:imprint>
			<ns0:date type="published" when="1982">5,5&#8242;-Tetramethyl-&#916; 2,2 &#8242; -bi-1,3-diselenole-7,7,8,8-Tetracyano-p-quinodimethane. 1982</ns0:date>
			<ns0:biblScope unit="volume">4</ns0:biblScope>
			<ns0:biblScope unit="page" from="1193" to="1199" />
		</ns0:imprint>
	</ns0:monogr>
	<ns0:note type="report_type">TMTSF-TCNQ</ns0:note>
</ns0:biblStruct>

				</ns0:listBibl>
			</ns0:div>
		</ns0:back>
	</ns0:text>
</ns0:TEI>