<ns0:TEI xmlns:ns0="http://www.tei-c.org/ns/1.0" xmlns:xsi="http://www.w3.org/2001/XMLSchema-instance" xml:space="preserve" xsi:schemaLocation="http://www.tei-c.org/ns/1.0 https://raw.githubusercontent.com/kermitt2/grobid/master/grobid-home/schemas/xsd/Grobid.xsd">
	<ns0:teiHeader xml:lang="en">
		<ns0:fileDesc>
			<ns0:titleStmt>
				<ns0:title level="a" type="main">Engineering Nano-Composite Interlayer for Novel Ceramic-based Forward Osmosis Membrane with Enhanced Performance</ns0:title>
			</ns0:titleStmt>
			<ns0:publicationStmt>
				<ns0:publisher />
				<ns0:availability status="unknown"><ns0:licence /></ns0:availability>
			</ns0:publicationStmt>
			<ns0:sourceDesc>
				<ns0:biblStruct>
					<ns0:analytic>
						<ns0:author>
							<ns0:persName><ns0:forename type="first">Mingming</ns0:forename><ns0:surname>Zhang</ns0:surname></ns0:persName>
							<ns0:affiliation key="aff0">
								<ns0:orgName type="department">School of Environmental Science and Technology</ns0:orgName>
								<ns0:orgName type="laboratory">Key Laboratory of Industrial Ecology and Environmental Engineering (Ministry of Education, MOE)</ns0:orgName>
								<ns0:orgName type="institution">Dalian University of Technology</ns0:orgName>
								<ns0:address>
									<ns0:postCode>116024</ns0:postCode>
									<ns0:settlement>Dalian</ns0:settlement>
									<ns0:country key="CN">China</ns0:country>
								</ns0:address>
							</ns0:affiliation>
						</ns0:author>
						<ns0:author>
							<ns0:persName><ns0:forename type="first">Wenbiao</ns0:forename><ns0:surname>Jin</ns0:surname></ns0:persName>
							<ns0:affiliation key="aff3">
								<ns0:orgName type="department">School of Civil and Environmental Engineering</ns0:orgName>
								<ns0:orgName type="institution">Harbin Institute of Technology</ns0:orgName>
								<ns0:address>
									<ns0:postCode>518055</ns0:postCode>
									<ns0:settlement>Shenzhen</ns0:settlement>
									<ns0:country key="CN">China</ns0:country>
								</ns0:address>
							</ns0:affiliation>
						</ns0:author>
						<ns0:author>
							<ns0:persName><ns0:forename type="first">Fenglin</ns0:forename><ns0:surname>Yang</ns0:surname></ns0:persName>
							<ns0:affiliation key="aff0">
								<ns0:orgName type="department">School of Environmental Science and Technology</ns0:orgName>
								<ns0:orgName type="laboratory">Key Laboratory of Industrial Ecology and Environmental Engineering (Ministry of Education, MOE)</ns0:orgName>
								<ns0:orgName type="institution">Dalian University of Technology</ns0:orgName>
								<ns0:address>
									<ns0:postCode>116024</ns0:postCode>
									<ns0:settlement>Dalian</ns0:settlement>
									<ns0:country key="CN">China</ns0:country>
								</ns0:address>
							</ns0:affiliation>
						</ns0:author>
						<ns0:author>
							<ns0:persName><ns0:forename type="first">Mikel</ns0:forename><ns0:surname>Duke</ns0:surname></ns0:persName>
							<ns0:affiliation key="aff2">
								<ns0:orgName type="department">Institute for Sustainable Industries &amp; Liveable Cities</ns0:orgName>
								<ns0:orgName type="institution">Victoria University</ns0:orgName>
								<ns0:address>
									<ns0:postBox>PO Box 14428</ns0:postBox>
									<ns0:settlement>Melbourne</ns0:settlement>
									<ns0:country key="AU">Australia</ns0:country>
								</ns0:address>
							</ns0:affiliation>
						</ns0:author>
						<ns0:author>
							<ns0:persName><ns0:forename type="first">Yingchao</ns0:forename><ns0:surname>Dong</ns0:surname></ns0:persName>
							<ns0:email>ycdong@dlut.edu.cn</ns0:email>
							<ns0:affiliation key="aff0">
								<ns0:orgName type="department">School of Environmental Science and Technology</ns0:orgName>
								<ns0:orgName type="laboratory">Key Laboratory of Industrial Ecology and Environmental Engineering (Ministry of Education, MOE)</ns0:orgName>
								<ns0:orgName type="institution">Dalian University of Technology</ns0:orgName>
								<ns0:address>
									<ns0:postCode>116024</ns0:postCode>
									<ns0:settlement>Dalian</ns0:settlement>
									<ns0:country key="CN">China</ns0:country>
								</ns0:address>
							</ns0:affiliation>
						</ns0:author>
						<ns0:author>
							<ns0:persName><ns0:forename type="first">Chuyang</ns0:forename><ns0:forename type="middle">Y</ns0:forename><ns0:surname>Tang</ns0:surname></ns0:persName>
							<ns0:email>tangc@hku.hk</ns0:email>
							<ns0:affiliation key="aff1">
								<ns0:orgName type="department">Department of Civil Engineering</ns0:orgName>
								<ns0:orgName type="institution">The University of Hong Kong</ns0:orgName>
								<ns0:address>
									<ns0:settlement>Pokfulam, Hong Kong</ns0:settlement>
									<ns0:country key="CN">China</ns0:country>
								</ns0:address>
							</ns0:affiliation>
						</ns0:author>
						<ns0:author>
							<ns0:persName><ns0:roleName>Prof</ns0:roleName><ns0:forename type="first">Y</ns0:forename><ns0:surname>Chuyang</ns0:surname></ns0:persName>
						</ns0:author>
						<ns0:author>
							<ns0:persName><ns0:surname>Tang</ns0:surname></ns0:persName>
						</ns0:author>
						<ns0:author>
							<ns0:persName><ns0:roleName>Prof</ns0:roleName><ns0:forename type="middle">Yingchao</ns0:forename><ns0:surname>Dong</ns0:surname></ns0:persName>
						</ns0:author>
						<ns0:author>
							<ns0:affiliation key="aff4">
								<ns0:orgName type="department">Department of Civil Engineering</ns0:orgName>
								<ns0:orgName type="institution">The University of Hong Kong</ns0:orgName>
								<ns0:address>
									<ns0:settlement>Pokfulam, Hong Kong</ns0:settlement>
									<ns0:country key="CN">China</ns0:country>
								</ns0:address>
							</ns0:affiliation>
						</ns0:author>
						<ns0:author>
							<ns0:affiliation key="aff5">
								<ns0:orgName type="department">School of Environmental Science and Technology</ns0:orgName>
								<ns0:orgName type="laboratory">Key Laboratory of Industrial Ecology and Environmental Engineering (Ministry of Education, MOE)</ns0:orgName>
								<ns0:orgName type="institution">Dalian University of Technology</ns0:orgName>
								<ns0:address>
									<ns0:postCode>116024</ns0:postCode>
									<ns0:settlement>Dalian</ns0:settlement>
									<ns0:country key="CN">China</ns0:country>
								</ns0:address>
							</ns0:affiliation>
						</ns0:author>
						<ns0:author>
							<ns0:affiliation key="aff6">
								<ns0:orgName type="laboratory">ACS Paragon Plus Environment Environmental Science &amp; Technology</ns0:orgName>
							</ns0:affiliation>
						</ns0:author>
						<ns0:title level="a" type="main">Engineering Nano-Composite Interlayer for Novel Ceramic-based Forward Osmosis Membrane with Enhanced Performance</ns0:title>
					</ns0:analytic>
					<ns0:monogr>
						<ns0:imprint>
							<ns0:date />
						</ns0:imprint>
					</ns0:monogr>
					<ns0:idno type="DOI">10.1021/acs.est.0c02809</ns0:idno>
				</ns0:biblStruct>
			</ns0:sourceDesc>
		</ns0:fileDesc>
		<ns0:encodingDesc>
			<ns0:appInfo>
				<ns0:application version="0.7.3" ident="GROBID" when="2023-07-24T12:20+0000">
					<ns0:desc>GROBID - A machine learning software for extracting information from scholarly documents</ns0:desc>
					<ns0:ref target="https://github.com/kermitt2/grobid" />
				</ns0:application>
			</ns0:appInfo>
		</ns0:encodingDesc>
		<ns0:profileDesc>
			<ns0:abstract />
		</ns0:profileDesc>
	</ns0:teiHeader>
	<ns0:text xml:lang="en">
		<ns0:back>

			<ns0:div type="acknowledgement">
<ns0:div><ns0:head>ACKNOWLEDGEMENTS</ns0:head><ns0:p>This work was financially supported by the National Natural Science Foundation of China (No. 21876020), Youth Top-Notch Talent Program of Talent Project of Revitalizing Liaoning (No. XLYC1807250), National Key Research and Development Project (No. 2019YFA0705803), Key Project of Liaoning Natural Science Foundation (No. 20180510005), the Haitian Scholar Program from Dalian University of Technology, and the 111 Program of Introducing Talents of Discipline to Universities (No. B13012). We also thank Mr. Chunyi Sun for helpful discussions</ns0:p></ns0:div>
			</ns0:div>

			<ns0:div type="annex">
<ns0:div><ns0:head>AUTHOR INFORMATION</ns0:head></ns0:div>
<ns0:div><ns0:head>Corresponding authors:</ns0:head><ns0:p>Chuyang Y. Tang (tangc@hku.hk) Yingchao Dong (ycdong@dlut.edu.cn) ORCID 1, Chuyang Y. Tang: 0000-0002-7932-6462 2, Yingchao Dong: 0000-0003-1409-0994</ns0:p></ns0:div>
<ns0:div><ns0:head>Notes</ns0:head><ns0:p>The authors declare no competing financial interest. on this work.</ns0:p></ns0:div>			</ns0:div>
			<ns0:div type="references">

				<ns0:listBibl>

<ns0:biblStruct xml:id="b0">
	<ns0:monogr>
		<ns0:title level="m" type="main">/CNT membrane substrates (Figure S6); S6. Optimization of synthesis conditions for PA layer</ns0:title>
		<ns0:author>
			<ns0:persName><ns0:forename type="first">M-T</ns0:forename></ns0:persName>
		</ns0:author>
		<ns0:imprint />
	</ns0:monogr>
	<ns0:note>Figures S7 and S8); S7. Stability of membranes (Figure S9</ns0:note>
</ns0:biblStruct>

<ns0:biblStruct xml:id="b1">
	<ns0:monogr>
		<ns0:title level="m" type="main">Comparison of FO performances</ns0:title>
		<ns0:author>
			<ns0:persName><ns0:surname>S8</ns0:surname></ns0:persName>
		</ns0:author>
		<ns0:imprint />
	</ns0:monogr>
	<ns0:note>Table S4</ns0:note>
</ns0:biblStruct>

<ns0:biblStruct xml:id="b2">
	<ns0:analytic>
		<ns0:title level="a" type="main">Science and technology for water purification in the coming decades</ns0:title>
		<ns0:author>
			<ns0:persName><ns0:forename type="first">M</ns0:forename><ns0:forename type="middle">A</ns0:forename><ns0:surname>Shannon</ns0:surname></ns0:persName>
		</ns0:author>
		<ns0:author>
			<ns0:persName><ns0:forename type="first">P</ns0:forename><ns0:forename type="middle">W</ns0:forename><ns0:surname>Bohn</ns0:surname></ns0:persName>
		</ns0:author>
		<ns0:author>
			<ns0:persName><ns0:forename type="first">M</ns0:forename><ns0:surname>Elimelech</ns0:surname></ns0:persName>
		</ns0:author>
		<ns0:author>
			<ns0:persName><ns0:forename type="first">J</ns0:forename><ns0:forename type="middle">G</ns0:forename><ns0:surname>Georgiadis</ns0:surname></ns0:persName>
		</ns0:author>
		<ns0:author>
			<ns0:persName><ns0:forename type="first">B</ns0:forename><ns0:forename type="middle">J</ns0:forename><ns0:surname>Marinas</ns0:surname></ns0:persName>
		</ns0:author>
		<ns0:author>
			<ns0:persName><ns0:forename type="first">A</ns0:forename><ns0:forename type="middle">M</ns0:forename><ns0:surname>Mayes</ns0:surname></ns0:persName>
		</ns0:author>
	</ns0:analytic>
	<ns0:monogr>
		<ns0:title level="j">Nature</ns0:title>
		<ns0:imprint>
			<ns0:biblScope unit="volume">452</ns0:biblScope>
			<ns0:biblScope unit="page" from="301" to="310" />
			<ns0:date type="published" when="2010">2010</ns0:date>
		</ns0:imprint>
	</ns0:monogr>
</ns0:biblStruct>

<ns0:biblStruct xml:id="b3">
	<ns0:analytic>
		<ns0:title level="a" type="main">Reverse osmosis desalination: water sources, technology, and today's challenges</ns0:title>
		<ns0:author>
			<ns0:persName><ns0:forename type="first">L</ns0:forename><ns0:forename type="middle">F</ns0:forename><ns0:surname>Greenlee</ns0:surname></ns0:persName>
		</ns0:author>
		<ns0:author>
			<ns0:persName><ns0:forename type="first">D</ns0:forename><ns0:forename type="middle">F</ns0:forename><ns0:surname>Lawler</ns0:surname></ns0:persName>
		</ns0:author>
		<ns0:author>
			<ns0:persName><ns0:forename type="first">B</ns0:forename><ns0:forename type="middle">D</ns0:forename><ns0:surname>Freeman</ns0:surname></ns0:persName>
		</ns0:author>
		<ns0:author>
			<ns0:persName><ns0:forename type="first">B</ns0:forename><ns0:surname>Marrot</ns0:surname></ns0:persName>
		</ns0:author>
		<ns0:author>
			<ns0:persName><ns0:forename type="first">P</ns0:forename><ns0:surname>Moulin</ns0:surname></ns0:persName>
		</ns0:author>
	</ns0:analytic>
	<ns0:monogr>
		<ns0:title level="j">Water Res</ns0:title>
		<ns0:imprint>
			<ns0:biblScope unit="volume">43</ns0:biblScope>
			<ns0:biblScope unit="issue">9</ns0:biblScope>
			<ns0:biblScope unit="page" from="2317" to="2348" />
			<ns0:date type="published" when="2009">2009</ns0:date>
		</ns0:imprint>
	</ns0:monogr>
</ns0:biblStruct>

<ns0:biblStruct xml:id="b4">
	<ns0:analytic>
		<ns0:title level="a" type="main">Stable superhydrophobic ceramic-based carbon nanotube composite desalination membranes</ns0:title>
		<ns0:author>
			<ns0:persName><ns0:forename type="first">Y</ns0:forename><ns0:surname>Dong</ns0:surname></ns0:persName>
		</ns0:author>
		<ns0:author>
			<ns0:persName><ns0:forename type="first">L</ns0:forename><ns0:surname>Ma</ns0:surname></ns0:persName>
		</ns0:author>
		<ns0:author>
			<ns0:persName><ns0:forename type="first">C</ns0:forename><ns0:forename type="middle">Y</ns0:forename><ns0:surname>Tang</ns0:surname></ns0:persName>
		</ns0:author>
		<ns0:author>
			<ns0:persName><ns0:forename type="first">F</ns0:forename><ns0:surname>Yang</ns0:surname></ns0:persName>
		</ns0:author>
		<ns0:author>
			<ns0:persName><ns0:forename type="first">X</ns0:forename><ns0:surname>Quan</ns0:surname></ns0:persName>
		</ns0:author>
		<ns0:author>
			<ns0:persName><ns0:forename type="first">D</ns0:forename><ns0:surname>Jassby</ns0:surname></ns0:persName>
		</ns0:author>
		<ns0:author>
			<ns0:persName><ns0:forename type="first">M</ns0:forename><ns0:forename type="middle">J</ns0:forename><ns0:surname>Zaworotko</ns0:surname></ns0:persName>
		</ns0:author>
		<ns0:author>
			<ns0:persName><ns0:forename type="first">M</ns0:forename><ns0:forename type="middle">D</ns0:forename><ns0:surname>Guiver</ns0:surname></ns0:persName>
		</ns0:author>
	</ns0:analytic>
	<ns0:monogr>
		<ns0:title level="j">Nano Lett</ns0:title>
		<ns0:imprint>
			<ns0:biblScope unit="volume">18</ns0:biblScope>
			<ns0:biblScope unit="issue">9</ns0:biblScope>
			<ns0:biblScope unit="page" from="5514" to="5521" />
			<ns0:date type="published" when="2018">2018</ns0:date>
		</ns0:imprint>
	</ns0:monogr>
</ns0:biblStruct>

<ns0:biblStruct xml:id="b5">
	<ns0:analytic>
		<ns0:title level="a" type="main">Forward osmosis: principles, applications, and recent developments</ns0:title>
		<ns0:author>
			<ns0:persName><ns0:forename type="first">T</ns0:forename><ns0:forename type="middle">Y</ns0:forename><ns0:surname>Cath</ns0:surname></ns0:persName>
		</ns0:author>
		<ns0:author>
			<ns0:persName><ns0:forename type="first">A</ns0:forename><ns0:forename type="middle">E</ns0:forename><ns0:surname>Childress</ns0:surname></ns0:persName>
		</ns0:author>
		<ns0:author>
			<ns0:persName><ns0:forename type="first">M</ns0:forename><ns0:surname>Elimelech</ns0:surname></ns0:persName>
		</ns0:author>
	</ns0:analytic>
	<ns0:monogr>
		<ns0:title level="j">J. Membr. Sci</ns0:title>
		<ns0:imprint>
			<ns0:biblScope unit="volume">281</ns0:biblScope>
			<ns0:biblScope unit="issue">1-2</ns0:biblScope>
			<ns0:biblScope unit="page" from="70" to="87" />
			<ns0:date type="published" when="2006">2006</ns0:date>
		</ns0:imprint>
	</ns0:monogr>
</ns0:biblStruct>

<ns0:biblStruct xml:id="b6">
	<ns0:analytic>
		<ns0:title level="a" type="main">Membrane fouling in osmotically driven membrane processes: A review</ns0:title>
		<ns0:author>
			<ns0:persName><ns0:forename type="first">Q</ns0:forename><ns0:surname>She</ns0:surname></ns0:persName>
		</ns0:author>
		<ns0:author>
			<ns0:persName><ns0:forename type="first">R</ns0:forename><ns0:surname>Wang</ns0:surname></ns0:persName>
		</ns0:author>
		<ns0:author>
			<ns0:persName><ns0:forename type="first">A</ns0:forename><ns0:forename type="middle">G</ns0:forename><ns0:surname>Fane</ns0:surname></ns0:persName>
		</ns0:author>
		<ns0:author>
			<ns0:persName><ns0:forename type="first">C</ns0:forename><ns0:forename type="middle">Y</ns0:forename><ns0:surname>Tang</ns0:surname></ns0:persName>
		</ns0:author>
	</ns0:analytic>
	<ns0:monogr>
		<ns0:title level="j">J. Membr. Sci</ns0:title>
		<ns0:imprint>
			<ns0:biblScope unit="volume">499</ns0:biblScope>
			<ns0:biblScope unit="page" from="201" to="233" />
			<ns0:date type="published" when="2016">2016</ns0:date>
		</ns0:imprint>
	</ns0:monogr>
</ns0:biblStruct>

<ns0:biblStruct xml:id="b7">
	<ns0:analytic>
		<ns0:title level="a" type="main">Characteristics and influencing factors of organic fouling in forward osmosis operation for wastewater applications: A comprehensive review</ns0:title>
		<ns0:author>
			<ns0:persName><ns0:forename type="first">Q</ns0:forename><ns0:forename type="middle">V</ns0:forename><ns0:surname>Ly</ns0:surname></ns0:persName>
		</ns0:author>
		<ns0:author>
			<ns0:persName><ns0:forename type="first">Y</ns0:forename><ns0:surname>Hu</ns0:surname></ns0:persName>
		</ns0:author>
		<ns0:author>
			<ns0:persName><ns0:forename type="first">J</ns0:forename><ns0:surname>Li</ns0:surname></ns0:persName>
		</ns0:author>
		<ns0:author>
			<ns0:persName><ns0:forename type="first">J</ns0:forename><ns0:surname>Cho</ns0:surname></ns0:persName>
		</ns0:author>
		<ns0:author>
			<ns0:persName><ns0:forename type="first">J</ns0:forename><ns0:surname>Hur</ns0:surname></ns0:persName>
		</ns0:author>
	</ns0:analytic>
	<ns0:monogr>
		<ns0:title level="j">Environ. Int</ns0:title>
		<ns0:imprint>
			<ns0:biblScope unit="volume">129</ns0:biblScope>
			<ns0:biblScope unit="page" from="164" to="184" />
			<ns0:date type="published" when="2019">2019</ns0:date>
		</ns0:imprint>
	</ns0:monogr>
</ns0:biblStruct>

<ns0:biblStruct xml:id="b8">
	<ns0:analytic>
		<ns0:title level="a" type="main">High recovery of concentrated RO brines using forward osmosis and membrane distillation</ns0:title>
		<ns0:author>
			<ns0:persName><ns0:forename type="first">C</ns0:forename><ns0:forename type="middle">R</ns0:forename><ns0:surname>Martinetti</ns0:surname></ns0:persName>
		</ns0:author>
		<ns0:author>
			<ns0:persName><ns0:forename type="first">A</ns0:forename><ns0:forename type="middle">E</ns0:forename><ns0:surname>Childress</ns0:surname></ns0:persName>
		</ns0:author>
		<ns0:author>
			<ns0:persName><ns0:forename type="first">T</ns0:forename><ns0:forename type="middle">Y</ns0:forename><ns0:surname>Cath</ns0:surname></ns0:persName>
		</ns0:author>
	</ns0:analytic>
	<ns0:monogr>
		<ns0:title level="j">J. Membr. Sci</ns0:title>
		<ns0:imprint>
			<ns0:biblScope unit="volume">331</ns0:biblScope>
			<ns0:biblScope unit="issue">1-2</ns0:biblScope>
			<ns0:biblScope unit="page" from="31" to="39" />
			<ns0:date type="published" when="2009">2009</ns0:date>
		</ns0:imprint>
	</ns0:monogr>
</ns0:biblStruct>

<ns0:biblStruct xml:id="b9">
	<ns0:analytic>
		<ns0:title level="a" type="main">Osmotic membrane bioreactor (OMBR) technology for wastewater treatment and reclamation: Advances, challenges, and prospects for the future</ns0:title>
		<ns0:author>
			<ns0:persName><ns0:forename type="first">X</ns0:forename><ns0:surname>Wang</ns0:surname></ns0:persName>
		</ns0:author>
		<ns0:author>
			<ns0:persName><ns0:forename type="first">V</ns0:forename><ns0:forename type="middle">W</ns0:forename><ns0:surname>Chang</ns0:surname></ns0:persName>
		</ns0:author>
		<ns0:author>
			<ns0:persName><ns0:forename type="first">C</ns0:forename><ns0:forename type="middle">Y</ns0:forename><ns0:surname>Tang</ns0:surname></ns0:persName>
		</ns0:author>
	</ns0:analytic>
	<ns0:monogr>
		<ns0:title level="j">J. Membr. Sci</ns0:title>
		<ns0:imprint>
			<ns0:biblScope unit="volume">504</ns0:biblScope>
			<ns0:biblScope unit="page" from="113" to="132" />
			<ns0:date type="published" when="2016">2016</ns0:date>
		</ns0:imprint>
	</ns0:monogr>
</ns0:biblStruct>

<ns0:biblStruct xml:id="b10">
	<ns0:analytic>
		<ns0:title level="a" type="main">Characterization of novel forward osmosis hollow fiber membranes</ns0:title>
		<ns0:author>
			<ns0:persName><ns0:forename type="first">R</ns0:forename><ns0:surname>Wang</ns0:surname></ns0:persName>
		</ns0:author>
		<ns0:author>
			<ns0:persName><ns0:forename type="first">L</ns0:forename><ns0:surname>Shi</ns0:surname></ns0:persName>
		</ns0:author>
		<ns0:author>
			<ns0:persName><ns0:forename type="first">C</ns0:forename><ns0:forename type="middle">Y</ns0:forename><ns0:surname>Tang</ns0:surname></ns0:persName>
		</ns0:author>
		<ns0:author>
			<ns0:persName><ns0:forename type="first">S</ns0:forename><ns0:surname>Chou</ns0:surname></ns0:persName>
		</ns0:author>
		<ns0:author>
			<ns0:persName><ns0:forename type="first">C</ns0:forename><ns0:surname>Qiu</ns0:surname></ns0:persName>
		</ns0:author>
		<ns0:author>
			<ns0:persName><ns0:forename type="first">A</ns0:forename><ns0:forename type="middle">G</ns0:forename><ns0:surname>Fane</ns0:surname></ns0:persName>
		</ns0:author>
	</ns0:analytic>
	<ns0:monogr>
		<ns0:title level="j">J. Membr. Sci</ns0:title>
		<ns0:imprint>
			<ns0:biblScope unit="volume">355</ns0:biblScope>
			<ns0:biblScope unit="issue">1-2</ns0:biblScope>
			<ns0:biblScope unit="page" from="158" to="167" />
			<ns0:date type="published" when="2010">2010</ns0:date>
		</ns0:imprint>
	</ns0:monogr>
</ns0:biblStruct>

<ns0:biblStruct xml:id="b11">
	<ns0:analytic>
		<ns0:title level="a" type="main">High performance thin-film composite forward osmosis membrane</ns0:title>
		<ns0:author>
			<ns0:persName><ns0:forename type="first">N</ns0:forename><ns0:forename type="middle">Y</ns0:forename><ns0:surname>Yip</ns0:surname></ns0:persName>
		</ns0:author>
		<ns0:author>
			<ns0:persName><ns0:forename type="first">A</ns0:forename><ns0:surname>Tiraferri</ns0:surname></ns0:persName>
		</ns0:author>
		<ns0:author>
			<ns0:persName><ns0:forename type="first">W</ns0:forename><ns0:forename type="middle">A</ns0:forename><ns0:surname>Phillip</ns0:surname></ns0:persName>
		</ns0:author>
		<ns0:author>
			<ns0:persName><ns0:forename type="first">J</ns0:forename><ns0:forename type="middle">D</ns0:forename><ns0:surname>Schiffman</ns0:surname></ns0:persName>
		</ns0:author>
		<ns0:author>
			<ns0:persName><ns0:forename type="first">M</ns0:forename><ns0:surname>Elimelech</ns0:surname></ns0:persName>
		</ns0:author>
	</ns0:analytic>
	<ns0:monogr>
		<ns0:title level="j">Environ. Sci. Technol</ns0:title>
		<ns0:imprint>
			<ns0:biblScope unit="volume">44</ns0:biblScope>
			<ns0:biblScope unit="issue">10</ns0:biblScope>
			<ns0:biblScope unit="page" from="3812" to="3818" />
			<ns0:date type="published" when="2010">2010</ns0:date>
		</ns0:imprint>
	</ns0:monogr>
</ns0:biblStruct>

<ns0:biblStruct xml:id="b12">
	<ns0:analytic>
		<ns0:title level="a" type="main">Composite forward osmosis hollow fiber membranes: Integration of RO-and NF-like selective layers to enhance membrane properties of anti-scaling and anti-internal concentration polarization</ns0:title>
		<ns0:author>
			<ns0:persName><ns0:forename type="first">W</ns0:forename><ns0:surname>Fang</ns0:surname></ns0:persName>
		</ns0:author>
		<ns0:author>
			<ns0:persName><ns0:forename type="first">R</ns0:forename><ns0:surname>Wang</ns0:surname></ns0:persName>
		</ns0:author>
		<ns0:author>
			<ns0:persName><ns0:forename type="first">S</ns0:forename><ns0:surname>Chou</ns0:surname></ns0:persName>
		</ns0:author>
		<ns0:author>
			<ns0:persName><ns0:forename type="first">L</ns0:forename><ns0:surname>Setiawan</ns0:surname></ns0:persName>
		</ns0:author>
		<ns0:author>
			<ns0:persName><ns0:forename type="first">A</ns0:forename><ns0:forename type="middle">G</ns0:forename><ns0:surname>Fane</ns0:surname></ns0:persName>
		</ns0:author>
	</ns0:analytic>
	<ns0:monogr>
		<ns0:title level="j">J. Membr. Sci</ns0:title>
		<ns0:imprint>
			<ns0:biblScope unit="volume">394</ns0:biblScope>
			<ns0:biblScope unit="page" from="140" to="150" />
			<ns0:date type="published" when="2012">2012</ns0:date>
		</ns0:imprint>
	</ns0:monogr>
</ns0:biblStruct>

<ns0:biblStruct xml:id="b13">
	<ns0:analytic>
		<ns0:title level="a" type="main">Nanocomposite substrates for controlling internal concentration polarization in forward osmosis membranes</ns0:title>
		<ns0:author>
			<ns0:persName><ns0:forename type="first">N</ns0:forename><ns0:surname>Ma</ns0:surname></ns0:persName>
		</ns0:author>
		<ns0:author>
			<ns0:persName><ns0:forename type="first">J</ns0:forename><ns0:surname>Wei</ns0:surname></ns0:persName>
		</ns0:author>
		<ns0:author>
			<ns0:persName><ns0:forename type="first">S</ns0:forename><ns0:surname>Qi</ns0:surname></ns0:persName>
		</ns0:author>
		<ns0:author>
			<ns0:persName><ns0:forename type="first">Y</ns0:forename><ns0:surname>Zhao</ns0:surname></ns0:persName>
		</ns0:author>
		<ns0:author>
			<ns0:persName><ns0:forename type="first">Y</ns0:forename><ns0:surname>Gao</ns0:surname></ns0:persName>
		</ns0:author>
		<ns0:author>
			<ns0:persName><ns0:forename type="first">C</ns0:forename><ns0:forename type="middle">Y</ns0:forename><ns0:surname>Tang</ns0:surname></ns0:persName>
		</ns0:author>
	</ns0:analytic>
	<ns0:monogr>
		<ns0:title level="j">J. Membr. Sci</ns0:title>
		<ns0:imprint>
			<ns0:biblScope unit="volume">441</ns0:biblScope>
			<ns0:biblScope unit="page" from="54" to="62" />
			<ns0:date type="published" when="2013">2013</ns0:date>
		</ns0:imprint>
	</ns0:monogr>
</ns0:biblStruct>

<ns0:biblStruct xml:id="b14">
	<ns0:analytic>
		<ns0:title level="a" type="main">Aluminosilicate Nanotubes Embedded Polyamide Thin Film Nanocomposite Forward Osmosis Membranes with Simultaneous Enhancement of Water Permeability and Selectivity</ns0:title>
		<ns0:author>
			<ns0:persName><ns0:forename type="first">S</ns0:forename><ns0:forename type="middle">J</ns0:forename><ns0:surname>Shi</ns0:surname></ns0:persName>
		</ns0:author>
		<ns0:author>
			<ns0:persName><ns0:forename type="first">Y</ns0:forename><ns0:forename type="middle">H</ns0:forename><ns0:surname>Pan</ns0:surname></ns0:persName>
		</ns0:author>
		<ns0:author>
			<ns0:persName><ns0:forename type="first">S</ns0:forename><ns0:forename type="middle">F</ns0:forename><ns0:surname>Wang</ns0:surname></ns0:persName>
		</ns0:author>
		<ns0:author>
			<ns0:persName><ns0:forename type="first">Z</ns0:forename><ns0:forename type="middle">W</ns0:forename><ns0:surname>Dai</ns0:surname></ns0:persName>
		</ns0:author>
		<ns0:author>
			<ns0:persName><ns0:forename type="first">L</ns0:forename><ns0:surname>Gu</ns0:surname></ns0:persName>
		</ns0:author>
		<ns0:author>
			<ns0:persName><ns0:forename type="first">Q</ns0:forename><ns0:forename type="middle">Y</ns0:forename><ns0:surname>Wu</ns0:surname></ns0:persName>
		</ns0:author>
	</ns0:analytic>
	<ns0:monogr>
		<ns0:title level="j">Polymers</ns0:title>
		<ns0:imprint>
			<ns0:biblScope unit="volume">11</ns0:biblScope>
			<ns0:biblScope unit="issue">5</ns0:biblScope>
			<ns0:biblScope unit="page">879</ns0:biblScope>
			<ns0:date type="published" when="2019">2019</ns0:date>
		</ns0:imprint>
	</ns0:monogr>
</ns0:biblStruct>

<ns0:biblStruct xml:id="b15">
	<ns0:analytic>
		<ns0:title level="a" type="main">Well-constructed cellulose acetate membranes for forward osmosis: minimized internal concentration polarization with an ultra-thin selective layer</ns0:title>
		<ns0:author>
			<ns0:persName><ns0:forename type="first">S</ns0:forename><ns0:surname>Zhang</ns0:surname></ns0:persName>
		</ns0:author>
		<ns0:author>
			<ns0:persName><ns0:forename type="first">K</ns0:forename><ns0:forename type="middle">Y</ns0:forename><ns0:surname>Wang</ns0:surname></ns0:persName>
		</ns0:author>
		<ns0:author>
			<ns0:persName><ns0:forename type="first">T</ns0:forename><ns0:forename type="middle">S</ns0:forename><ns0:surname>Chung</ns0:surname></ns0:persName>
		</ns0:author>
		<ns0:author>
			<ns0:persName><ns0:forename type="first">H</ns0:forename><ns0:surname>Chen</ns0:surname></ns0:persName>
		</ns0:author>
		<ns0:author>
			<ns0:persName><ns0:forename type="first">Y</ns0:forename><ns0:forename type="middle">C</ns0:forename><ns0:surname>Jean</ns0:surname></ns0:persName>
		</ns0:author>
		<ns0:author>
			<ns0:persName><ns0:forename type="first">G</ns0:forename><ns0:surname>Amy</ns0:surname></ns0:persName>
		</ns0:author>
	</ns0:analytic>
	<ns0:monogr>
		<ns0:title level="j">J. Membr. Sci</ns0:title>
		<ns0:imprint>
			<ns0:biblScope unit="volume">360</ns0:biblScope>
			<ns0:biblScope unit="issue">1-2</ns0:biblScope>
			<ns0:biblScope unit="page" from="522" to="535" />
			<ns0:date type="published" when="2010">2010</ns0:date>
		</ns0:imprint>
	</ns0:monogr>
</ns0:biblStruct>

<ns0:biblStruct xml:id="b16">
	<ns0:analytic>
		<ns0:title level="a" type="main">Thin-film nanocomposite forward-osmosis membranes on hydrophilic microfiltration support with an intermediate layer of graphene oxide and multiwall carbon nanotube</ns0:title>
		<ns0:author>
			<ns0:persName><ns0:forename type="first">W</ns0:forename><ns0:surname>Zhao</ns0:surname></ns0:persName>
		</ns0:author>
		<ns0:author>
			<ns0:persName><ns0:forename type="first">H</ns0:forename><ns0:surname>Liu</ns0:surname></ns0:persName>
		</ns0:author>
		<ns0:author>
			<ns0:persName><ns0:forename type="first">Y</ns0:forename><ns0:surname>Liu</ns0:surname></ns0:persName>
		</ns0:author>
		<ns0:author>
			<ns0:persName><ns0:forename type="first">M</ns0:forename><ns0:surname>Jian</ns0:surname></ns0:persName>
		</ns0:author>
		<ns0:author>
			<ns0:persName><ns0:forename type="first">L</ns0:forename><ns0:surname>Gao</ns0:surname></ns0:persName>
		</ns0:author>
		<ns0:author>
			<ns0:persName><ns0:forename type="first">H</ns0:forename><ns0:surname>Wang</ns0:surname></ns0:persName>
		</ns0:author>
		<ns0:author>
			<ns0:persName><ns0:forename type="first">X</ns0:forename><ns0:surname>Zhang</ns0:surname></ns0:persName>
		</ns0:author>
	</ns0:analytic>
	<ns0:monogr>
		<ns0:title level="j">ACS Appl. Mater. Interfaces</ns0:title>
		<ns0:imprint>
			<ns0:biblScope unit="volume">10</ns0:biblScope>
			<ns0:biblScope unit="issue">40</ns0:biblScope>
			<ns0:biblScope unit="page" from="34464" to="34474" />
			<ns0:date type="published" when="2018">2018</ns0:date>
		</ns0:imprint>
	</ns0:monogr>
</ns0:biblStruct>

<ns0:biblStruct xml:id="b17">
	<ns0:analytic>
		<ns0:title level="a" type="main">The role of sulphonated polymer and macrovoid-free structure in the support layer for thin-film composite (TFC) forward osmosis (FO) membranes</ns0:title>
		<ns0:author>
			<ns0:persName><ns0:forename type="first">N</ns0:forename><ns0:surname>Widjojo</ns0:surname></ns0:persName>
		</ns0:author>
		<ns0:author>
			<ns0:persName><ns0:forename type="first">T</ns0:forename><ns0:forename type="middle">S</ns0:forename><ns0:surname>Chung</ns0:surname></ns0:persName>
		</ns0:author>
		<ns0:author>
			<ns0:persName><ns0:forename type="first">M</ns0:forename><ns0:surname>Weber</ns0:surname></ns0:persName>
		</ns0:author>
		<ns0:author>
			<ns0:persName><ns0:forename type="first">C</ns0:forename><ns0:surname>Maletzko</ns0:surname></ns0:persName>
		</ns0:author>
		<ns0:author>
			<ns0:persName><ns0:forename type="first">V</ns0:forename><ns0:surname>Warzelhan</ns0:surname></ns0:persName>
		</ns0:author>
	</ns0:analytic>
	<ns0:monogr>
		<ns0:title level="j">J. Membr. Sci</ns0:title>
		<ns0:imprint>
			<ns0:biblScope unit="volume">383</ns0:biblScope>
			<ns0:biblScope unit="issue">1-2</ns0:biblScope>
			<ns0:biblScope unit="page" from="214" to="223" />
			<ns0:date type="published" when="2011">2011</ns0:date>
		</ns0:imprint>
	</ns0:monogr>
</ns0:biblStruct>

<ns0:biblStruct xml:id="b18">
	<ns0:analytic>
		<ns0:title level="a" type="main">Robust and high performance hollow fiber membranes for energy harvesting from salinity gradients by pressure retarded osmosis</ns0:title>
		<ns0:author>
			<ns0:persName><ns0:forename type="first">S</ns0:forename><ns0:surname>Chou</ns0:surname></ns0:persName>
		</ns0:author>
		<ns0:author>
			<ns0:persName><ns0:forename type="first">R</ns0:forename><ns0:surname>Wang</ns0:surname></ns0:persName>
		</ns0:author>
		<ns0:author>
			<ns0:persName><ns0:forename type="first">A</ns0:forename><ns0:forename type="middle">G</ns0:forename><ns0:surname>Fane</ns0:surname></ns0:persName>
		</ns0:author>
	</ns0:analytic>
	<ns0:monogr>
		<ns0:title level="j">J. Membr. Sci</ns0:title>
		<ns0:imprint>
			<ns0:biblScope unit="volume">448</ns0:biblScope>
			<ns0:biblScope unit="page" from="44" to="54" />
			<ns0:date type="published" when="2013">2013</ns0:date>
		</ns0:imprint>
	</ns0:monogr>
</ns0:biblStruct>

<ns0:biblStruct xml:id="b19">
	<ns0:analytic>
		<ns0:title level="a" type="main">Recent developments in forward osmosis: opportunities and challenges</ns0:title>
		<ns0:author>
			<ns0:persName><ns0:forename type="first">S</ns0:forename><ns0:surname>Zhao</ns0:surname></ns0:persName>
		</ns0:author>
		<ns0:author>
			<ns0:persName><ns0:forename type="first">L</ns0:forename><ns0:surname>Zou</ns0:surname></ns0:persName>
		</ns0:author>
		<ns0:author>
			<ns0:persName><ns0:forename type="first">C</ns0:forename><ns0:forename type="middle">Y</ns0:forename><ns0:surname>Tang</ns0:surname></ns0:persName>
		</ns0:author>
		<ns0:author>
			<ns0:persName><ns0:forename type="first">D</ns0:forename><ns0:surname>Mulcahy</ns0:surname></ns0:persName>
		</ns0:author>
	</ns0:analytic>
	<ns0:monogr>
		<ns0:title level="j">J. Membr. Sci</ns0:title>
		<ns0:imprint>
			<ns0:biblScope unit="volume">396</ns0:biblScope>
			<ns0:biblScope unit="page" from="1" to="21" />
			<ns0:date type="published" when="2012">2012</ns0:date>
		</ns0:imprint>
	</ns0:monogr>
</ns0:biblStruct>

<ns0:biblStruct xml:id="b20">
	<ns0:analytic>
		<ns0:title level="a" type="main">Forward osmosis with a novel thin-film inorganic membrane</ns0:title>
		<ns0:author>
			<ns0:persName><ns0:forename type="first">S</ns0:forename><ns0:surname>You</ns0:surname></ns0:persName>
		</ns0:author>
		<ns0:author>
			<ns0:persName><ns0:forename type="first">C</ns0:forename><ns0:surname>Tang</ns0:surname></ns0:persName>
		</ns0:author>
		<ns0:author>
			<ns0:persName><ns0:forename type="first">C</ns0:forename><ns0:surname>Yu</ns0:surname></ns0:persName>
		</ns0:author>
		<ns0:author>
			<ns0:persName><ns0:forename type="first">X</ns0:forename><ns0:surname>Wang</ns0:surname></ns0:persName>
		</ns0:author>
		<ns0:author>
			<ns0:persName><ns0:forename type="first">J</ns0:forename><ns0:surname>Zhang</ns0:surname></ns0:persName>
		</ns0:author>
		<ns0:author>
			<ns0:persName><ns0:forename type="first">J</ns0:forename><ns0:surname>Han</ns0:surname></ns0:persName>
		</ns0:author>
		<ns0:author>
			<ns0:persName><ns0:forename type="first">N</ns0:forename><ns0:surname>Ren</ns0:surname></ns0:persName>
		</ns0:author>
	</ns0:analytic>
	<ns0:monogr>
		<ns0:title level="j">Environ. Sci. Technol</ns0:title>
		<ns0:imprint>
			<ns0:biblScope unit="volume">47</ns0:biblScope>
			<ns0:biblScope unit="issue">15</ns0:biblScope>
			<ns0:biblScope unit="page" from="8733" to="8742" />
			<ns0:date type="published" when="2013">2013</ns0:date>
		</ns0:imprint>
	</ns0:monogr>
</ns0:biblStruct>

<ns0:biblStruct xml:id="b21">
	<ns0:analytic>
		<ns0:title level="a" type="main">Ceramic membrane fouling during ultrafiltration of oil/water emulsions: roles played by stabilization surfactants of oil droplets</ns0:title>
		<ns0:author>
			<ns0:persName><ns0:forename type="first">D</ns0:forename><ns0:surname>Lu</ns0:surname></ns0:persName>
		</ns0:author>
		<ns0:author>
			<ns0:persName><ns0:forename type="first">T</ns0:forename><ns0:surname>Zhang</ns0:surname></ns0:persName>
		</ns0:author>
		<ns0:author>
			<ns0:persName><ns0:forename type="first">J</ns0:forename><ns0:surname>Ma</ns0:surname></ns0:persName>
		</ns0:author>
	</ns0:analytic>
	<ns0:monogr>
		<ns0:title level="j">Environ. Sci. Technol</ns0:title>
		<ns0:imprint>
			<ns0:biblScope unit="volume">49</ns0:biblScope>
			<ns0:biblScope unit="issue">7</ns0:biblScope>
			<ns0:biblScope unit="page" from="4235" to="4244" />
			<ns0:date type="published" when="2015">2015</ns0:date>
		</ns0:imprint>
	</ns0:monogr>
</ns0:biblStruct>

<ns0:biblStruct xml:id="b22">
	<ns0:analytic>
		<ns0:title level="a" type="main">A low-cost mullite-titania composite ceramic hollow fiber microfiltration membrane for highly efficient separation of oil-in-water emulsion</ns0:title>
		<ns0:author>
			<ns0:persName><ns0:forename type="first">L</ns0:forename><ns0:surname>Zhu</ns0:surname></ns0:persName>
		</ns0:author>
		<ns0:author>
			<ns0:persName><ns0:forename type="first">M</ns0:forename><ns0:surname>Chen</ns0:surname></ns0:persName>
		</ns0:author>
		<ns0:author>
			<ns0:persName><ns0:forename type="first">Y</ns0:forename><ns0:surname>Dong</ns0:surname></ns0:persName>
		</ns0:author>
		<ns0:author>
			<ns0:persName><ns0:forename type="first">C</ns0:forename><ns0:forename type="middle">Y</ns0:forename><ns0:surname>Tang</ns0:surname></ns0:persName>
		</ns0:author>
		<ns0:author>
			<ns0:persName><ns0:forename type="first">A</ns0:forename><ns0:surname>Huang</ns0:surname></ns0:persName>
		</ns0:author>
		<ns0:author>
			<ns0:persName><ns0:forename type="first">L</ns0:forename><ns0:surname>Li</ns0:surname></ns0:persName>
		</ns0:author>
	</ns0:analytic>
	<ns0:monogr>
		<ns0:title level="j">Water Res</ns0:title>
		<ns0:imprint>
			<ns0:biblScope unit="volume">90</ns0:biblScope>
			<ns0:biblScope unit="page" from="277" to="285" />
			<ns0:date type="published" when="2016">2016</ns0:date>
		</ns0:imprint>
	</ns0:monogr>
</ns0:biblStruct>

<ns0:biblStruct xml:id="b23">
	<ns0:analytic>
		<ns0:title level="a" type="main">Highly permeable thin-film composite forward osmosis membrane based on carbon nanotube hollow fiber scaffold with electrically enhanced fouling resistance</ns0:title>
		<ns0:author>
			<ns0:persName><ns0:forename type="first">X</ns0:forename><ns0:surname>Fan</ns0:surname></ns0:persName>
		</ns0:author>
		<ns0:author>
			<ns0:persName><ns0:forename type="first">Y</ns0:forename><ns0:surname>Liu</ns0:surname></ns0:persName>
		</ns0:author>
		<ns0:author>
			<ns0:persName><ns0:forename type="first">X</ns0:forename><ns0:surname>Quan</ns0:surname></ns0:persName>
		</ns0:author>
		<ns0:author>
			<ns0:persName><ns0:forename type="first">S</ns0:forename><ns0:surname>Chen</ns0:surname></ns0:persName>
		</ns0:author>
	</ns0:analytic>
	<ns0:monogr>
		<ns0:title level="j">Environ. Sci. Technol</ns0:title>
		<ns0:imprint>
			<ns0:biblScope unit="volume">52</ns0:biblScope>
			<ns0:biblScope unit="issue">3</ns0:biblScope>
			<ns0:biblScope unit="page" from="1444" to="1452" />
			<ns0:date type="published" when="2018">2018</ns0:date>
		</ns0:imprint>
	</ns0:monogr>
</ns0:biblStruct>

<ns0:biblStruct xml:id="b24">
	<ns0:analytic>
		<ns0:title level="a" type="main">Waste-to-resource strategy to fabricate highly porous whisker-structured mullite ceramic membrane for simulated oil-in-water emulsion wastewater treatment</ns0:title>
		<ns0:author>
			<ns0:persName><ns0:forename type="first">M</ns0:forename><ns0:surname>Chen</ns0:surname></ns0:persName>
		</ns0:author>
		<ns0:author>
			<ns0:persName><ns0:forename type="first">L</ns0:forename><ns0:surname>Zhu</ns0:surname></ns0:persName>
		</ns0:author>
		<ns0:author>
			<ns0:persName><ns0:forename type="first">Y</ns0:forename><ns0:surname>Dong</ns0:surname></ns0:persName>
		</ns0:author>
		<ns0:author>
			<ns0:persName><ns0:forename type="first">L</ns0:forename><ns0:surname>Li</ns0:surname></ns0:persName>
		</ns0:author>
		<ns0:author>
			<ns0:persName><ns0:forename type="first">J</ns0:forename><ns0:surname>Liu</ns0:surname></ns0:persName>
		</ns0:author>
	</ns0:analytic>
	<ns0:monogr>
		<ns0:title level="j">ACS Sustain. Chem. Eng</ns0:title>
		<ns0:imprint>
			<ns0:biblScope unit="volume">4</ns0:biblScope>
			<ns0:biblScope unit="issue">4</ns0:biblScope>
			<ns0:biblScope unit="page" from="2098" to="2106" />
			<ns0:date type="published" when="2016">2016</ns0:date>
		</ns0:imprint>
	</ns0:monogr>
</ns0:biblStruct>

<ns0:biblStruct xml:id="b25">
	<ns0:analytic>
		<ns0:title level="a" type="main">Impacts of support membrane structure and chemistry on polyamide-polysulfone interfacial composite membranes</ns0:title>
		<ns0:author>
			<ns0:persName><ns0:forename type="first">A</ns0:forename><ns0:forename type="middle">K</ns0:forename><ns0:surname>Ghosh</ns0:surname></ns0:persName>
		</ns0:author>
		<ns0:author>
			<ns0:persName><ns0:forename type="first">E</ns0:forename><ns0:forename type="middle">M</ns0:forename><ns0:surname>Hoek</ns0:surname></ns0:persName>
		</ns0:author>
	</ns0:analytic>
	<ns0:monogr>
		<ns0:title level="j">J. Membr. Sci</ns0:title>
		<ns0:imprint>
			<ns0:biblScope unit="volume">336</ns0:biblScope>
			<ns0:biblScope unit="issue">1-2</ns0:biblScope>
			<ns0:biblScope unit="page" from="140" to="148" />
			<ns0:date type="published" when="2009">2009</ns0:date>
		</ns0:imprint>
	</ns0:monogr>
</ns0:biblStruct>

<ns0:biblStruct xml:id="b26">
	<ns0:analytic>
		<ns0:title level="a" type="main">Effect of lag time in interfacial polymerization on polyamide composite membrane with different hydrophilic sub layers</ns0:title>
		<ns0:author>
			<ns0:persName><ns0:forename type="first">M</ns0:forename><ns0:surname>Fathizadeh</ns0:surname></ns0:persName>
		</ns0:author>
		<ns0:author>
			<ns0:persName><ns0:forename type="first">A</ns0:forename><ns0:surname>Aroujalian</ns0:surname></ns0:persName>
		</ns0:author>
		<ns0:author>
			<ns0:persName><ns0:forename type="first">A</ns0:forename><ns0:surname>Raisi</ns0:surname></ns0:persName>
		</ns0:author>
	</ns0:analytic>
	<ns0:monogr>
		<ns0:title level="j">Desalination</ns0:title>
		<ns0:imprint>
			<ns0:biblScope unit="volume">284</ns0:biblScope>
			<ns0:biblScope unit="page" from="32" to="41" />
			<ns0:date type="published" when="2012">2012</ns0:date>
		</ns0:imprint>
	</ns0:monogr>
</ns0:biblStruct>

<ns0:biblStruct xml:id="b27">
	<ns0:analytic>
		<ns0:title level="a" type="main">Beneath the surface: Influence of supports on thin film composite membranes by interfacial polymerization for organic solvent nanofiltration</ns0:title>
		<ns0:author>
			<ns0:persName><ns0:forename type="first">M</ns0:forename><ns0:forename type="middle">F</ns0:forename><ns0:surname>Jimenez-Solomon</ns0:surname></ns0:persName>
		</ns0:author>
		<ns0:author>
			<ns0:persName><ns0:forename type="first">P</ns0:forename><ns0:surname>Gorgojo</ns0:surname></ns0:persName>
		</ns0:author>
		<ns0:author>
			<ns0:persName><ns0:forename type="first">M</ns0:forename><ns0:surname>Munoz-Ibanez</ns0:surname></ns0:persName>
		</ns0:author>
		<ns0:author>
			<ns0:persName><ns0:forename type="first">A</ns0:forename><ns0:forename type="middle">G</ns0:forename><ns0:surname>Livingston</ns0:surname></ns0:persName>
		</ns0:author>
	</ns0:analytic>
	<ns0:monogr>
		<ns0:title level="j">J. Membr. Sci</ns0:title>
		<ns0:imprint>
			<ns0:biblScope unit="volume">448</ns0:biblScope>
			<ns0:biblScope unit="page" from="102" to="113" />
			<ns0:date type="published" when="2013">2013</ns0:date>
		</ns0:imprint>
	</ns0:monogr>
</ns0:biblStruct>

<ns0:biblStruct xml:id="b28">
	<ns0:analytic>
		<ns0:title level="a" type="main">Confined nanobubbles shape the surface roughness structures of thin film composite polyamide desalination membranes</ns0:title>
		<ns0:author>
			<ns0:persName><ns0:forename type="first">X</ns0:forename><ns0:surname>Song</ns0:surname></ns0:persName>
		</ns0:author>
		<ns0:author>
			<ns0:persName><ns0:forename type="first">B</ns0:forename><ns0:surname>Gan</ns0:surname></ns0:persName>
		</ns0:author>
		<ns0:author>
			<ns0:persName><ns0:forename type="first">Z</ns0:forename><ns0:surname>Yang</ns0:surname></ns0:persName>
		</ns0:author>
		<ns0:author>
			<ns0:persName><ns0:forename type="first">C</ns0:forename><ns0:forename type="middle">Y</ns0:forename><ns0:surname>Tang</ns0:surname></ns0:persName>
		</ns0:author>
		<ns0:author>
			<ns0:persName><ns0:forename type="first">C</ns0:forename><ns0:surname>Gao</ns0:surname></ns0:persName>
		</ns0:author>
	</ns0:analytic>
	<ns0:monogr>
		<ns0:title level="j">J. Membr. Sci</ns0:title>
		<ns0:imprint>
			<ns0:biblScope unit="volume">582</ns0:biblScope>
			<ns0:biblScope unit="page" from="342" to="349" />
			<ns0:date type="published" when="2019">2019</ns0:date>
		</ns0:imprint>
	</ns0:monogr>
</ns0:biblStruct>

<ns0:biblStruct xml:id="b29">
	<ns0:analytic>
		<ns0:title level="a" type="main">The upper bound of thin-film composite (TFC) polyamide membranes for desalination</ns0:title>
		<ns0:author>
			<ns0:persName><ns0:forename type="first">Z</ns0:forename><ns0:surname>Yang</ns0:surname></ns0:persName>
		</ns0:author>
		<ns0:author>
			<ns0:persName><ns0:forename type="first">H</ns0:forename><ns0:surname>Guo</ns0:surname></ns0:persName>
		</ns0:author>
		<ns0:author>
			<ns0:persName><ns0:forename type="first">C</ns0:forename><ns0:forename type="middle">Y</ns0:forename><ns0:surname>Tang</ns0:surname></ns0:persName>
		</ns0:author>
	</ns0:analytic>
	<ns0:monogr>
		<ns0:title level="j">J. Membr. Sci</ns0:title>
		<ns0:imprint>
			<ns0:biblScope unit="volume">590</ns0:biblScope>
			<ns0:biblScope unit="page">117297</ns0:biblScope>
			<ns0:date type="published" when="2019">2019</ns0:date>
		</ns0:imprint>
	</ns0:monogr>
</ns0:biblStruct>

<ns0:biblStruct xml:id="b30">
	<ns0:analytic>
		<ns0:title level="a" type="main">High-performance thin-film composite membrane with an ultrathin spray-coated carbon nanotube interlayer</ns0:title>
		<ns0:author>
			<ns0:persName><ns0:forename type="first">Z</ns0:forename><ns0:surname>Zhou</ns0:surname></ns0:persName>
		</ns0:author>
		<ns0:author>
			<ns0:persName><ns0:forename type="first">Y</ns0:forename><ns0:surname>Hu</ns0:surname></ns0:persName>
		</ns0:author>
		<ns0:author>
			<ns0:persName><ns0:forename type="first">C</ns0:forename><ns0:surname>Boo</ns0:surname></ns0:persName>
		</ns0:author>
		<ns0:author>
			<ns0:persName><ns0:forename type="first">Z</ns0:forename><ns0:surname>Liu</ns0:surname></ns0:persName>
		</ns0:author>
		<ns0:author>
			<ns0:persName><ns0:forename type="first">J</ns0:forename><ns0:surname>Li</ns0:surname></ns0:persName>
		</ns0:author>
		<ns0:author>
			<ns0:persName><ns0:forename type="first">L</ns0:forename><ns0:surname>Deng</ns0:surname></ns0:persName>
		</ns0:author>
		<ns0:author>
			<ns0:persName><ns0:forename type="first">X</ns0:forename><ns0:surname>An</ns0:surname></ns0:persName>
		</ns0:author>
	</ns0:analytic>
	<ns0:monogr>
		<ns0:title level="j">Environ. Sci. Technol. Lett</ns0:title>
		<ns0:imprint>
			<ns0:biblScope unit="volume">5</ns0:biblScope>
			<ns0:biblScope unit="issue">5</ns0:biblScope>
			<ns0:biblScope unit="page" from="243" to="248" />
			<ns0:date type="published" when="2018">2018</ns0:date>
		</ns0:imprint>
	</ns0:monogr>
</ns0:biblStruct>

<ns0:biblStruct xml:id="b31">
	<ns0:analytic>
		<ns0:title level="a" type="main">Mussel-inspired surface chemistry for multifunctional coatings</ns0:title>
		<ns0:author>
			<ns0:persName><ns0:forename type="first">H</ns0:forename><ns0:surname>Lee</ns0:surname></ns0:persName>
		</ns0:author>
		<ns0:author>
			<ns0:persName><ns0:forename type="first">S</ns0:forename><ns0:forename type="middle">M</ns0:forename><ns0:surname>Dellatore</ns0:surname></ns0:persName>
		</ns0:author>
		<ns0:author>
			<ns0:persName><ns0:forename type="first">W</ns0:forename><ns0:forename type="middle">M</ns0:forename><ns0:surname>Miller</ns0:surname></ns0:persName>
		</ns0:author>
		<ns0:author>
			<ns0:persName><ns0:forename type="first">P</ns0:forename><ns0:forename type="middle">B</ns0:forename><ns0:surname>Messersmith</ns0:surname></ns0:persName>
		</ns0:author>
	</ns0:analytic>
	<ns0:monogr>
		<ns0:title level="j">Science</ns0:title>
		<ns0:imprint>
			<ns0:biblScope unit="volume">318</ns0:biblScope>
			<ns0:biblScope unit="page" from="426" to="430" />
			<ns0:date type="published" when="2007">2007</ns0:date>
		</ns0:imprint>
	</ns0:monogr>
</ns0:biblStruct>

<ns0:biblStruct xml:id="b32">
	<ns0:analytic>
		<ns0:title level="a" type="main">Synthesis of highly stable graphene oxide membranes on polydopamine functionalized supports for seawater desalination</ns0:title>
		<ns0:author>
			<ns0:persName><ns0:forename type="first">K</ns0:forename><ns0:surname>Xu</ns0:surname></ns0:persName>
		</ns0:author>
		<ns0:author>
			<ns0:persName><ns0:forename type="first">B</ns0:forename><ns0:surname>Feng</ns0:surname></ns0:persName>
		</ns0:author>
		<ns0:author>
			<ns0:persName><ns0:forename type="first">C</ns0:forename><ns0:surname>Zhou</ns0:surname></ns0:persName>
		</ns0:author>
		<ns0:author>
			<ns0:persName><ns0:forename type="first">A</ns0:forename><ns0:surname>Huang</ns0:surname></ns0:persName>
		</ns0:author>
	</ns0:analytic>
	<ns0:monogr>
		<ns0:title level="j">Chem. Eng. Sci</ns0:title>
		<ns0:imprint>
			<ns0:biblScope unit="volume">146</ns0:biblScope>
			<ns0:biblScope unit="page" from="159" to="165" />
			<ns0:date type="published" when="2016">2016</ns0:date>
		</ns0:imprint>
	</ns0:monogr>
</ns0:biblStruct>

<ns0:biblStruct xml:id="b33">
	<ns0:analytic>
		<ns0:title level="a" type="main">Spinel-based ceramic membranes coupling solid sludge recycling with oily wastewater treatment</ns0:title>
		<ns0:author>
			<ns0:persName><ns0:forename type="first">M</ns0:forename><ns0:surname>Chen</ns0:surname></ns0:persName>
		</ns0:author>
		<ns0:author>
			<ns0:persName><ns0:forename type="first">L</ns0:forename><ns0:surname>Zhu</ns0:surname></ns0:persName>
		</ns0:author>
		<ns0:author>
			<ns0:persName><ns0:forename type="first">J</ns0:forename><ns0:surname>Chen</ns0:surname></ns0:persName>
		</ns0:author>
		<ns0:author>
			<ns0:persName><ns0:forename type="first">F</ns0:forename><ns0:surname>Yang</ns0:surname></ns0:persName>
		</ns0:author>
		<ns0:author>
			<ns0:persName><ns0:forename type="first">C</ns0:forename><ns0:forename type="middle">Y</ns0:forename><ns0:surname>Tang</ns0:surname></ns0:persName>
		</ns0:author>
		<ns0:author>
			<ns0:persName><ns0:forename type="first">M</ns0:forename><ns0:forename type="middle">D</ns0:forename><ns0:surname>Guiver</ns0:surname></ns0:persName>
		</ns0:author>
		<ns0:author>
			<ns0:persName><ns0:forename type="first">Y</ns0:forename><ns0:surname>Dong</ns0:surname></ns0:persName>
		</ns0:author>
	</ns0:analytic>
	<ns0:monogr>
		<ns0:title level="j">Water Res</ns0:title>
		<ns0:imprint>
			<ns0:biblScope unit="volume">169</ns0:biblScope>
			<ns0:biblScope unit="page">115180</ns0:biblScope>
			<ns0:date type="published" when="2020">2020</ns0:date>
		</ns0:imprint>
	</ns0:monogr>
</ns0:biblStruct>

<ns0:biblStruct xml:id="b34">
	<ns0:analytic>
		<ns0:title level="a" type="main">A morphological study of ceramic hollow fibre membranes</ns0:title>
		<ns0:author>
			<ns0:persName><ns0:forename type="first">B</ns0:forename><ns0:forename type="middle">F K</ns0:forename><ns0:surname>Kingsbury</ns0:surname></ns0:persName>
		</ns0:author>
		<ns0:author>
			<ns0:persName><ns0:forename type="first">K</ns0:forename><ns0:surname>Li</ns0:surname></ns0:persName>
		</ns0:author>
	</ns0:analytic>
	<ns0:monogr>
		<ns0:title level="j">J. Memb. Sci</ns0:title>
		<ns0:imprint>
			<ns0:biblScope unit="volume">328</ns0:biblScope>
			<ns0:biblScope unit="page" from="134" to="140" />
			<ns0:date type="published" when="2009">2009</ns0:date>
		</ns0:imprint>
	</ns0:monogr>
</ns0:biblStruct>

<ns0:biblStruct xml:id="b35">
	<ns0:analytic>
		<ns0:title level="a" type="main">Intrinsic Nanoscale structure of thin film composite polyamide membranes: connectivity, defects, and structureproperty correlation</ns0:title>
		<ns0:author>
			<ns0:persName><ns0:forename type="first">X</ns0:forename><ns0:surname>Song</ns0:surname></ns0:persName>
		</ns0:author>
		<ns0:author>
			<ns0:persName><ns0:forename type="first">B</ns0:forename><ns0:surname>Gan</ns0:surname></ns0:persName>
		</ns0:author>
		<ns0:author>
			<ns0:persName><ns0:forename type="first">S</ns0:forename><ns0:surname>Qi</ns0:surname></ns0:persName>
		</ns0:author>
		<ns0:author>
			<ns0:persName><ns0:forename type="first">H</ns0:forename><ns0:surname>Guo</ns0:surname></ns0:persName>
		</ns0:author>
		<ns0:author>
			<ns0:persName><ns0:forename type="first">C</ns0:forename><ns0:forename type="middle">Y</ns0:forename><ns0:surname>Tang</ns0:surname></ns0:persName>
		</ns0:author>
		<ns0:author>
			<ns0:persName><ns0:forename type="first">Y</ns0:forename><ns0:surname>Zhou</ns0:surname></ns0:persName>
		</ns0:author>
		<ns0:author>
			<ns0:persName><ns0:forename type="first">C</ns0:forename><ns0:surname>Gao</ns0:surname></ns0:persName>
		</ns0:author>
	</ns0:analytic>
	<ns0:monogr>
		<ns0:title level="j">Environ. Sci. Technol</ns0:title>
		<ns0:imprint>
			<ns0:biblScope unit="volume">54</ns0:biblScope>
			<ns0:biblScope unit="issue">6</ns0:biblScope>
			<ns0:biblScope unit="page" from="3559" to="3569" />
			<ns0:date type="published" when="2020">2020</ns0:date>
		</ns0:imprint>
	</ns0:monogr>
</ns0:biblStruct>

<ns0:biblStruct xml:id="b36">
	<ns0:analytic>
		<ns0:title level="a" type="main">Micro-to nano-scale characterisation of polyamide structures of the SW30HR RO membrane using advanced electron microscopy and stain tracers</ns0:title>
		<ns0:author>
			<ns0:persName><ns0:forename type="first">M</ns0:forename><ns0:forename type="middle">M</ns0:forename><ns0:surname>K&#322;osowski</ns0:surname></ns0:persName>
		</ns0:author>
		<ns0:author>
			<ns0:persName><ns0:forename type="first">C</ns0:forename><ns0:forename type="middle">M</ns0:forename><ns0:surname>Mcgilvery</ns0:surname></ns0:persName>
		</ns0:author>
		<ns0:author>
			<ns0:persName><ns0:forename type="first">Y</ns0:forename><ns0:surname>Li</ns0:surname></ns0:persName>
		</ns0:author>
		<ns0:author>
			<ns0:persName><ns0:forename type="first">P</ns0:forename><ns0:surname>Abellan</ns0:surname></ns0:persName>
		</ns0:author>
		<ns0:author>
			<ns0:persName><ns0:forename type="first">Q</ns0:forename><ns0:surname>Ramasse</ns0:surname></ns0:persName>
		</ns0:author>
		<ns0:author>
			<ns0:persName><ns0:forename type="first">J</ns0:forename><ns0:forename type="middle">T</ns0:forename><ns0:surname>Cabral</ns0:surname></ns0:persName>
		</ns0:author>
		<ns0:author>
			<ns0:persName><ns0:forename type="first">A</ns0:forename><ns0:forename type="middle">E</ns0:forename><ns0:surname>Porter</ns0:surname></ns0:persName>
		</ns0:author>
	</ns0:analytic>
	<ns0:monogr>
		<ns0:title level="j">J. Membr. Sci</ns0:title>
		<ns0:imprint>
			<ns0:biblScope unit="volume">520</ns0:biblScope>
			<ns0:biblScope unit="page" from="465" to="476" />
			<ns0:date type="published" when="2016">2016</ns0:date>
		</ns0:imprint>
	</ns0:monogr>
</ns0:biblStruct>

<ns0:biblStruct xml:id="b37">
	<ns0:analytic>
		<ns0:title level="a" type="main">Electron tomography reveals details of the internal microstructure of desalination membranes</ns0:title>
		<ns0:author>
			<ns0:persName><ns0:forename type="first">T</ns0:forename><ns0:forename type="middle">E</ns0:forename><ns0:surname>Culp</ns0:surname></ns0:persName>
		</ns0:author>
		<ns0:author>
			<ns0:persName><ns0:forename type="first">Y</ns0:forename><ns0:forename type="middle">X</ns0:forename><ns0:surname>Shen</ns0:surname></ns0:persName>
		</ns0:author>
		<ns0:author>
			<ns0:persName><ns0:forename type="first">M</ns0:forename><ns0:surname>Geitner</ns0:surname></ns0:persName>
		</ns0:author>
		<ns0:author>
			<ns0:persName><ns0:forename type="first">M</ns0:forename><ns0:surname>Paul</ns0:surname></ns0:persName>
		</ns0:author>
		<ns0:author>
			<ns0:persName><ns0:forename type="first">A</ns0:forename><ns0:surname>Roy</ns0:surname></ns0:persName>
		</ns0:author>
		<ns0:author>
			<ns0:persName><ns0:forename type="first">M</ns0:forename><ns0:forename type="middle">J</ns0:forename><ns0:surname>Behr</ns0:surname></ns0:persName>
		</ns0:author>
		<ns0:author>
			<ns0:persName><ns0:forename type="first">E</ns0:forename><ns0:forename type="middle">D</ns0:forename><ns0:surname>Gomez</ns0:surname></ns0:persName>
		</ns0:author>
	</ns0:analytic>
	<ns0:monogr>
		<ns0:title level="j">Proceedings of the National Academy of Sciences</ns0:title>
		<ns0:imprint>
			<ns0:biblScope unit="issue">35</ns0:biblScope>
			<ns0:biblScope unit="page" from="8694" to="8699" />
			<ns0:date type="published" when="2018">2018</ns0:date>
		</ns0:imprint>
	</ns0:monogr>
</ns0:biblStruct>

<ns0:biblStruct xml:id="b38">
	<ns0:analytic>
		<ns0:title level="a" type="main">Unraveling the Morphology-Function Relationships of Polyamide Membranes Using Quantitative Electron Tomography</ns0:title>
		<ns0:author>
			<ns0:persName><ns0:forename type="first">X</ns0:forename><ns0:surname>Song</ns0:surname></ns0:persName>
		</ns0:author>
		<ns0:author>
			<ns0:persName><ns0:forename type="first">J</ns0:forename><ns0:forename type="middle">W</ns0:forename><ns0:surname>Smith</ns0:surname></ns0:persName>
		</ns0:author>
		<ns0:author>
			<ns0:persName><ns0:forename type="first">J</ns0:forename><ns0:surname>Kim</ns0:surname></ns0:persName>
		</ns0:author>
		<ns0:author>
			<ns0:persName><ns0:forename type="first">N</ns0:forename><ns0:forename type="middle">J</ns0:forename><ns0:surname>Zaluzec</ns0:surname></ns0:persName>
		</ns0:author>
		<ns0:author>
			<ns0:persName><ns0:forename type="first">W</ns0:forename><ns0:surname>Chen</ns0:surname></ns0:persName>
		</ns0:author>
		<ns0:author>
			<ns0:persName><ns0:forename type="first">H</ns0:forename><ns0:surname>An</ns0:surname></ns0:persName>
		</ns0:author>
		<ns0:author>
			<ns0:persName><ns0:forename type="first">Q</ns0:forename><ns0:surname>Chen</ns0:surname></ns0:persName>
		</ns0:author>
	</ns0:analytic>
	<ns0:monogr>
		<ns0:title level="j">ACS Appl. Mater. Interfaces</ns0:title>
		<ns0:imprint>
			<ns0:biblScope unit="volume">11</ns0:biblScope>
			<ns0:biblScope unit="issue">8</ns0:biblScope>
			<ns0:biblScope unit="page" from="8517" to="8526" />
			<ns0:date type="published" when="2019">2019</ns0:date>
		</ns0:imprint>
	</ns0:monogr>
</ns0:biblStruct>

<ns0:biblStruct xml:id="b39">
	<ns0:analytic>
		<ns0:title level="a" type="main">Nanofoaming of polyamide desalination membranes to tune permeability and selectivity</ns0:title>
		<ns0:author>
			<ns0:persName><ns0:forename type="first">X</ns0:forename><ns0:forename type="middle">H</ns0:forename><ns0:surname>Ma</ns0:surname></ns0:persName>
		</ns0:author>
		<ns0:author>
			<ns0:persName><ns0:forename type="first">Z</ns0:forename><ns0:forename type="middle">K</ns0:forename><ns0:surname>Yao</ns0:surname></ns0:persName>
		</ns0:author>
		<ns0:author>
			<ns0:persName><ns0:forename type="first">Z</ns0:forename><ns0:surname>Yang</ns0:surname></ns0:persName>
		</ns0:author>
		<ns0:author>
			<ns0:persName><ns0:forename type="first">H</ns0:forename><ns0:surname>Guo</ns0:surname></ns0:persName>
		</ns0:author>
		<ns0:author>
			<ns0:persName><ns0:forename type="first">Z</ns0:forename><ns0:forename type="middle">L</ns0:forename><ns0:surname>Xu</ns0:surname></ns0:persName>
		</ns0:author>
		<ns0:author>
			<ns0:persName><ns0:forename type="first">C</ns0:forename><ns0:forename type="middle">Y</ns0:forename><ns0:surname>Tang</ns0:surname></ns0:persName>
		</ns0:author>
		<ns0:author>
			<ns0:persName><ns0:forename type="first">M</ns0:forename><ns0:surname>Elimelech</ns0:surname></ns0:persName>
		</ns0:author>
	</ns0:analytic>
	<ns0:monogr>
		<ns0:title level="j">Environ. Sci. Technol. Lett</ns0:title>
		<ns0:imprint>
			<ns0:biblScope unit="volume">5</ns0:biblScope>
			<ns0:biblScope unit="issue">2</ns0:biblScope>
			<ns0:biblScope unit="page" from="123" to="130" />
			<ns0:date type="published" when="2018">2018</ns0:date>
		</ns0:imprint>
	</ns0:monogr>
</ns0:biblStruct>

<ns0:biblStruct xml:id="b40">
	<ns0:analytic>
		<ns0:title level="a" type="main">Tuning roughness features of thin film composite polyamide membranes for simultaneously enhanced permeability, selectivity and anti-fouling performance</ns0:title>
		<ns0:author>
			<ns0:persName><ns0:forename type="first">X</ns0:forename><ns0:surname>Ma</ns0:surname></ns0:persName>
		</ns0:author>
		<ns0:author>
			<ns0:persName><ns0:forename type="first">Z</ns0:forename><ns0:surname>Yang</ns0:surname></ns0:persName>
		</ns0:author>
		<ns0:author>
			<ns0:persName><ns0:forename type="first">Z</ns0:forename><ns0:surname>Yao</ns0:surname></ns0:persName>
		</ns0:author>
		<ns0:author>
			<ns0:persName><ns0:forename type="first">H</ns0:forename><ns0:surname>Guo</ns0:surname></ns0:persName>
		</ns0:author>
		<ns0:author>
			<ns0:persName><ns0:forename type="first">Z</ns0:forename><ns0:surname>Xu</ns0:surname></ns0:persName>
		</ns0:author>
		<ns0:author>
			<ns0:persName><ns0:forename type="first">C</ns0:forename><ns0:forename type="middle">Y</ns0:forename><ns0:surname>Tang</ns0:surname></ns0:persName>
		</ns0:author>
	</ns0:analytic>
	<ns0:monogr>
		<ns0:title level="j">J. Colloid Interface Sci</ns0:title>
		<ns0:imprint>
			<ns0:biblScope unit="volume">540</ns0:biblScope>
			<ns0:biblScope unit="page" from="382" to="388" />
			<ns0:date type="published" when="2019">2019</ns0:date>
		</ns0:imprint>
	</ns0:monogr>
</ns0:biblStruct>

<ns0:biblStruct xml:id="b41">
	<ns0:analytic>
		<ns0:title level="a" type="main">Tailoring Polyamide Rejection Layer with Aqueous Carbonate Chemistry for Enhanced Membrane Separation: Mechanistic Insights, Chemistry-Structure-Property Relationship, and Environmental Implications</ns0:title>
		<ns0:author>
			<ns0:persName><ns0:forename type="first">L</ns0:forename><ns0:forename type="middle">E</ns0:forename><ns0:surname>Peng</ns0:surname></ns0:persName>
		</ns0:author>
		<ns0:author>
			<ns0:persName><ns0:forename type="first">Z</ns0:forename><ns0:surname>Yao</ns0:surname></ns0:persName>
		</ns0:author>
		<ns0:author>
			<ns0:persName><ns0:forename type="first">X</ns0:forename><ns0:surname>Liu</ns0:surname></ns0:persName>
		</ns0:author>
		<ns0:author>
			<ns0:persName><ns0:forename type="first">B</ns0:forename><ns0:surname>Deng</ns0:surname></ns0:persName>
		</ns0:author>
		<ns0:author>
			<ns0:persName><ns0:forename type="first">H</ns0:forename><ns0:surname>Guo</ns0:surname></ns0:persName>
		</ns0:author>
		<ns0:author>
			<ns0:persName><ns0:forename type="first">C</ns0:forename><ns0:forename type="middle">Y</ns0:forename><ns0:surname>Tang</ns0:surname></ns0:persName>
		</ns0:author>
	</ns0:analytic>
	<ns0:monogr>
		<ns0:title level="j">Environ. Sci. Technol</ns0:title>
		<ns0:imprint>
			<ns0:biblScope unit="volume">53</ns0:biblScope>
			<ns0:biblScope unit="issue">16</ns0:biblScope>
			<ns0:biblScope unit="page" from="9764" to="9770" />
			<ns0:date type="published" when="2019">2019</ns0:date>
		</ns0:imprint>
	</ns0:monogr>
</ns0:biblStruct>

<ns0:biblStruct xml:id="b42">
	<ns0:analytic>
		<ns0:title level="a" type="main">Tannic acid/Fe 3+ nanoscaffold for interfacial polymerization: toward enhanced nanofiltration performance</ns0:title>
		<ns0:author>
			<ns0:persName><ns0:forename type="first">Z</ns0:forename><ns0:surname>Yang</ns0:surname></ns0:persName>
		</ns0:author>
		<ns0:author>
			<ns0:persName><ns0:forename type="first">Z</ns0:forename><ns0:forename type="middle">W</ns0:forename><ns0:surname>Zhou</ns0:surname></ns0:persName>
		</ns0:author>
		<ns0:author>
			<ns0:persName><ns0:forename type="first">H</ns0:forename><ns0:surname>Guo</ns0:surname></ns0:persName>
		</ns0:author>
		<ns0:author>
			<ns0:persName><ns0:forename type="first">Z</ns0:forename><ns0:surname>Yao</ns0:surname></ns0:persName>
		</ns0:author>
		<ns0:author>
			<ns0:persName><ns0:forename type="first">X</ns0:forename><ns0:forename type="middle">H</ns0:forename><ns0:surname>Ma</ns0:surname></ns0:persName>
		</ns0:author>
		<ns0:author>
			<ns0:persName><ns0:forename type="first">X</ns0:forename><ns0:surname>Song</ns0:surname></ns0:persName>
		</ns0:author>
		<ns0:author>
			<ns0:persName><ns0:forename type="first">C</ns0:forename><ns0:forename type="middle">Y</ns0:forename><ns0:surname>Tang</ns0:surname></ns0:persName>
		</ns0:author>
	</ns0:analytic>
	<ns0:monogr>
		<ns0:title level="j">Environ. Sci. Technol</ns0:title>
		<ns0:imprint>
			<ns0:biblScope unit="volume">52</ns0:biblScope>
			<ns0:biblScope unit="issue">16</ns0:biblScope>
			<ns0:biblScope unit="page" from="9341" to="9349" />
			<ns0:date type="published" when="2018">2018</ns0:date>
		</ns0:imprint>
	</ns0:monogr>
</ns0:biblStruct>

<ns0:biblStruct xml:id="b43">
	<ns0:analytic>
		<ns0:title level="a" type="main">Mesh-embedded Polysulfone/Sulfonated Polysulfone supported thin film composite membranes for forward osmosis</ns0:title>
		<ns0:author>
			<ns0:persName><ns0:forename type="first">Y</ns0:forename><ns0:surname>Zhao</ns0:surname></ns0:persName>
		</ns0:author>
		<ns0:author>
			<ns0:persName><ns0:forename type="first">X</ns0:forename><ns0:surname>Wang</ns0:surname></ns0:persName>
		</ns0:author>
		<ns0:author>
			<ns0:persName><ns0:forename type="first">Y</ns0:forename><ns0:surname>Ren</ns0:surname></ns0:persName>
		</ns0:author>
		<ns0:author>
			<ns0:persName><ns0:forename type="first">D</ns0:forename><ns0:surname>Pei</ns0:surname></ns0:persName>
		</ns0:author>
	</ns0:analytic>
	<ns0:monogr>
		<ns0:title level="j">ACS Appl. Mater. Interfaces</ns0:title>
		<ns0:imprint>
			<ns0:biblScope unit="volume">10</ns0:biblScope>
			<ns0:biblScope unit="issue">3</ns0:biblScope>
			<ns0:biblScope unit="page" from="2918" to="2928" />
			<ns0:date type="published" when="2018">2018</ns0:date>
		</ns0:imprint>
	</ns0:monogr>
</ns0:biblStruct>

<ns0:biblStruct xml:id="b44">
	<ns0:analytic>
		<ns0:title level="a" type="main">Impact of support layer pore size on performance of thin film composite membranes for forward osmosis</ns0:title>
		<ns0:author>
			<ns0:persName><ns0:forename type="first">L</ns0:forename><ns0:surname>Huang</ns0:surname></ns0:persName>
		</ns0:author>
		<ns0:author>
			<ns0:persName><ns0:forename type="first">J</ns0:forename><ns0:forename type="middle">R</ns0:forename><ns0:surname>Mccutcheon</ns0:surname></ns0:persName>
		</ns0:author>
	</ns0:analytic>
	<ns0:monogr>
		<ns0:title level="j">J. Membr. Sci</ns0:title>
		<ns0:imprint>
			<ns0:biblScope unit="volume">483</ns0:biblScope>
			<ns0:biblScope unit="page" from="25" to="33" />
			<ns0:date type="published" when="2015">2015</ns0:date>
		</ns0:imprint>
	</ns0:monogr>
</ns0:biblStruct>

<ns0:biblStruct xml:id="b45">
	<ns0:analytic>
		<ns0:title level="a" type="main">Reverse draw solute permeation in forward osmosis: modeling and experiments</ns0:title>
		<ns0:author>
			<ns0:persName><ns0:forename type="first">W</ns0:forename><ns0:forename type="middle">A</ns0:forename><ns0:surname>Phillip</ns0:surname></ns0:persName>
		</ns0:author>
		<ns0:author>
			<ns0:persName><ns0:forename type="first">J</ns0:forename><ns0:forename type="middle">S</ns0:forename><ns0:surname>Yong</ns0:surname></ns0:persName>
		</ns0:author>
		<ns0:author>
			<ns0:persName><ns0:forename type="first">M</ns0:forename><ns0:surname>Elimelech</ns0:surname></ns0:persName>
		</ns0:author>
	</ns0:analytic>
	<ns0:monogr>
		<ns0:title level="j">Environ. Sci. Technol</ns0:title>
		<ns0:imprint>
			<ns0:biblScope unit="volume">44</ns0:biblScope>
			<ns0:biblScope unit="issue">13</ns0:biblScope>
			<ns0:biblScope unit="page" from="5170" to="5176" />
			<ns0:date type="published" when="2010">2010</ns0:date>
		</ns0:imprint>
	</ns0:monogr>
</ns0:biblStruct>

<ns0:biblStruct xml:id="b46">
	<ns0:analytic>
		<ns0:title level="a" type="main">Coupled effects of internal concentration polarization and fouling on flux behavior of forward osmosis membranes during humic acid filtration</ns0:title>
		<ns0:author>
			<ns0:persName><ns0:forename type="first">C</ns0:forename><ns0:forename type="middle">Y</ns0:forename><ns0:surname>Tang</ns0:surname></ns0:persName>
		</ns0:author>
		<ns0:author>
			<ns0:persName><ns0:forename type="first">Q</ns0:forename><ns0:surname>She</ns0:surname></ns0:persName>
		</ns0:author>
		<ns0:author>
			<ns0:persName><ns0:forename type="first">W</ns0:forename><ns0:forename type="middle">C</ns0:forename><ns0:surname>Lay</ns0:surname></ns0:persName>
		</ns0:author>
		<ns0:author>
			<ns0:persName><ns0:forename type="first">R</ns0:forename><ns0:surname>Wang</ns0:surname></ns0:persName>
		</ns0:author>
		<ns0:author>
			<ns0:persName><ns0:forename type="first">A</ns0:forename><ns0:forename type="middle">G</ns0:forename><ns0:surname>Fane</ns0:surname></ns0:persName>
		</ns0:author>
	</ns0:analytic>
	<ns0:monogr>
		<ns0:title level="j">J. Membr. Sci</ns0:title>
		<ns0:imprint>
			<ns0:biblScope unit="volume">354</ns0:biblScope>
			<ns0:biblScope unit="issue">1-2</ns0:biblScope>
			<ns0:biblScope unit="page" from="123" to="133" />
			<ns0:date type="published" when="2010">2010</ns0:date>
		</ns0:imprint>
	</ns0:monogr>
</ns0:biblStruct>

<ns0:biblStruct xml:id="b47">
	<ns0:analytic>
		<ns0:title level="a" type="main">A novel TFC-type FO membrane with inserted sublayer of carbon nanotube networks exhibiting the improved separation performance</ns0:title>
		<ns0:author>
			<ns0:persName><ns0:forename type="first">X</ns0:forename><ns0:surname>Zhao</ns0:surname></ns0:persName>
		</ns0:author>
		<ns0:author>
			<ns0:persName><ns0:forename type="first">J</ns0:forename><ns0:surname>Li</ns0:surname></ns0:persName>
		</ns0:author>
		<ns0:author>
			<ns0:persName><ns0:forename type="first">C</ns0:forename><ns0:surname>Liu</ns0:surname></ns0:persName>
		</ns0:author>
	</ns0:analytic>
	<ns0:monogr>
		<ns0:title level="j">Desalination</ns0:title>
		<ns0:imprint>
			<ns0:biblScope unit="volume">413</ns0:biblScope>
			<ns0:biblScope unit="page" from="176" to="183" />
			<ns0:date type="published" when="2017">2017</ns0:date>
		</ns0:imprint>
	</ns0:monogr>
</ns0:biblStruct>

<ns0:biblStruct xml:id="b48">
	<ns0:analytic>
		<ns0:title level="a" type="main">New insights into the role of an interlayer for the fabrication of highly selective and permeable thin-film composite nanofiltration membrane</ns0:title>
		<ns0:author>
			<ns0:persName><ns0:forename type="first">G</ns0:forename><ns0:surname>Gong</ns0:surname></ns0:persName>
		</ns0:author>
		<ns0:author>
			<ns0:persName><ns0:forename type="first">P</ns0:forename><ns0:surname>Wang</ns0:surname></ns0:persName>
		</ns0:author>
		<ns0:author>
			<ns0:persName><ns0:forename type="first">Z</ns0:forename><ns0:surname>Zhou</ns0:surname></ns0:persName>
		</ns0:author>
		<ns0:author>
			<ns0:persName><ns0:forename type="first">Y</ns0:forename><ns0:surname>Hu</ns0:surname></ns0:persName>
		</ns0:author>
	</ns0:analytic>
	<ns0:monogr>
		<ns0:title level="j">ACS Appl. Mater. Interfaces</ns0:title>
		<ns0:imprint>
			<ns0:biblScope unit="volume">11</ns0:biblScope>
			<ns0:biblScope unit="issue">7</ns0:biblScope>
			<ns0:biblScope unit="page" from="7349" to="7356" />
			<ns0:date type="published" when="2019">2019</ns0:date>
		</ns0:imprint>
	</ns0:monogr>
</ns0:biblStruct>

<ns0:biblStruct xml:id="b49">
	<ns0:analytic>
		<ns0:title level="a" type="main">Fabrication and characterization of low cost tubular mineral-based ceramic membranes for micro-filtration from natural zeolite</ns0:title>
		<ns0:author>
			<ns0:persName><ns0:forename type="first">Y</ns0:forename><ns0:surname>Dong</ns0:surname></ns0:persName>
		</ns0:author>
		<ns0:author>
			<ns0:persName><ns0:forename type="first">S</ns0:forename><ns0:surname>Chen</ns0:surname></ns0:persName>
		</ns0:author>
		<ns0:author>
			<ns0:persName><ns0:forename type="first">X</ns0:forename><ns0:surname>Zhang</ns0:surname></ns0:persName>
		</ns0:author>
		<ns0:author>
			<ns0:persName><ns0:forename type="first">J</ns0:forename><ns0:surname>Yang</ns0:surname></ns0:persName>
		</ns0:author>
		<ns0:author>
			<ns0:persName><ns0:forename type="first">X</ns0:forename><ns0:surname>Liu</ns0:surname></ns0:persName>
		</ns0:author>
		<ns0:author>
			<ns0:persName><ns0:forename type="first">G</ns0:forename><ns0:surname>Meng</ns0:surname></ns0:persName>
		</ns0:author>
	</ns0:analytic>
	<ns0:monogr>
		<ns0:title level="j">J. Membr. Sci</ns0:title>
		<ns0:imprint>
			<ns0:biblScope unit="volume">281</ns0:biblScope>
			<ns0:biblScope unit="page" from="592" to="599" />
			<ns0:date type="published" when="2006">2006</ns0:date>
		</ns0:imprint>
	</ns0:monogr>
</ns0:biblStruct>

<ns0:biblStruct xml:id="b50">
	<ns0:analytic>
		<ns0:title level="a" type="main">Forward osmosis membrane modular configurations for osmotic dilution of seawater by forward osmosis and reverse osmosis hybrid system</ns0:title>
		<ns0:author>
			<ns0:persName><ns0:forename type="first">J</ns0:forename><ns0:forename type="middle">E</ns0:forename><ns0:surname>Kim</ns0:surname></ns0:persName>
		</ns0:author>
		<ns0:author>
			<ns0:persName><ns0:forename type="first">S</ns0:forename><ns0:surname>Phuntsho</ns0:surname></ns0:persName>
		</ns0:author>
		<ns0:author>
			<ns0:persName><ns0:forename type="first">S</ns0:forename><ns0:forename type="middle">M</ns0:forename><ns0:surname>Ali</ns0:surname></ns0:persName>
		</ns0:author>
		<ns0:author>
			<ns0:persName><ns0:forename type="first">J</ns0:forename><ns0:forename type="middle">Y</ns0:forename><ns0:surname>Choi</ns0:surname></ns0:persName>
		</ns0:author>
		<ns0:author>
			<ns0:persName><ns0:forename type="first">H</ns0:forename><ns0:forename type="middle">K</ns0:forename><ns0:surname>Shon</ns0:surname></ns0:persName>
		</ns0:author>
	</ns0:analytic>
	<ns0:monogr>
		<ns0:title level="j">Water Res</ns0:title>
		<ns0:imprint>
			<ns0:biblScope unit="volume">128</ns0:biblScope>
			<ns0:biblScope unit="page" from="183" to="192" />
			<ns0:date type="published" when="2018">2018</ns0:date>
		</ns0:imprint>
	</ns0:monogr>
</ns0:biblStruct>

<ns0:biblStruct xml:id="b51">
	<ns0:analytic>
		<ns0:title level="a" type="main">Effect of spacer configuration on the characteristics of FO membranes: Alteration of permeation characteristics by membrane deformation and concentration polarization</ns0:title>
		<ns0:author>
			<ns0:persName><ns0:forename type="first">C</ns0:forename><ns0:surname>Lee</ns0:surname></ns0:persName>
		</ns0:author>
		<ns0:author>
			<ns0:persName><ns0:forename type="first">J</ns0:forename><ns0:surname>Jang</ns0:surname></ns0:persName>
		</ns0:author>
		<ns0:author>
			<ns0:persName><ns0:forename type="first">N</ns0:forename><ns0:forename type="middle">T</ns0:forename><ns0:surname>Tin</ns0:surname></ns0:persName>
		</ns0:author>
		<ns0:author>
			<ns0:persName><ns0:forename type="first">S</ns0:forename><ns0:surname>Kim</ns0:surname></ns0:persName>
		</ns0:author>
		<ns0:author>
			<ns0:persName><ns0:forename type="first">C</ns0:forename><ns0:forename type="middle">Y</ns0:forename><ns0:surname>Tang</ns0:surname></ns0:persName>
		</ns0:author>
		<ns0:author>
			<ns0:persName><ns0:forename type="first">I</ns0:forename><ns0:forename type="middle">S</ns0:forename><ns0:surname>Kim</ns0:surname></ns0:persName>
		</ns0:author>
		<ns0:idno type="DOI">10.1021/acs.est.9b06921</ns0:idno>
	</ns0:analytic>
	<ns0:monogr>
		<ns0:title level="j">Environ. Sci. Technol</ns0:title>
		<ns0:imprint>
			<ns0:date type="published" when="2020">2020</ns0:date>
		</ns0:imprint>
	</ns0:monogr>
</ns0:biblStruct>

<ns0:biblStruct xml:id="b52">
	<ns0:analytic>
		<ns0:title level="a" type="main">Gypsum scaling and membrane integrity of osmotically driven membranes: The effect of membrane materials and operating conditions</ns0:title>
		<ns0:author>
			<ns0:persName><ns0:forename type="first">Y</ns0:forename><ns0:surname>Wang</ns0:surname></ns0:persName>
		</ns0:author>
		<ns0:author>
			<ns0:persName><ns0:forename type="first">J</ns0:forename><ns0:surname>Eliisa</ns0:surname></ns0:persName>
		</ns0:author>
		<ns0:author>
			<ns0:persName><ns0:forename type="first">J</ns0:forename><ns0:surname>Wei</ns0:surname></ns0:persName>
		</ns0:author>
		<ns0:author>
			<ns0:persName><ns0:forename type="first">M</ns0:forename><ns0:surname>Zhang</ns0:surname></ns0:persName>
		</ns0:author>
		<ns0:author>
			<ns0:persName><ns0:forename type="first">K</ns0:forename><ns0:surname>Hanna</ns0:surname></ns0:persName>
		</ns0:author>
		<ns0:author>
			<ns0:persName><ns0:forename type="first">R</ns0:forename><ns0:surname>Wang</ns0:surname></ns0:persName>
		</ns0:author>
		<ns0:author>
			<ns0:persName><ns0:forename type="first">C</ns0:forename><ns0:forename type="middle">Y</ns0:forename><ns0:surname>Tang</ns0:surname></ns0:persName>
		</ns0:author>
	</ns0:analytic>
	<ns0:monogr>
		<ns0:title level="j">Desalination</ns0:title>
		<ns0:imprint>
			<ns0:biblScope unit="volume">377</ns0:biblScope>
			<ns0:biblScope unit="page" from="1" to="10" />
			<ns0:date type="published" when="2016">2016</ns0:date>
		</ns0:imprint>
	</ns0:monogr>
</ns0:biblStruct>

<ns0:biblStruct xml:id="b53">
	<ns0:analytic>
		<ns0:title level="a" type="main">Spacer-induced forward osmosis membrane integrity loss during gypsum scaling</ns0:title>
		<ns0:author>
			<ns0:persName><ns0:forename type="first">M</ns0:forename><ns0:surname>Xie</ns0:surname></ns0:persName>
		</ns0:author>
		<ns0:author>
			<ns0:persName><ns0:forename type="first">C</ns0:forename><ns0:forename type="middle">Y</ns0:forename><ns0:surname>Tang</ns0:surname></ns0:persName>
		</ns0:author>
		<ns0:author>
			<ns0:persName><ns0:forename type="first">S</ns0:forename><ns0:forename type="middle">R</ns0:forename><ns0:surname>Gray</ns0:surname></ns0:persName>
		</ns0:author>
	</ns0:analytic>
	<ns0:monogr>
		<ns0:title level="j">Desalination</ns0:title>
		<ns0:imprint>
			<ns0:biblScope unit="volume">392</ns0:biblScope>
			<ns0:biblScope unit="page" from="85" to="90" />
			<ns0:date type="published" when="2016">2016</ns0:date>
		</ns0:imprint>
	</ns0:monogr>
</ns0:biblStruct>

<ns0:biblStruct xml:id="b54">
	<ns0:analytic>
		<ns0:title level="a" type="main">Effect of feed spacer induced membrane deformation on the performance of pressure retarded osmosis (PRO): Implications for PRO process operation</ns0:title>
		<ns0:author>
			<ns0:persName><ns0:forename type="first">Q</ns0:forename><ns0:surname>She</ns0:surname></ns0:persName>
		</ns0:author>
		<ns0:author>
			<ns0:persName><ns0:forename type="first">D</ns0:forename><ns0:surname>Hou</ns0:surname></ns0:persName>
		</ns0:author>
		<ns0:author>
			<ns0:persName><ns0:forename type="first">J</ns0:forename><ns0:surname>Liu</ns0:surname></ns0:persName>
		</ns0:author>
		<ns0:author>
			<ns0:persName><ns0:forename type="first">K</ns0:forename><ns0:forename type="middle">H</ns0:forename><ns0:surname>Tan</ns0:surname></ns0:persName>
		</ns0:author>
		<ns0:author>
			<ns0:persName><ns0:forename type="first">C</ns0:forename><ns0:forename type="middle">Y</ns0:forename><ns0:surname>Tang</ns0:surname></ns0:persName>
		</ns0:author>
	</ns0:analytic>
	<ns0:monogr>
		<ns0:title level="j">J. Membr. Sci</ns0:title>
		<ns0:imprint>
			<ns0:biblScope unit="volume">445</ns0:biblScope>
			<ns0:biblScope unit="page" from="170" to="182" />
			<ns0:date type="published" when="2013">2013</ns0:date>
		</ns0:imprint>
	</ns0:monogr>
</ns0:biblStruct>

<ns0:biblStruct xml:id="b55">
	<ns0:analytic>
		<ns0:title level="a" type="main">Experimental Investigation of a Spiral-Wound Pressure-Retarded Osmosis Membrane Module for Osmotic Power Generation</ns0:title>
		<ns0:author>
			<ns0:persName><ns0:forename type="first">Y</ns0:forename><ns0:forename type="middle">C</ns0:forename><ns0:surname>Kim</ns0:surname></ns0:persName>
		</ns0:author>
		<ns0:author>
			<ns0:persName><ns0:forename type="first">Y</ns0:forename><ns0:surname>Kim</ns0:surname></ns0:persName>
		</ns0:author>
		<ns0:author>
			<ns0:persName><ns0:forename type="first">D</ns0:forename><ns0:surname>Oh</ns0:surname></ns0:persName>
		</ns0:author>
		<ns0:author>
			<ns0:persName><ns0:forename type="first">K</ns0:forename><ns0:forename type="middle">H</ns0:forename><ns0:surname>Lee</ns0:surname></ns0:persName>
		</ns0:author>
	</ns0:analytic>
	<ns0:monogr>
		<ns0:title level="j">Environ. Sci. Technol</ns0:title>
		<ns0:imprint>
			<ns0:biblScope unit="volume">47</ns0:biblScope>
			<ns0:biblScope unit="issue">6</ns0:biblScope>
			<ns0:biblScope unit="page" from="2966" to="2973" />
			<ns0:date type="published" when="2013">2013</ns0:date>
		</ns0:imprint>
	</ns0:monogr>
</ns0:biblStruct>

<ns0:biblStruct xml:id="b56">
	<ns0:analytic>
		<ns0:title level="a" type="main">Validation of assisted forward osmosis (AFO) process: Impact of hydraulic pressure</ns0:title>
		<ns0:author>
			<ns0:persName><ns0:forename type="first">G</ns0:forename><ns0:surname>Blandin</ns0:surname></ns0:persName>
		</ns0:author>
		<ns0:author>
			<ns0:persName><ns0:forename type="first">A</ns0:forename><ns0:forename type="middle">R D</ns0:forename><ns0:surname>Verliefde</ns0:surname></ns0:persName>
		</ns0:author>
		<ns0:author>
			<ns0:persName><ns0:forename type="first">C</ns0:forename><ns0:forename type="middle">Y</ns0:forename><ns0:surname>Tang</ns0:surname></ns0:persName>
		</ns0:author>
		<ns0:author>
			<ns0:persName><ns0:forename type="first">A</ns0:forename><ns0:forename type="middle">E</ns0:forename><ns0:surname>Childress</ns0:surname></ns0:persName>
		</ns0:author>
		<ns0:author>
			<ns0:persName><ns0:forename type="first">P</ns0:forename><ns0:surname>Le-Clech</ns0:surname></ns0:persName>
		</ns0:author>
	</ns0:analytic>
	<ns0:monogr>
		<ns0:title level="j">J. Membr. Sci</ns0:title>
		<ns0:imprint>
			<ns0:biblScope unit="volume">447</ns0:biblScope>
			<ns0:biblScope unit="page" from="1" to="11" />
			<ns0:date type="published" when="2013">2013</ns0:date>
		</ns0:imprint>
	</ns0:monogr>
</ns0:biblStruct>

<ns0:biblStruct xml:id="b57">
	<ns0:analytic>
		<ns0:title level="a" type="main">A pilot study on pressure retarded osmosis operation and effective cleaning strategies</ns0:title>
		<ns0:author>
			<ns0:persName><ns0:forename type="first">E</ns0:forename><ns0:forename type="middle">S H</ns0:forename><ns0:surname>Lee</ns0:surname></ns0:persName>
		</ns0:author>
		<ns0:author>
			<ns0:persName><ns0:forename type="first">J</ns0:forename><ns0:forename type="middle">Y</ns0:forename><ns0:surname>Xiong</ns0:surname></ns0:persName>
		</ns0:author>
		<ns0:author>
			<ns0:persName><ns0:forename type="first">G</ns0:forename><ns0:surname>Han</ns0:surname></ns0:persName>
		</ns0:author>
		<ns0:author>
			<ns0:persName><ns0:forename type="first">C</ns0:forename><ns0:forename type="middle">F</ns0:forename><ns0:surname>Wan</ns0:surname></ns0:persName>
		</ns0:author>
		<ns0:author>
			<ns0:persName><ns0:forename type="first">Q</ns0:forename><ns0:forename type="middle">Y</ns0:forename><ns0:surname>Chong</ns0:surname></ns0:persName>
		</ns0:author>
		<ns0:author>
			<ns0:persName><ns0:forename type="first">T</ns0:forename><ns0:forename type="middle">S</ns0:forename><ns0:surname>Chung</ns0:surname></ns0:persName>
		</ns0:author>
	</ns0:analytic>
	<ns0:monogr>
		<ns0:title level="j">Desalination</ns0:title>
		<ns0:imprint>
			<ns0:biblScope unit="volume">420</ns0:biblScope>
			<ns0:biblScope unit="page" from="273" to="282" />
			<ns0:date type="published" when="2017">2017</ns0:date>
		</ns0:imprint>
	</ns0:monogr>
</ns0:biblStruct>

<ns0:biblStruct xml:id="b58">
	<ns0:analytic>
		<ns0:title level="a" type="main">Solvent recovery via organic solvent pressure assisted osmosis</ns0:title>
		<ns0:author>
			<ns0:persName><ns0:forename type="first">Y</ns0:forename><ns0:surname>Cui</ns0:surname></ns0:persName>
		</ns0:author>
		<ns0:author>
			<ns0:persName><ns0:forename type="first">T</ns0:forename><ns0:forename type="middle">S</ns0:forename><ns0:surname>Chung</ns0:surname></ns0:persName>
		</ns0:author>
	</ns0:analytic>
	<ns0:monogr>
		<ns0:title level="j">Ind. Eng. Chem. Res</ns0:title>
		<ns0:imprint>
			<ns0:biblScope unit="volume">58</ns0:biblScope>
			<ns0:biblScope unit="issue">12</ns0:biblScope>
			<ns0:biblScope unit="page" from="4970" to="4978" />
			<ns0:date type="published" when="2019">2019</ns0:date>
		</ns0:imprint>
	</ns0:monogr>
</ns0:biblStruct>

<ns0:biblStruct xml:id="b59">
	<ns0:analytic>
		<ns0:title level="a" type="main">Molecularly tunable thin-film nanocomposite membranes with enhanced molecular sieving for organic solvent forward osmosis</ns0:title>
		<ns0:author>
			<ns0:persName><ns0:forename type="first">B</ns0:forename><ns0:surname>Li</ns0:surname></ns0:persName>
		</ns0:author>
		<ns0:author>
			<ns0:persName><ns0:forename type="first">S</ns0:forename><ns0:surname>Japip</ns0:surname></ns0:persName>
		</ns0:author>
		<ns0:author>
			<ns0:persName><ns0:forename type="first">T</ns0:forename><ns0:forename type="middle">S</ns0:forename><ns0:surname>Chung</ns0:surname></ns0:persName>
		</ns0:author>
	</ns0:analytic>
	<ns0:monogr>
		<ns0:title level="j">Nat. Commun</ns0:title>
		<ns0:imprint>
			<ns0:biblScope unit="volume">2020</ns0:biblScope>
			<ns0:biblScope unit="issue">1</ns0:biblScope>
			<ns0:biblScope unit="page">1198</ns0:biblScope>
		</ns0:imprint>
	</ns0:monogr>
</ns0:biblStruct>

<ns0:biblStruct xml:id="b60">
	<ns0:analytic>
		<ns0:title level="a" type="main">Understanding the influence of solvents on the intrinsic properties and performance of polyamide thin film composite membranes</ns0:title>
		<ns0:author>
			<ns0:persName><ns0:forename type="first">L</ns0:forename><ns0:surname>Xia</ns0:surname></ns0:persName>
		</ns0:author>
		<ns0:author>
			<ns0:persName><ns0:forename type="first">J</ns0:forename><ns0:forename type="middle">R</ns0:forename><ns0:surname>Mccutcheon</ns0:surname></ns0:persName>
		</ns0:author>
	</ns0:analytic>
	<ns0:monogr>
		<ns0:title level="j">Sep. Purif. Technol</ns0:title>
		<ns0:imprint>
			<ns0:biblScope unit="volume">238</ns0:biblScope>
			<ns0:biblScope unit="page">116398</ns0:biblScope>
			<ns0:date type="published" when="2020">2020</ns0:date>
		</ns0:imprint>
	</ns0:monogr>
</ns0:biblStruct>

<ns0:biblStruct xml:id="b61">
	<ns0:analytic>
		<ns0:title level="a" type="main">Ceramic-supported thin film composite membrane for organic solvent nanofiltration</ns0:title>
		<ns0:author>
			<ns0:persName><ns0:forename type="first">L</ns0:forename><ns0:surname>Xia</ns0:surname></ns0:persName>
		</ns0:author>
		<ns0:author>
			<ns0:persName><ns0:forename type="first">R</ns0:forename><ns0:surname>Jian</ns0:surname></ns0:persName>
		</ns0:author>
		<ns0:author>
			<ns0:persName><ns0:forename type="first">W</ns0:forename><ns0:surname>Marcus</ns0:surname></ns0:persName>
		</ns0:author>
		<ns0:author>
			<ns0:persName><ns0:forename type="first">J</ns0:forename><ns0:forename type="middle">R</ns0:forename><ns0:surname>Mccutcheon</ns0:surname></ns0:persName>
		</ns0:author>
	</ns0:analytic>
	<ns0:monogr>
		<ns0:title level="j">J. Membr. Sci</ns0:title>
		<ns0:imprint>
			<ns0:biblScope unit="volume">563</ns0:biblScope>
			<ns0:biblScope unit="page" from="857" to="863" />
			<ns0:date type="published" when="2018">2018</ns0:date>
		</ns0:imprint>
	</ns0:monogr>
</ns0:biblStruct>

				</ns0:listBibl>
			</ns0:div>
		</ns0:back>
	</ns0:text>
</ns0:TEI>