<ns0:TEI xmlns:ns0="http://www.tei-c.org/ns/1.0" xmlns:xsi="http://www.w3.org/2001/XMLSchema-instance" xml:space="preserve" xsi:schemaLocation="http://www.tei-c.org/ns/1.0 https://raw.githubusercontent.com/kermitt2/grobid/master/grobid-home/schemas/xsd/Grobid.xsd">
	<ns0:teiHeader xml:lang="en">
		<ns0:fileDesc>
			<ns0:titleStmt>
				<ns0:title level="a" type="main">Optimization of coated blade spray for rapid screening and quantitation of 105 veterinary drugs in biological tissue samples</ns0:title>
			</ns0:titleStmt>
			<ns0:publicationStmt>
				<ns0:publisher />
				<ns0:availability status="unknown"><ns0:licence /></ns0:availability>
				<ns0:date type="published" when="2020-03-20">March 20, 2020</ns0:date>
			</ns0:publicationStmt>
			<ns0:sourceDesc>
				<ns0:biblStruct>
					<ns0:analytic>
						<ns0:author>
							<ns0:persName><ns0:forename type="first">Abir</ns0:forename><ns0:surname>Khaled</ns0:surname></ns0:persName>
							<ns0:affiliation key="aff0">
								<ns0:orgName type="department">Department of Chemistry</ns0:orgName>
								<ns0:orgName type="institution">University of Waterloo</ns0:orgName>
								<ns0:address>
									<ns0:addrLine>200 University Avenue West</ns0:addrLine>
									<ns0:postCode>N2L 3G1</ns0:postCode>
									<ns0:settlement>Waterloo</ns0:settlement>
									<ns0:region>Ontario</ns0:region>
									<ns0:country key="CA">Canada</ns0:country>
								</ns0:address>
							</ns0:affiliation>
						</ns0:author>
						<ns0:author>
							<ns0:persName><ns0:forename type="first">Germ&#225;n</ns0:forename><ns0:surname>Augusto G&#243;mez-R&#237;os</ns0:surname></ns0:persName>
							<ns0:affiliation key="aff0">
								<ns0:orgName type="department">Department of Chemistry</ns0:orgName>
								<ns0:orgName type="institution">University of Waterloo</ns0:orgName>
								<ns0:address>
									<ns0:addrLine>200 University Avenue West</ns0:addrLine>
									<ns0:postCode>N2L 3G1</ns0:postCode>
									<ns0:settlement>Waterloo</ns0:settlement>
									<ns0:region>Ontario</ns0:region>
									<ns0:country key="CA">Canada</ns0:country>
								</ns0:address>
							</ns0:affiliation>
						</ns0:author>
						<ns0:author>
							<ns0:persName><ns0:forename type="first">Janusz</ns0:forename><ns0:surname>Pawliszyn</ns0:surname></ns0:persName>
							<ns0:affiliation key="aff0">
								<ns0:orgName type="department">Department of Chemistry</ns0:orgName>
								<ns0:orgName type="institution">University of Waterloo</ns0:orgName>
								<ns0:address>
									<ns0:addrLine>200 University Avenue West</ns0:addrLine>
									<ns0:postCode>N2L 3G1</ns0:postCode>
									<ns0:settlement>Waterloo</ns0:settlement>
									<ns0:region>Ontario</ns0:region>
									<ns0:country key="CA">Canada</ns0:country>
								</ns0:address>
							</ns0:affiliation>
						</ns0:author>
						<ns0:author>
							<ns0:affiliation key="aff1">
								<ns0:orgName type="institution">Restek Corporation</ns0:orgName>
								<ns0:address>
									<ns0:addrLine>110 Benner Circle</ns0:addrLine>
									<ns0:postCode>16823</ns0:postCode>
									<ns0:settlement>Bellefonte</ns0:settlement>
									<ns0:region>PA</ns0:region>
									<ns0:country key="US">United States</ns0:country>
								</ns0:address>
							</ns0:affiliation>
						</ns0:author>
						<ns0:title level="a" type="main">Optimization of coated blade spray for rapid screening and quantitation of 105 veterinary drugs in biological tissue samples</ns0:title>
					</ns0:analytic>
					<ns0:monogr>
						<ns0:imprint>
							<ns0:date type="published" when="2020-03-20">March 20, 2020</ns0:date>
						</ns0:imprint>
					</ns0:monogr>
					<ns0:idno type="DOI">10.1021/acs.analchem.0c00093</ns0:idno>
					<ns0:note type="submission">"Just Accepted" manuscripts have been peer-reviewed and accepted for publication. They are posted online prior to technical editing, formatting for publication and author proofing. The American Chemical Society provides "Just Accepted" as a service to the research community to expedite the dissemination of scientific material as soon as possible after acceptance. "Just Accepted" manuscripts appear in full in PDF format accompanied by an HTML abstract. "Just Accepted" manuscripts have been fully peer reviewed, but should not be considered the official version of record. They are citable by the Digital Object Identifier (DOI&#174;). "Just Accepted" is an optional service offered to authors. Therefore, the "Just Accepted" Web site may not include all articles that will be published in the journal. After a manuscript is technically edited and formatted, it will be removed from the "Just Accepted" Web site and published as an ASAP article. Note that technical editing may introduce minor changes to the manuscript text and/or graphics which could affect content, and all legal disclaimers and ethical guidelines that apply to the journal pertain. ACS cannot be held responsible for errors or consequences arising from the use of information contained in these "Just Accepted" manuscripts.</ns0:note>
				</ns0:biblStruct>
			</ns0:sourceDesc>
		</ns0:fileDesc>
		<ns0:encodingDesc>
			<ns0:appInfo>
				<ns0:application version="0.7.3" ident="GROBID" when="2023-07-23T12:10+0000">
					<ns0:desc>GROBID - A machine learning software for extracting information from scholarly documents</ns0:desc>
					<ns0:ref target="https://github.com/kermitt2/grobid" />
				</ns0:application>
			</ns0:appInfo>
		</ns0:encodingDesc>
		<ns0:profileDesc>
			<ns0:abstract />
		</ns0:profileDesc>
	</ns0:teiHeader>
	<ns0:text xml:lang="en">
		<ns0:back>

			<ns0:div type="acknowledgement">
<ns0:div><ns0:head>Acknowledgments</ns0:head><ns0:p>We are grateful to the Natural Sciences and Engineering Research council (NSERC) of Canada and the Perkin Elmer Corporation for their financial support through the Industrial Research Chair program and the associated industrial research partnership. We would also like to acknowledge Thermo Scientific for lending us the TSQ Quantiva that was used in this work. Thank you to Dr. Varoon Singh and Mr. Mohammed Huq for synthesizing the HLB particles, and to Milaan Thirukumaran for his assistance in initial data processing.</ns0:p></ns0:div>
			</ns0:div>

			<ns0:div type="annex">
<ns0:div><ns0:head>SUPPORTING INFORMATION</ns0:head><ns0:p>The Supporting Information is available free of charge on the ACS Publications website. Details about the analytes, physicochemical properties, suppliers, MS parameters used to quantify each compound, figures of merit for the proposed method, and CBS procedure for the preparation and extraction.</ns0:p></ns0:div>
<ns0:div><ns0:head>AUTHOR INFORMATION</ns0:head></ns0:div>
<ns0:div><ns0:head>Corresponding Author</ns0:head><ns0:p>* Phone: +1 (519) 888 4641. Fax: +1 (519) 746 0435. E-mail: janusz@uwaterloo.ca.</ns0:p></ns0:div>
<ns0:div><ns0:head>ORCID</ns0:head><ns0:p>Janusz Pawliszyn: 0000-0002-9975-5811</ns0:p></ns0:div>
<ns0:div><ns0:head>Conflict of Interest</ns0:head><ns0:p>GAGR and JP are co-inventors of Coated Blade Spray (US patent: 9733234), while JP Scientific Limited holds ownership over this patent. The technology has been licensed to Restek Corporation.</ns0:p></ns0:div>			</ns0:div>
			<ns0:div type="references">

				<ns0:listBibl>

<ns0:biblStruct xml:id="b0">
	<ns0:analytic>
		<ns0:title level="a" type="main">Multi-Residue Determination of 115 Veterinary Drugs and Pharmaceutical Residues in Milk Powder , Butter , Fi Sh Tissue and Eggs Using Liquid Chromatography -Tandem Mass Spectrometry</ns0:title>
		<ns0:author>
			<ns0:persName><ns0:forename type="first">M</ns0:forename><ns0:forename type="middle">E</ns0:forename><ns0:surname>Dasenaki</ns0:surname></ns0:persName>
		</ns0:author>
		<ns0:author>
			<ns0:persName><ns0:forename type="first">N</ns0:forename><ns0:forename type="middle">S</ns0:forename><ns0:surname>Thomaidis</ns0:surname></ns0:persName>
		</ns0:author>
	</ns0:analytic>
	<ns0:monogr>
		<ns0:title level="j">Anal. Chim. Acta</ns0:title>
		<ns0:imprint>
			<ns0:biblScope unit="volume">880</ns0:biblScope>
			<ns0:biblScope unit="page" from="103" to="121" />
			<ns0:date type="published" when="2015">2015</ns0:date>
		</ns0:imprint>
	</ns0:monogr>
</ns0:biblStruct>

<ns0:biblStruct xml:id="b1">
	<ns0:monogr>
		<ns0:title level="m" type="main">Veterinary Drugs Residues: A Review of the Latest Analytical Research on Sample Preparation and LC-MS Based Methods</ns0:title>
		<ns0:author>
			<ns0:persName><ns0:forename type="first">L</ns0:forename><ns0:forename type="middle">M</ns0:forename><ns0:surname>Rocca</ns0:surname></ns0:persName>
		</ns0:author>
		<ns0:author>
			<ns0:persName><ns0:forename type="first">A</ns0:forename><ns0:surname>Gentili</ns0:surname></ns0:persName>
		</ns0:author>
		<ns0:author>
			<ns0:persName><ns0:forename type="first">V</ns0:forename><ns0:surname>P&#233;rez-Fern&#225;ndez</ns0:surname></ns0:persName>
		</ns0:author>
		<ns0:author>
			<ns0:persName><ns0:forename type="first">P</ns0:forename><ns0:surname>Tomai</ns0:surname></ns0:persName>
		</ns0:author>
		<ns0:imprint>
			<ns0:date type="published" when="2017">2017</ns0:date>
		</ns0:imprint>
	</ns0:monogr>
</ns0:biblStruct>

<ns0:biblStruct xml:id="b2">
	<ns0:monogr>
		<ns0:author>
			<ns0:persName><ns0:forename type="first">T</ns0:forename><ns0:forename type="middle">.</ns0:forename><ns0:surname>Reeves</ns0:surname></ns0:persName>
		</ns0:author>
		<ns0:author>
			<ns0:persName><ns0:forename type="first">J</ns0:forename><ns0:surname>Wang</ns0:surname></ns0:persName>
		</ns0:author>
		<ns0:author>
			<ns0:persName><ns0:forename type="first">J</ns0:forename><ns0:forename type="middle">D</ns0:forename><ns0:surname>Macneil</ns0:surname></ns0:persName>
		</ns0:author>
		<ns0:author>
			<ns0:persName><ns0:forename type="first">J</ns0:forename><ns0:forename type="middle">F</ns0:forename><ns0:surname>Kay</ns0:surname></ns0:persName>
		</ns0:author>
		<ns0:author>
			<ns0:persName><ns0:forename type="first">P</ns0:forename><ns0:forename type="middle">T</ns0:forename><ns0:surname>Reeves</ns0:surname></ns0:persName>
		</ns0:author>
		<ns0:title level="m">Chemical Analysis of Antibiotic Residues in Food</ns0:title>
		<ns0:imprint>
			<ns0:publisher>John Wiley and Sons</ns0:publisher>
			<ns0:date type="published" when="2011">2011</ns0:date>
			<ns0:biblScope unit="volume">199</ns0:biblScope>
		</ns0:imprint>
	</ns0:monogr>
</ns0:biblStruct>

<ns0:biblStruct xml:id="b3">
	<ns0:analytic>
		<ns0:title level="a" type="main">Application of a Hybrid Ordered Mesoporous Silica as Sorbent for Solid-Phase Multi-Residue Extraction of Veterinary Drugs in Meat by Ultra-High-Performance Liquid Chromatography Coupled to Ion-Trap Tandem Mass Spectrometry</ns0:title>
		<ns0:author>
			<ns0:persName><ns0:forename type="first">N</ns0:forename><ns0:surname>Casado</ns0:surname></ns0:persName>
		</ns0:author>
		<ns0:author>
			<ns0:persName><ns0:forename type="first">S</ns0:forename><ns0:surname>Morante-Zarcero</ns0:surname></ns0:persName>
		</ns0:author>
		<ns0:author>
			<ns0:persName><ns0:forename type="first">D</ns0:forename><ns0:surname>P&#233;rez-Quintanilla</ns0:surname></ns0:persName>
		</ns0:author>
		<ns0:author>
			<ns0:persName><ns0:forename type="first">I</ns0:forename><ns0:surname>Sierra</ns0:surname></ns0:persName>
		</ns0:author>
	</ns0:analytic>
	<ns0:monogr>
		<ns0:title level="j">J. Chromatogr. A</ns0:title>
		<ns0:imprint>
			<ns0:biblScope unit="page" from="24" to="37" />
			<ns0:date type="published" when="1459">2016. 1459</ns0:date>
		</ns0:imprint>
	</ns0:monogr>
</ns0:biblStruct>

<ns0:biblStruct xml:id="b4">
	<ns0:analytic>
		<ns0:title level="a" type="main">Matrix-Effect Free Multi-Residue Analysis of Veterinary Drugs in Food Samples of Animal Origin by Nanoflow Liquid Chromatography High Resolution Mass Spectrometry</ns0:title>
		<ns0:author>
			<ns0:persName><ns0:forename type="first">J</ns0:forename><ns0:surname>Alc&#225;ntara-Dur&#225;n</ns0:surname></ns0:persName>
		</ns0:author>
		<ns0:author>
			<ns0:persName><ns0:forename type="first">D</ns0:forename><ns0:surname>Moreno-Gonz&#225;lez</ns0:surname></ns0:persName>
		</ns0:author>
		<ns0:author>
			<ns0:persName><ns0:forename type="first">B</ns0:forename><ns0:surname>Gilbert-L&#243;pez</ns0:surname></ns0:persName>
		</ns0:author>
		<ns0:author>
			<ns0:persName><ns0:forename type="first">A</ns0:forename><ns0:surname>Molina-D&#237;az</ns0:surname></ns0:persName>
		</ns0:author>
		<ns0:author>
			<ns0:persName><ns0:forename type="first">J</ns0:forename><ns0:forename type="middle">F</ns0:forename><ns0:surname>Garc&#237;a-Reyes</ns0:surname></ns0:persName>
		</ns0:author>
	</ns0:analytic>
	<ns0:monogr>
		<ns0:title level="j">Food Chem</ns0:title>
		<ns0:imprint>
			<ns0:biblScope unit="volume">245</ns0:biblScope>
			<ns0:biblScope unit="page" from="29" to="38" />
			<ns0:date type="published" when="2018">2018</ns0:date>
		</ns0:imprint>
	</ns0:monogr>
</ns0:biblStruct>

<ns0:biblStruct xml:id="b5">
	<ns0:analytic>
		<ns0:title level="a" type="main">Multiresidue Analysis of Antibiotics in Food of Animal Origin Using Liquid Chromatography-Mass Spectrometry</ns0:title>
		<ns0:author>
			<ns0:persName><ns0:forename type="first">K</ns0:forename><ns0:surname>Mastovska</ns0:surname></ns0:persName>
		</ns0:author>
	</ns0:analytic>
	<ns0:monogr>
		<ns0:title level="m">Mass Spectrometry in Food Safety</ns0:title>
		<ns0:imprint>
			<ns0:biblScope unit="page">747</ns0:biblScope>
		</ns0:imprint>
	</ns0:monogr>
</ns0:biblStruct>

<ns0:biblStruct xml:id="b6">
	<ns0:monogr>
		<ns0:title />
		<ns0:author>
			<ns0:persName><ns0:forename type="first">J</ns0:forename><ns0:surname>Zweigenbaum</ns0:surname></ns0:persName>
		</ns0:author>
		<ns0:author>
			<ns0:persName><ns0:surname>Ed</ns0:surname></ns0:persName>
		</ns0:author>
		<ns0:imprint>
			<ns0:date type="published" when="2011">2011</ns0:date>
			<ns0:publisher>Humana Press</ns0:publisher>
			<ns0:biblScope unit="page" from="267" to="307" />
		</ns0:imprint>
	</ns0:monogr>
</ns0:biblStruct>

<ns0:biblStruct xml:id="b7">
	<ns0:monogr>
		<ns0:title level="m" type="main">Optimization, and Validation of Methods for Quantification of Veterinary Drug Residues in Complex Food Matrices Using Liquid-Chromatography-A Review</ns0:title>
		<ns0:author>
			<ns0:persName><ns0:forename type="first">M</ns0:forename><ns0:surname>Manimekalai</ns0:surname></ns0:persName>
		</ns0:author>
		<ns0:author>
			<ns0:persName><ns0:forename type="first">A</ns0:forename><ns0:surname>Rawson</ns0:surname></ns0:persName>
		</ns0:author>
		<ns0:author>
			<ns0:persName><ns0:forename type="first">A</ns0:forename><ns0:forename type="middle">S</ns0:forename><ns0:surname>Sengar</ns0:surname></ns0:persName>
		</ns0:author>
		<ns0:author>
			<ns0:persName><ns0:forename type="first">K</ns0:forename><ns0:forename type="middle">S</ns0:forename><ns0:surname>Kumar</ns0:surname></ns0:persName>
		</ns0:author>
		<ns0:author>
			<ns0:persName><ns0:surname>Development</ns0:surname></ns0:persName>
		</ns0:author>
		<ns0:imprint>
			<ns0:date type="published" when="2019-08-15">August 15, 2019</ns0:date>
			<ns0:publisher>Springer</ns0:publisher>
			<ns0:biblScope unit="page" from="1823" to="1837" />
			<ns0:pubPlace>New York</ns0:pubPlace>
		</ns0:imprint>
	</ns0:monogr>
</ns0:biblStruct>

<ns0:biblStruct xml:id="b8">
	<ns0:analytic>
		<ns0:title level="a" type="main">Development and Validation of a Streamlined Method Designed to Detect Residues of 62 Veterinary Drugs in Bovine Kidney Using Ultra-High Performance Liquid Chromatography -Tandem Mass Spectrometry</ns0:title>
		<ns0:author>
			<ns0:persName><ns0:forename type="first">S</ns0:forename><ns0:forename type="middle">J</ns0:forename><ns0:surname>Lehotay</ns0:surname></ns0:persName>
		</ns0:author>
		<ns0:author>
			<ns0:persName><ns0:forename type="first">A</ns0:forename><ns0:forename type="middle">R</ns0:forename><ns0:surname>Lightfield</ns0:surname></ns0:persName>
		</ns0:author>
		<ns0:author>
			<ns0:persName><ns0:forename type="first">L</ns0:forename><ns0:surname>Geis-Asteggiante</ns0:surname></ns0:persName>
		</ns0:author>
		<ns0:author>
			<ns0:persName><ns0:forename type="first">M</ns0:forename><ns0:forename type="middle">J</ns0:forename><ns0:surname>Schneider</ns0:surname></ns0:persName>
		</ns0:author>
		<ns0:author>
			<ns0:persName><ns0:forename type="first">T</ns0:forename><ns0:surname>Dutko</ns0:surname></ns0:persName>
		</ns0:author>
		<ns0:author>
			<ns0:persName><ns0:forename type="first">C</ns0:forename><ns0:surname>Ng</ns0:surname></ns0:persName>
		</ns0:author>
		<ns0:author>
			<ns0:persName><ns0:forename type="first">L</ns0:forename><ns0:surname>Bluhm</ns0:surname></ns0:persName>
		</ns0:author>
		<ns0:author>
			<ns0:persName><ns0:forename type="first">K</ns0:forename><ns0:surname>Mastovska</ns0:surname></ns0:persName>
		</ns0:author>
	</ns0:analytic>
	<ns0:monogr>
		<ns0:title level="j">Drug Test. Anal</ns0:title>
		<ns0:imprint>
			<ns0:biblScope unit="volume">4</ns0:biblScope>
			<ns0:biblScope unit="issue">SUPPL.1</ns0:biblScope>
			<ns0:biblScope unit="page" from="75" to="90" />
			<ns0:date type="published" when="2012">2012</ns0:date>
		</ns0:imprint>
	</ns0:monogr>
</ns0:biblStruct>

<ns0:biblStruct xml:id="b9">
	<ns0:analytic>
		<ns0:title level="a" type="main">Validation of a Streamlined Multiclass, Multiresidue Method for Determination of Veterinary Drug Residues in Bovine Muscle by Liquid Chromatography-Tandem Mass Spectrometry</ns0:title>
		<ns0:author>
			<ns0:persName><ns0:forename type="first">M</ns0:forename><ns0:forename type="middle">J</ns0:forename><ns0:surname>Schneider</ns0:surname></ns0:persName>
		</ns0:author>
		<ns0:author>
			<ns0:persName><ns0:forename type="first">S</ns0:forename><ns0:forename type="middle">J</ns0:forename><ns0:surname>Lehotay</ns0:surname></ns0:persName>
		</ns0:author>
		<ns0:author>
			<ns0:persName><ns0:forename type="first">A</ns0:forename><ns0:forename type="middle">R</ns0:forename><ns0:surname>Lightfield</ns0:surname></ns0:persName>
		</ns0:author>
	</ns0:analytic>
	<ns0:monogr>
		<ns0:title level="j">Anal. Bioanal. Chem</ns0:title>
		<ns0:imprint>
			<ns0:biblScope unit="issue">15</ns0:biblScope>
			<ns0:biblScope unit="page" from="4423" to="4435" />
			<ns0:date type="published" when="2015">2015</ns0:date>
		</ns0:imprint>
	</ns0:monogr>
</ns0:biblStruct>

<ns0:biblStruct xml:id="b10">
	<ns0:analytic>
		<ns0:title level="a" type="main">Qualitative Screening of Veterinary Anti-Microbial Agents in Tissues, Milk, and Eggs of Food-Producing Animals Using Liquid Chromatography Coupled with Tandem Mass Spectrometry</ns0:title>
		<ns0:author>
			<ns0:persName><ns0:forename type="first">D</ns0:forename><ns0:surname>Chen</ns0:surname></ns0:persName>
		</ns0:author>
		<ns0:author>
			<ns0:persName><ns0:forename type="first">J</ns0:forename><ns0:surname>Yu</ns0:surname></ns0:persName>
		</ns0:author>
		<ns0:author>
			<ns0:persName><ns0:forename type="first">Y</ns0:forename><ns0:surname>Tao</ns0:surname></ns0:persName>
		</ns0:author>
		<ns0:author>
			<ns0:persName><ns0:forename type="first">Y</ns0:forename><ns0:surname>Pan</ns0:surname></ns0:persName>
		</ns0:author>
		<ns0:author>
			<ns0:persName><ns0:forename type="first">S</ns0:forename><ns0:surname>Xie</ns0:surname></ns0:persName>
		</ns0:author>
		<ns0:author>
			<ns0:persName><ns0:forename type="first">L</ns0:forename><ns0:surname>Huang</ns0:surname></ns0:persName>
		</ns0:author>
		<ns0:author>
			<ns0:persName><ns0:forename type="first">D</ns0:forename><ns0:surname>Peng</ns0:surname></ns0:persName>
		</ns0:author>
		<ns0:author>
			<ns0:persName><ns0:forename type="first">X</ns0:forename><ns0:surname>Wang</ns0:surname></ns0:persName>
		</ns0:author>
		<ns0:author>
			<ns0:persName><ns0:forename type="first">Y</ns0:forename><ns0:surname>Wang</ns0:surname></ns0:persName>
		</ns0:author>
		<ns0:author>
			<ns0:persName><ns0:forename type="first">Z</ns0:forename><ns0:surname>Liu</ns0:surname></ns0:persName>
		</ns0:author>
	</ns0:analytic>
	<ns0:monogr>
		<ns0:title level="j">J. Chromatogr. B Anal. Technol. Biomed. Life Sci</ns0:title>
		<ns0:imprint>
			<ns0:biblScope unit="page" from="82" to="88" />
			<ns0:date type="published" when="2016">2016</ns0:date>
		</ns0:imprint>
	</ns0:monogr>
</ns0:biblStruct>

<ns0:biblStruct xml:id="b11">
	<ns0:analytic>
		<ns0:title level="a" type="main">Direct Sampling Mass Spectrometry for Clinical Analysis</ns0:title>
		<ns0:author>
			<ns0:persName><ns0:forename type="first">F</ns0:forename><ns0:surname>Pu</ns0:surname></ns0:persName>
		</ns0:author>
		<ns0:author>
			<ns0:persName><ns0:forename type="first">S</ns0:forename><ns0:surname>Chiang</ns0:surname></ns0:persName>
		</ns0:author>
		<ns0:author>
			<ns0:persName><ns0:forename type="first">W</ns0:forename><ns0:surname>Zhang</ns0:surname></ns0:persName>
		</ns0:author>
		<ns0:author>
			<ns0:persName><ns0:forename type="first">Z</ns0:forename><ns0:surname>Ouyang</ns0:surname></ns0:persName>
		</ns0:author>
	</ns0:analytic>
	<ns0:monogr>
		<ns0:title level="j">Analyst</ns0:title>
		<ns0:imprint>
			<ns0:biblScope unit="volume">144</ns0:biblScope>
			<ns0:biblScope unit="issue">4</ns0:biblScope>
			<ns0:biblScope unit="page" from="1034" to="1051" />
			<ns0:date type="published" when="2019">2019</ns0:date>
		</ns0:imprint>
	</ns0:monogr>
</ns0:biblStruct>

<ns0:biblStruct xml:id="b12">
	<ns0:analytic>
		<ns0:title level="a" type="main">Direct Analysis of Biological Tissue by Paper Spray Mass Spectrometry</ns0:title>
		<ns0:author>
			<ns0:persName><ns0:forename type="first">H</ns0:forename><ns0:surname>Wang</ns0:surname></ns0:persName>
		</ns0:author>
		<ns0:author>
			<ns0:persName><ns0:forename type="first">N</ns0:forename><ns0:forename type="middle">E</ns0:forename><ns0:surname>Manicke</ns0:surname></ns0:persName>
		</ns0:author>
		<ns0:author>
			<ns0:persName><ns0:forename type="first">Q</ns0:forename><ns0:surname>Yang</ns0:surname></ns0:persName>
		</ns0:author>
		<ns0:author>
			<ns0:persName><ns0:forename type="first">L</ns0:forename><ns0:surname>Zheng</ns0:surname></ns0:persName>
		</ns0:author>
		<ns0:author>
			<ns0:persName><ns0:forename type="first">R</ns0:forename><ns0:surname>Shi</ns0:surname></ns0:persName>
		</ns0:author>
		<ns0:author>
			<ns0:persName><ns0:forename type="first">R</ns0:forename><ns0:forename type="middle">G</ns0:forename><ns0:surname>Cooks</ns0:surname></ns0:persName>
		</ns0:author>
		<ns0:author>
			<ns0:persName><ns0:forename type="first">Z</ns0:forename><ns0:surname>Ouyang</ns0:surname></ns0:persName>
		</ns0:author>
	</ns0:analytic>
	<ns0:monogr>
		<ns0:title level="j">Anal. Chem</ns0:title>
		<ns0:imprint>
			<ns0:biblScope unit="volume">83</ns0:biblScope>
			<ns0:biblScope unit="issue">4</ns0:biblScope>
			<ns0:biblScope unit="page" from="1197" to="1201" />
			<ns0:date type="published" when="2011">2011</ns0:date>
		</ns0:imprint>
	</ns0:monogr>
</ns0:biblStruct>

<ns0:biblStruct xml:id="b13">
	<ns0:analytic>
		<ns0:title level="a" type="main">Sample Preparation: Extraction and Clean-Up</ns0:title>
		<ns0:author>
			<ns0:persName><ns0:forename type="first">A</ns0:forename><ns0:forename type="middle">A M M</ns0:forename><ns0:surname>Stolker</ns0:surname></ns0:persName>
		</ns0:author>
		<ns0:author>
			<ns0:persName><ns0:forename type="first">M</ns0:forename><ns0:surname>Danaher</ns0:surname></ns0:persName>
		</ns0:author>
		<ns0:author>
			<ns0:persName><ns0:forename type="first">D</ns0:forename><ns0:surname>Martin</ns0:surname></ns0:persName>
		</ns0:author>
	</ns0:analytic>
	<ns0:monogr>
		<ns0:title level="m">Chemical Analysis of Antibiotic Residues in Food</ns0:title>
		<ns0:editor>
			<ns0:persName><ns0:forename type="first">J</ns0:forename><ns0:surname>Wang</ns0:surname></ns0:persName>
		</ns0:editor>
		<ns0:editor>
			<ns0:persName><ns0:forename type="first">J</ns0:forename><ns0:forename type="middle">D</ns0:forename><ns0:surname>Macneil</ns0:surname></ns0:persName>
		</ns0:editor>
		<ns0:editor>
			<ns0:persName><ns0:forename type="first">J</ns0:forename><ns0:forename type="middle">F</ns0:forename><ns0:surname>Kay</ns0:surname></ns0:persName>
		</ns0:editor>
		<ns0:imprint>
			<ns0:publisher>Wiley Online Library</ns0:publisher>
			<ns0:date type="published" when="2011">2011</ns0:date>
			<ns0:biblScope unit="page" from="125" to="152" />
		</ns0:imprint>
	</ns0:monogr>
</ns0:biblStruct>

<ns0:biblStruct xml:id="b14">
	<ns0:analytic>
		<ns0:title level="a" type="main">Emerging Techniques in Sample Extraction and Rapid Analysis</ns0:title>
		<ns0:author>
			<ns0:persName><ns0:forename type="first">W</ns0:forename><ns0:forename type="middle">C</ns0:forename><ns0:surname>Andersen</ns0:surname></ns0:persName>
		</ns0:author>
		<ns0:author>
			<ns0:persName><ns0:forename type="first">S</ns0:forename><ns0:forename type="middle">B</ns0:forename><ns0:surname>Turnipseed</ns0:surname></ns0:persName>
		</ns0:author>
		<ns0:author>
			<ns0:persName><ns0:forename type="first">J</ns0:forename><ns0:forename type="middle">J</ns0:forename><ns0:surname>Lohne</ns0:surname></ns0:persName>
		</ns0:author>
	</ns0:analytic>
	<ns0:monogr>
		<ns0:title level="m">Chemical Analysis of Non-antimicrobial Veterinary Drug Residues in Food</ns0:title>
		<ns0:meeting><ns0:address><ns0:addrLine>Hoboken, NJ, USA, NJ, USA</ns0:addrLine></ns0:address></ns0:meeting>
		<ns0:imprint>
			<ns0:publisher>John Wiley &amp; Sons, Inc</ns0:publisher>
			<ns0:date type="published" when="2016">2016</ns0:date>
			<ns0:biblScope unit="page" from="27" to="92" />
		</ns0:imprint>
	</ns0:monogr>
</ns0:biblStruct>

<ns0:biblStruct xml:id="b15">
	<ns0:analytic>
		<ns0:title level="a" type="main">Rapid Untargeted Screening for Drug Residues in Animal Tissues with Liquid Microjunction Surface Sampling Probe Mass Spectrometry</ns0:title>
		<ns0:author>
			<ns0:persName><ns0:forename type="first">L</ns0:forename><ns0:forename type="middle">E</ns0:forename><ns0:surname>Burns</ns0:surname></ns0:persName>
		</ns0:author>
		<ns0:author>
			<ns0:persName><ns0:forename type="first">D</ns0:forename><ns0:forename type="middle">J</ns0:forename><ns0:surname>Borts</ns0:surname></ns0:persName>
		</ns0:author>
	</ns0:analytic>
	<ns0:monogr>
		<ns0:title level="j">Anal. Chim. Acta</ns0:title>
		<ns0:imprint>
			<ns0:biblScope unit="volume">1063</ns0:biblScope>
			<ns0:biblScope unit="page" from="75" to="81" />
			<ns0:date type="published" when="2019">2019</ns0:date>
		</ns0:imprint>
	</ns0:monogr>
</ns0:biblStruct>

<ns0:biblStruct xml:id="b16">
	<ns0:analytic>
		<ns0:title level="a" type="main">High-throughput Quantification of Drugs of Abuse in Biofluids via 96-solid-phase Microextraction-Transmission Mode and Direct Analysis in Real Time Mass Spectrometry</ns0:title>
		<ns0:author>
			<ns0:persName><ns0:forename type="first">T</ns0:forename><ns0:surname>Vasiljevic</ns0:surname></ns0:persName>
		</ns0:author>
		<ns0:author>
			<ns0:persName><ns0:forename type="first">G</ns0:forename><ns0:forename type="middle">A</ns0:forename><ns0:surname>G&#243;mez-R&#237;os</ns0:surname></ns0:persName>
		</ns0:author>
		<ns0:author>
			<ns0:persName><ns0:forename type="first">F</ns0:forename><ns0:surname>Li</ns0:surname></ns0:persName>
		</ns0:author>
		<ns0:author>
			<ns0:persName><ns0:forename type="first">P</ns0:forename><ns0:surname>Liang</ns0:surname></ns0:persName>
		</ns0:author>
		<ns0:author>
			<ns0:persName><ns0:forename type="first">J</ns0:forename><ns0:surname>Pawliszyn</ns0:surname></ns0:persName>
		</ns0:author>
	</ns0:analytic>
	<ns0:monogr>
		<ns0:title level="j">Rapid Commun. Mass Spectrom</ns0:title>
		<ns0:imprint>
			<ns0:biblScope unit="volume">33</ns0:biblScope>
			<ns0:biblScope unit="issue">18</ns0:biblScope>
			<ns0:biblScope unit="page" from="1423" to="1433" />
			<ns0:date type="published" when="2019">2019</ns0:date>
		</ns0:imprint>
	</ns0:monogr>
</ns0:biblStruct>

<ns0:biblStruct xml:id="b17">
	<ns0:analytic>
		<ns0:title level="a" type="main">The Impacts of Paper Properties on Matrix Effects during Paper Spray Mass Spectrometry Analysis of Prescription Drugs</ns0:title>
		<ns0:author>
			<ns0:persName><ns0:forename type="first">B</ns0:forename><ns0:forename type="middle">J</ns0:forename><ns0:surname>Bills</ns0:surname></ns0:persName>
		</ns0:author>
		<ns0:author>
			<ns0:persName><ns0:forename type="first">J</ns0:forename><ns0:surname>Kinkade</ns0:surname></ns0:persName>
		</ns0:author>
		<ns0:author>
			<ns0:persName><ns0:forename type="first">G</ns0:forename><ns0:surname>Ren</ns0:surname></ns0:persName>
		</ns0:author>
		<ns0:author>
			<ns0:persName><ns0:forename type="first">N</ns0:forename><ns0:forename type="middle">E</ns0:forename><ns0:surname>Manicke</ns0:surname></ns0:persName>
		</ns0:author>
	</ns0:analytic>
	<ns0:monogr>
		<ns0:title level="j">Fentanyl and Synthetic Cannabinoids. Forensic Chem</ns0:title>
		<ns0:imprint>
			<ns0:biblScope unit="volume">11</ns0:biblScope>
			<ns0:biblScope unit="page" from="15" to="22" />
			<ns0:date type="published" when="2018">2018</ns0:date>
		</ns0:imprint>
	</ns0:monogr>
</ns0:biblStruct>

<ns0:biblStruct xml:id="b18">
	<ns0:analytic>
		<ns0:title level="a" type="main">Breaching the 10 Second Barrier of Total Analysis Time for Complex Matrices via Automated Coated Blade Spray</ns0:title>
		<ns0:author>
			<ns0:persName><ns0:forename type="first">A</ns0:forename><ns0:surname>Kasperkiewicz</ns0:surname></ns0:persName>
		</ns0:author>
		<ns0:author>
			<ns0:persName><ns0:forename type="first">G</ns0:forename><ns0:forename type="middle">A</ns0:forename><ns0:surname>G&#243;mez-R&#237;os</ns0:surname></ns0:persName>
		</ns0:author>
		<ns0:author>
			<ns0:persName><ns0:forename type="first">D</ns0:forename><ns0:surname>Hein</ns0:surname></ns0:persName>
		</ns0:author>
		<ns0:author>
			<ns0:persName><ns0:forename type="first">J</ns0:forename><ns0:surname>Pawliszyn</ns0:surname></ns0:persName>
		</ns0:author>
		<ns0:author>
			<ns0:persName><ns0:forename type="first">Augusto</ns0:forename><ns0:surname>G&#243;mez-R&#237;os</ns0:surname></ns0:persName>
		</ns0:author>
		<ns0:author>
			<ns0:persName><ns0:forename type="first">G</ns0:forename><ns0:surname>Hein</ns0:surname></ns0:persName>
		</ns0:author>
		<ns0:author>
			<ns0:persName><ns0:forename type="first">D</ns0:forename><ns0:surname>Pawliszyn</ns0:surname></ns0:persName>
		</ns0:author>
		<ns0:author>
			<ns0:persName><ns0:forename type="first">J</ns0:forename></ns0:persName>
		</ns0:author>
	</ns0:analytic>
	<ns0:monogr>
		<ns0:title level="j">Anal. Chem</ns0:title>
		<ns0:imprint>
			<ns0:biblScope unit="issue">20</ns0:biblScope>
			<ns0:biblScope unit="page" from="13039" to="13046" />
			<ns0:date type="published" when="2019">2019</ns0:date>
		</ns0:imprint>
	</ns0:monogr>
</ns0:biblStruct>

<ns0:biblStruct xml:id="b19">
	<ns0:analytic>
		<ns0:title level="a" type="main">Application of Direct Analysis in Real Time Ionization-Mass Spectrometry (DART-MS) in Chicken Meat Metabolomics Aiming at the Retrospective Control of Feed Fraud</ns0:title>
		<ns0:author>
			<ns0:persName><ns0:forename type="first">T</ns0:forename><ns0:surname>Cajka</ns0:surname></ns0:persName>
		</ns0:author>
		<ns0:author>
			<ns0:persName><ns0:forename type="first">H</ns0:forename><ns0:surname>Danhelova</ns0:surname></ns0:persName>
		</ns0:author>
		<ns0:author>
			<ns0:persName><ns0:forename type="first">M</ns0:forename><ns0:surname>Zachariasova</ns0:surname></ns0:persName>
		</ns0:author>
		<ns0:author>
			<ns0:persName><ns0:forename type="first">K</ns0:forename><ns0:surname>Riddellova</ns0:surname></ns0:persName>
		</ns0:author>
		<ns0:author>
			<ns0:persName><ns0:forename type="first">J</ns0:forename><ns0:surname>Hajslova</ns0:surname></ns0:persName>
		</ns0:author>
	</ns0:analytic>
	<ns0:monogr>
		<ns0:title level="j">Metabolomics</ns0:title>
		<ns0:imprint>
			<ns0:biblScope unit="volume">2013</ns0:biblScope>
			<ns0:biblScope unit="issue">3</ns0:biblScope>
			<ns0:biblScope unit="page" from="545" to="557" />
		</ns0:imprint>
	</ns0:monogr>
</ns0:biblStruct>

<ns0:biblStruct xml:id="b20">
	<ns0:analytic>
		<ns0:title level="a" type="main">Development and Validation of a Fully Automated Solid Phase Microextraction High Throughput Method for Quantitative Analysis of Multiresidue Veterinary Drugs in Chicken Tissue</ns0:title>
		<ns0:author>
			<ns0:persName><ns0:forename type="first">A</ns0:forename><ns0:surname>Khaled</ns0:surname></ns0:persName>
		</ns0:author>
		<ns0:author>
			<ns0:persName><ns0:forename type="first">E</ns0:forename><ns0:surname>Gionfriddo</ns0:surname></ns0:persName>
		</ns0:author>
		<ns0:author>
			<ns0:persName><ns0:forename type="first">V</ns0:forename><ns0:surname>Acquaro</ns0:surname></ns0:persName>
		</ns0:author>
		<ns0:author>
			<ns0:persName><ns0:forename type="first">V</ns0:forename><ns0:surname>Singh</ns0:surname></ns0:persName>
		</ns0:author>
		<ns0:author>
			<ns0:persName><ns0:forename type="first">J</ns0:forename><ns0:surname>Pawliszyn</ns0:surname></ns0:persName>
		</ns0:author>
	</ns0:analytic>
	<ns0:monogr>
		<ns0:title level="j">Anal. Chim. Acta</ns0:title>
		<ns0:imprint>
			<ns0:biblScope unit="volume">1056</ns0:biblScope>
			<ns0:biblScope unit="page" from="34" to="46" />
			<ns0:date type="published" when="2019">2019</ns0:date>
		</ns0:imprint>
	</ns0:monogr>
</ns0:biblStruct>

<ns0:biblStruct xml:id="b21">
	<ns0:analytic>
		<ns0:title level="a" type="main">Comparison of Solid-Phase Microextraction to Solvent Extraction and QuEChERS for Quantitative Analysis of Veterinary Drug Residues in Chicken and Beef Matrices</ns0:title>
		<ns0:author>
			<ns0:persName><ns0:forename type="first">A</ns0:forename><ns0:surname>Khaled</ns0:surname></ns0:persName>
		</ns0:author>
		<ns0:author>
			<ns0:persName><ns0:forename type="first">V</ns0:forename><ns0:surname>Singh</ns0:surname></ns0:persName>
		</ns0:author>
		<ns0:author>
			<ns0:persName><ns0:forename type="first">J</ns0:forename><ns0:surname>Pawliszyn</ns0:surname></ns0:persName>
		</ns0:author>
	</ns0:analytic>
	<ns0:monogr>
		<ns0:title level="j">J. Agric. Food Chem</ns0:title>
		<ns0:imprint>
			<ns0:biblScope unit="volume">67</ns0:biblScope>
			<ns0:biblScope unit="page" from="12663" to="12669" />
			<ns0:date type="published" when="2019">2019</ns0:date>
		</ns0:imprint>
	</ns0:monogr>
</ns0:biblStruct>

<ns0:biblStruct xml:id="b22">
	<ns0:analytic>
		<ns0:title level="a" type="main">Biocompatible Solid-Phase Microextraction Coatings Based on Polyacrylonitrile and Solid-Phase Extraction Phases</ns0:title>
		<ns0:author>
			<ns0:persName><ns0:forename type="first">M</ns0:forename><ns0:forename type="middle">L</ns0:forename><ns0:surname>Musteata</ns0:surname></ns0:persName>
		</ns0:author>
		<ns0:author>
			<ns0:persName><ns0:forename type="first">F</ns0:forename><ns0:forename type="middle">M</ns0:forename><ns0:surname>Musteata</ns0:surname></ns0:persName>
		</ns0:author>
		<ns0:author>
			<ns0:persName><ns0:forename type="first">J</ns0:forename><ns0:surname>Pawliszyn</ns0:surname></ns0:persName>
		</ns0:author>
	</ns0:analytic>
	<ns0:monogr>
		<ns0:title level="j">Anal. Chem</ns0:title>
		<ns0:imprint>
			<ns0:biblScope unit="issue">18</ns0:biblScope>
			<ns0:biblScope unit="page" from="6903" to="6911" />
			<ns0:date type="published" when="2007">2007</ns0:date>
		</ns0:imprint>
	</ns0:monogr>
</ns0:biblStruct>

<ns0:biblStruct xml:id="b23">
	<ns0:analytic>
		<ns0:title level="a" type="main">Development of a Microfluidic Open Interface with Flow Isolated Desorption Volume for the Direct Coupling of SPME Devices to Mass Spectrometry</ns0:title>
		<ns0:author>
			<ns0:persName><ns0:forename type="first">M</ns0:forename><ns0:surname>Tascon</ns0:surname></ns0:persName>
		</ns0:author>
		<ns0:author>
			<ns0:persName><ns0:forename type="first">M</ns0:forename><ns0:forename type="middle">N</ns0:forename><ns0:surname>Alam</ns0:surname></ns0:persName>
		</ns0:author>
		<ns0:author>
			<ns0:persName><ns0:forename type="first">G</ns0:forename><ns0:forename type="middle">A</ns0:forename><ns0:surname>G&#243;mez-R&#237;os</ns0:surname></ns0:persName>
		</ns0:author>
		<ns0:author>
			<ns0:persName><ns0:forename type="first">J</ns0:forename><ns0:surname>Pawliszyn</ns0:surname></ns0:persName>
		</ns0:author>
	</ns0:analytic>
	<ns0:monogr>
		<ns0:title level="j">Anal. Chem</ns0:title>
		<ns0:imprint>
			<ns0:biblScope unit="volume">90</ns0:biblScope>
			<ns0:biblScope unit="issue">4</ns0:biblScope>
			<ns0:biblScope unit="page" from="2631" to="2638" />
			<ns0:date type="published" when="2018">2018</ns0:date>
		</ns0:imprint>
	</ns0:monogr>
</ns0:biblStruct>

<ns0:biblStruct xml:id="b24">
	<ns0:analytic>
		<ns0:title level="a" type="main">Direct Analysis in Real Time (DART) and Solid-Phase Microextraction (SPME) Transmission Mode (TM): A Suitable Platform for Analysis of Prohibited Substances in Small Volumes</ns0:title>
		<ns0:author>
			<ns0:persName><ns0:forename type="first">T</ns0:forename><ns0:surname>Vasiljevic</ns0:surname></ns0:persName>
		</ns0:author>
		<ns0:author>
			<ns0:persName><ns0:forename type="first">J</ns0:forename><ns0:surname>Pawliszyn</ns0:surname></ns0:persName>
		</ns0:author>
	</ns0:analytic>
	<ns0:monogr>
		<ns0:title level="j">Anal. Methods</ns0:title>
		<ns0:imprint>
			<ns0:biblScope unit="volume">11</ns0:biblScope>
			<ns0:biblScope unit="issue">30</ns0:biblScope>
			<ns0:biblScope unit="page" from="3882" to="3889" />
			<ns0:date type="published" when="2019">2019</ns0:date>
		</ns0:imprint>
	</ns0:monogr>
</ns0:biblStruct>

<ns0:biblStruct xml:id="b25">
	<ns0:analytic>
		<ns0:title level="a" type="main">Solid Phase Microextraction-Mass Spectrometry: Metanoia</ns0:title>
		<ns0:author>
			<ns0:persName><ns0:forename type="first">G</ns0:forename><ns0:forename type="middle">A</ns0:forename><ns0:surname>G&#243;mez-R&#237;os</ns0:surname></ns0:persName>
		</ns0:author>
		<ns0:author>
			<ns0:persName><ns0:forename type="first">M</ns0:forename><ns0:forename type="middle">F</ns0:forename><ns0:surname>Mirabelli</ns0:surname></ns0:persName>
		</ns0:author>
	</ns0:analytic>
	<ns0:monogr>
		<ns0:title level="j">TrAC Trends Anal. Chem</ns0:title>
		<ns0:imprint>
			<ns0:biblScope unit="volume">112</ns0:biblScope>
			<ns0:biblScope unit="page" from="201" to="211" />
			<ns0:date type="published" when="2019">2019</ns0:date>
		</ns0:imprint>
	</ns0:monogr>
</ns0:biblStruct>

<ns0:biblStruct xml:id="b26">
	<ns0:analytic>
		<ns0:title level="a" type="main">Advances in Solid Phase Microextraction and Perspective on Future Directions</ns0:title>
		<ns0:author>
			<ns0:persName><ns0:forename type="first">N</ns0:forename><ns0:surname>Reyes-Garc&#233;s</ns0:surname></ns0:persName>
		</ns0:author>
		<ns0:author>
			<ns0:persName><ns0:forename type="first">E</ns0:forename><ns0:surname>Gionfriddo</ns0:surname></ns0:persName>
		</ns0:author>
		<ns0:author>
			<ns0:persName><ns0:forename type="first">G</ns0:forename><ns0:forename type="middle">A</ns0:forename><ns0:surname>G&#243;mez-R&#237;os</ns0:surname></ns0:persName>
		</ns0:author>
		<ns0:author>
			<ns0:persName><ns0:forename type="first">M</ns0:forename><ns0:forename type="middle">N</ns0:forename><ns0:surname>Alam</ns0:surname></ns0:persName>
		</ns0:author>
		<ns0:author>
			<ns0:persName><ns0:forename type="first">E</ns0:forename><ns0:surname>Boyacl</ns0:surname></ns0:persName>
		</ns0:author>
		<ns0:author>
			<ns0:persName><ns0:forename type="first">B</ns0:forename><ns0:surname>Bojko</ns0:surname></ns0:persName>
		</ns0:author>
		<ns0:author>
			<ns0:persName><ns0:forename type="first">V</ns0:forename><ns0:surname>Singh</ns0:surname></ns0:persName>
		</ns0:author>
		<ns0:author>
			<ns0:persName><ns0:forename type="first">J</ns0:forename><ns0:surname>Grandy</ns0:surname></ns0:persName>
		</ns0:author>
		<ns0:author>
			<ns0:persName><ns0:forename type="first">J</ns0:forename><ns0:surname>Pawliszyn</ns0:surname></ns0:persName>
		</ns0:author>
	</ns0:analytic>
	<ns0:monogr>
		<ns0:title level="j">Anal. Chem</ns0:title>
		<ns0:imprint>
			<ns0:biblScope unit="volume">90</ns0:biblScope>
			<ns0:biblScope unit="issue">1</ns0:biblScope>
			<ns0:biblScope unit="page" from="302" to="360" />
			<ns0:date type="published" when="2018">2018</ns0:date>
		</ns0:imprint>
	</ns0:monogr>
</ns0:biblStruct>

<ns0:biblStruct xml:id="b27">
	<ns0:monogr>
		<ns0:author>
			<ns0:persName><ns0:forename type="first">Augusto</ns0:forename><ns0:surname>G&#243;mez-R&#237;os</ns0:surname></ns0:persName>
		</ns0:author>
		<ns0:author>
			<ns0:persName><ns0:forename type="first">G</ns0:forename><ns0:surname>Tascon</ns0:surname></ns0:persName>
		</ns0:author>
		<ns0:author>
			<ns0:persName><ns0:forename type="first">M</ns0:forename><ns0:surname>Reyes-Garc&#233;s</ns0:surname></ns0:persName>
		</ns0:author>
		<ns0:author>
			<ns0:persName><ns0:forename type="first">N</ns0:forename><ns0:surname>Boyac&#305;</ns0:surname></ns0:persName>
		</ns0:author>
		<ns0:author>
			<ns0:persName><ns0:forename type="first">E</ns0:forename><ns0:surname>Poole</ns0:surname></ns0:persName>
		</ns0:author>
		<ns0:author>
			<ns0:persName><ns0:forename type="first">J</ns0:forename><ns0:surname>Pawliszyn</ns0:surname></ns0:persName>
		</ns0:author>
		<ns0:author>
			<ns0:persName><ns0:forename type="first">J</ns0:forename></ns0:persName>
		</ns0:author>
		<ns0:title level="m">Quantitative Analysis of Biofluid Spots by Coated Blade Spray Mass Spectrometry, a New Approach to Rapid Screening OPEN</ns0:title>
		<ns0:imprint />
	</ns0:monogr>
</ns0:biblStruct>

<ns0:biblStruct xml:id="b28">
	<ns0:analytic>
		<ns0:title level="a" type="main">Development of Coated Blade Spray Ionization Mass Spectrometry for the Quantitation of Target Analytes Present in Complex Matrices</ns0:title>
		<ns0:author>
			<ns0:persName><ns0:forename type="first">G</ns0:forename><ns0:forename type="middle">A</ns0:forename><ns0:surname>G&#243;mez-R&#237;os</ns0:surname></ns0:persName>
		</ns0:author>
		<ns0:author>
			<ns0:persName><ns0:forename type="first">J</ns0:forename><ns0:surname>Pawliszyn</ns0:surname></ns0:persName>
		</ns0:author>
	</ns0:analytic>
	<ns0:monogr>
		<ns0:title level="j">Angew. Chemie -Int</ns0:title>
		<ns0:imprint>
			<ns0:biblScope unit="volume">53</ns0:biblScope>
			<ns0:biblScope unit="issue">52</ns0:biblScope>
			<ns0:biblScope unit="page" from="14503" to="14507" />
			<ns0:date type="published" when="2014">2014</ns0:date>
		</ns0:imprint>
	</ns0:monogr>
</ns0:biblStruct>

<ns0:biblStruct xml:id="b29">
	<ns0:analytic>
		<ns0:title level="a" type="main">Rapid Determination of Immunosuppressive Drug Concentrations in Whole Blood by Coated Blade Spray-Tandem Mass Spectrometry (CBS-MS/MS)</ns0:title>
		<ns0:author>
			<ns0:persName><ns0:forename type="first">G</ns0:forename><ns0:forename type="middle">A</ns0:forename><ns0:surname>G&#243;mez-R&#237;os</ns0:surname></ns0:persName>
		</ns0:author>
		<ns0:author>
			<ns0:persName><ns0:forename type="first">M</ns0:forename><ns0:surname>Tascon</ns0:surname></ns0:persName>
		</ns0:author>
		<ns0:author>
			<ns0:persName><ns0:forename type="first">N</ns0:forename><ns0:surname>Reyes-Garc&#233;s</ns0:surname></ns0:persName>
		</ns0:author>
		<ns0:author>
			<ns0:persName><ns0:forename type="first">E</ns0:forename><ns0:surname>Boyac&#305;</ns0:surname></ns0:persName>
		</ns0:author>
		<ns0:author>
			<ns0:persName><ns0:forename type="first">J</ns0:forename><ns0:forename type="middle">J</ns0:forename><ns0:surname>Poole</ns0:surname></ns0:persName>
		</ns0:author>
		<ns0:author>
			<ns0:persName><ns0:forename type="first">J</ns0:forename><ns0:surname>Pawliszyn</ns0:surname></ns0:persName>
		</ns0:author>
	</ns0:analytic>
	<ns0:monogr>
		<ns0:title level="j">Anal. Chim. Acta</ns0:title>
		<ns0:imprint>
			<ns0:biblScope unit="volume">999</ns0:biblScope>
			<ns0:biblScope unit="page" from="69" to="75" />
			<ns0:date type="published" when="2018">2018</ns0:date>
		</ns0:imprint>
	</ns0:monogr>
</ns0:biblStruct>

<ns0:biblStruct xml:id="b30">
	<ns0:analytic>
		<ns0:title level="a" type="main">Paper Spray Ionization Devices for Direct</ns0:title>
		<ns0:author>
			<ns0:persName><ns0:forename type="first">Q</ns0:forename><ns0:surname>Yang</ns0:surname></ns0:persName>
		</ns0:author>
		<ns0:author>
			<ns0:persName><ns0:forename type="first">H</ns0:forename><ns0:surname>Wang</ns0:surname></ns0:persName>
		</ns0:author>
		<ns0:author>
			<ns0:persName><ns0:forename type="first">J</ns0:forename><ns0:forename type="middle">D</ns0:forename><ns0:surname>Maas</ns0:surname></ns0:persName>
		</ns0:author>
		<ns0:author>
			<ns0:persName><ns0:forename type="first">W</ns0:forename><ns0:forename type="middle">J</ns0:forename><ns0:surname>Chappell</ns0:surname></ns0:persName>
		</ns0:author>
		<ns0:author>
			<ns0:persName><ns0:forename type="first">N</ns0:forename><ns0:forename type="middle">E</ns0:forename><ns0:surname>Manicke</ns0:surname></ns0:persName>
		</ns0:author>
		<ns0:author>
			<ns0:persName><ns0:forename type="first">R</ns0:forename><ns0:forename type="middle">G</ns0:forename><ns0:surname>Cooks</ns0:surname></ns0:persName>
		</ns0:author>
		<ns0:author>
			<ns0:persName><ns0:forename type="first">Z</ns0:forename><ns0:surname>Ouyang</ns0:surname></ns0:persName>
		</ns0:author>
	</ns0:analytic>
	<ns0:monogr>
		<ns0:title level="j">Biomedical Analysis Using Mass Spectrometry. Int. J. Mass Spectrom</ns0:title>
		<ns0:imprint>
			<ns0:biblScope unit="volume">312</ns0:biblScope>
			<ns0:biblScope unit="page" from="201" to="207" />
			<ns0:date type="published" when="2012">2012</ns0:date>
		</ns0:imprint>
	</ns0:monogr>
</ns0:biblStruct>

<ns0:biblStruct xml:id="b31">
	<ns0:analytic>
		<ns0:title level="a" type="main">Rapid Screening of Multi-Class Antimicrobial Residues in Food of Animal Origin by Paper Spray Mass Spectrometry</ns0:title>
		<ns0:author>
			<ns0:persName><ns0:forename type="first">Y</ns0:forename><ns0:surname>Su</ns0:surname></ns0:persName>
		</ns0:author>
		<ns0:author>
			<ns0:persName><ns0:forename type="first">X</ns0:forename><ns0:surname>Ma</ns0:surname></ns0:persName>
		</ns0:author>
		<ns0:author>
			<ns0:persName><ns0:forename type="first">Z</ns0:forename><ns0:surname>Ouyang</ns0:surname></ns0:persName>
		</ns0:author>
	</ns0:analytic>
	<ns0:monogr>
		<ns0:title level="j">Int. J. Mass Spectrom</ns0:title>
		<ns0:imprint>
			<ns0:biblScope unit="volume">434</ns0:biblScope>
			<ns0:biblScope unit="page" from="233" to="239" />
			<ns0:date type="published" when="2018">2018</ns0:date>
		</ns0:imprint>
	</ns0:monogr>
</ns0:biblStruct>

<ns0:biblStruct xml:id="b32">
	<ns0:analytic>
		<ns0:author>
			<ns0:persName><ns0:forename type="first">D</ns0:forename><ns0:forename type="middle">A</ns0:forename><ns0:surname>Rickert</ns0:surname></ns0:persName>
		</ns0:author>
		<ns0:author>
			<ns0:persName><ns0:forename type="first">G</ns0:forename><ns0:forename type="middle">A</ns0:forename><ns0:surname>G&#243;mez-R&#237;os</ns0:surname></ns0:persName>
		</ns0:author>
		<ns0:author>
			<ns0:persName><ns0:forename type="first">E</ns0:forename><ns0:surname>Nazdraji&#263;</ns0:surname></ns0:persName>
		</ns0:author>
		<ns0:author>
			<ns0:persName><ns0:forename type="first">M</ns0:forename><ns0:surname>Tascon</ns0:surname></ns0:persName>
		</ns0:author>
		<ns0:author>
			<ns0:persName><ns0:forename type="first">V</ns0:forename><ns0:surname>Kulasingam</ns0:surname></ns0:persName>
		</ns0:author>
		<ns0:author>
			<ns0:persName><ns0:forename type="first">J</ns0:forename><ns0:forename type="middle">B</ns0:forename><ns0:surname>Pawliszyn</ns0:surname></ns0:persName>
		</ns0:author>
	</ns0:analytic>
	<ns0:monogr>
		<ns0:title level="m">Evaluation of a Coated Blade Spray-Tandem Mass Spectrometry Assay as a New Tool for the Determination of Immunosuppressive Drugs in Whole Blood</ns0:title>
		<ns0:imprint>
			<ns0:biblScope unit="volume">2020</ns0:biblScope>
			<ns0:biblScope unit="page" from="1" to="10" />
		</ns0:imprint>
	</ns0:monogr>
</ns0:biblStruct>

<ns0:biblStruct xml:id="b33">
	<ns0:monogr>
		<ns0:author>
			<ns0:persName><ns0:surname>Fsis-Usda</ns0:surname></ns0:persName>
		</ns0:author>
		<ns0:idno>MRM1.pdf?MOD=AJPERES</ns0:idno>
		<ns0:ptr target="https://www.fsis.usda.gov/wps/wcm/connect/b" />
		<ns0:title level="m">Screening and Confirmation of Animal Drug Residues by UHPLC-MS-MS</ns0:title>
		<ns0:imprint>
			<ns0:date type="published" when="2019">9d45c8b-74d4-4e99-8eda-5453812eb237. accessed Dec 27, 2019</ns0:date>
		</ns0:imprint>
	</ns0:monogr>
</ns0:biblStruct>

<ns0:biblStruct xml:id="b34">
	<ns0:monogr>
		<ns0:author>
			<ns0:persName><ns0:forename type="first">Health</ns0:forename><ns0:surname>Canada</ns0:surname></ns0:persName>
		</ns0:author>
		<ns0:ptr target="https://www.canada.ca/content/dam/hc-sc/migration/hc-sc/dhp-mps/alt_formats/pdf/vet/mrl-lmr/mrl-lmr_versus_new-nouveau-20170802-eng.pdf" />
		<ns0:title level="m">List of Maximum Residue Limits (MRLs) for Veterinary Drugs in Foods</ns0:title>
		<ns0:imprint>
			<ns0:date type="published" when="2018-12-03">Dec 3, 2018</ns0:date>
		</ns0:imprint>
	</ns0:monogr>
</ns0:biblStruct>

<ns0:biblStruct xml:id="b35">
	<ns0:monogr>
		<ns0:title level="m" type="main">Simultaneous Analysis of Aminoglycosides with Many Other Classes of Drug Residues in Bovine Tissues by Ultrahigh-Performance Liquid</ns0:title>
		<ns0:author>
			<ns0:persName><ns0:forename type="first">S</ns0:forename><ns0:forename type="middle">J</ns0:forename><ns0:surname>Lehotay</ns0:surname></ns0:persName>
		</ns0:author>
		<ns0:author>
			<ns0:persName><ns0:forename type="first">A</ns0:forename><ns0:forename type="middle">R</ns0:forename><ns0:surname>Lightfield</ns0:surname></ns0:persName>
		</ns0:author>
		<ns0:imprint />
	</ns0:monogr>
</ns0:biblStruct>

<ns0:biblStruct xml:id="b36">
	<ns0:analytic>
		<ns0:title level="a" type="main">Chromatography-Tandem Mass Spectrometry Using an Ion-Pairing Reagent Added to Final Extracts</ns0:title>
	</ns0:analytic>
	<ns0:monogr>
		<ns0:title level="j">Anal. Bioanal. Chem</ns0:title>
		<ns0:imprint>
			<ns0:biblScope unit="volume">410</ns0:biblScope>
			<ns0:biblScope unit="issue">3</ns0:biblScope>
			<ns0:biblScope unit="page" from="1095" to="1109" />
			<ns0:date type="published" when="2018">2018</ns0:date>
		</ns0:imprint>
	</ns0:monogr>
</ns0:biblStruct>

<ns0:biblStruct xml:id="b37">
	<ns0:analytic>
		<ns0:title level="a" type="main">Rapid Polarity Switching Method for Determination of 30 Pharmaceuticals and Personal Care Products in Waste Water Using Q-Exactive Orbitrap High Resolution Accurate Mass Spectrometry</ns0:title>
		<ns0:author>
			<ns0:persName><ns0:forename type="first">M</ns0:forename><ns0:surname>Abou-Elwafa Abdallah</ns0:surname></ns0:persName>
		</ns0:author>
		<ns0:author>
			<ns0:persName><ns0:forename type="first">K</ns0:forename><ns0:forename type="middle">H</ns0:forename><ns0:surname>Nguyen</ns0:surname></ns0:persName>
		</ns0:author>
		<ns0:author>
			<ns0:persName><ns0:forename type="first">A</ns0:forename><ns0:forename type="middle">J</ns0:forename><ns0:surname>Ebele</ns0:surname></ns0:persName>
		</ns0:author>
		<ns0:author>
			<ns0:persName><ns0:forename type="first">N</ns0:forename><ns0:forename type="middle">N</ns0:forename><ns0:surname>Atia</ns0:surname></ns0:persName>
		</ns0:author>
		<ns0:author>
			<ns0:persName><ns0:forename type="first">H</ns0:forename><ns0:forename type="middle">R H</ns0:forename><ns0:surname>Ali</ns0:surname></ns0:persName>
		</ns0:author>
		<ns0:author>
			<ns0:persName><ns0:forename type="first">S</ns0:forename><ns0:forename type="middle">A</ns0:forename><ns0:surname>Harrad</ns0:surname></ns0:persName>
		</ns0:author>
		<ns0:author>
			<ns0:persName><ns0:surname>Single Run</ns0:surname></ns0:persName>
		</ns0:author>
	</ns0:analytic>
	<ns0:monogr>
		<ns0:title level="j">J. Chromatogr. A</ns0:title>
		<ns0:imprint>
			<ns0:biblScope unit="page" from="68" to="76" />
			<ns0:date type="published" when="1588">2019. 1588</ns0:date>
		</ns0:imprint>
	</ns0:monogr>
</ns0:biblStruct>

<ns0:biblStruct xml:id="b38">
	<ns0:analytic>
		<ns0:title level="a" type="main">Automated Solid-Phase Microextraction and Thin-Film Microextraction for High-Throughput Analysis of Biological Fluids and Ligand-Receptor Binding Studies</ns0:title>
		<ns0:author>
			<ns0:persName><ns0:forename type="first">D</ns0:forename><ns0:surname>Vuckovic</ns0:surname></ns0:persName>
		</ns0:author>
		<ns0:author>
			<ns0:persName><ns0:forename type="first">E</ns0:forename><ns0:surname>Cudjoe</ns0:surname></ns0:persName>
		</ns0:author>
		<ns0:author>
			<ns0:persName><ns0:forename type="first">F</ns0:forename><ns0:forename type="middle">M</ns0:forename><ns0:surname>Musteata</ns0:surname></ns0:persName>
		</ns0:author>
		<ns0:author>
			<ns0:persName><ns0:forename type="first">J</ns0:forename><ns0:surname>Pawliszyn</ns0:surname></ns0:persName>
		</ns0:author>
	</ns0:analytic>
	<ns0:monogr>
		<ns0:title level="j">Nat. Protoc</ns0:title>
		<ns0:imprint>
			<ns0:biblScope unit="volume">5</ns0:biblScope>
			<ns0:biblScope unit="issue">1</ns0:biblScope>
			<ns0:biblScope unit="page" from="140" to="161" />
			<ns0:date type="published" when="2010">2010</ns0:date>
		</ns0:imprint>
	</ns0:monogr>
</ns0:biblStruct>

<ns0:biblStruct xml:id="b39">
	<ns0:analytic>
		<ns0:title level="a" type="main">Metabolite Measurement: Pitfalls to Avoid and Practices to Follow</ns0:title>
		<ns0:author>
			<ns0:persName><ns0:forename type="first">W</ns0:forename><ns0:surname>Lu</ns0:surname></ns0:persName>
		</ns0:author>
		<ns0:author>
			<ns0:persName><ns0:forename type="first">X</ns0:forename><ns0:surname>Su</ns0:surname></ns0:persName>
		</ns0:author>
		<ns0:author>
			<ns0:persName><ns0:forename type="first">M</ns0:forename><ns0:forename type="middle">S</ns0:forename><ns0:surname>Klein</ns0:surname></ns0:persName>
		</ns0:author>
		<ns0:author>
			<ns0:persName><ns0:forename type="first">I</ns0:forename><ns0:forename type="middle">A</ns0:forename><ns0:surname>Lewis</ns0:surname></ns0:persName>
		</ns0:author>
		<ns0:author>
			<ns0:persName><ns0:forename type="first">O</ns0:forename><ns0:surname>Fiehn</ns0:surname></ns0:persName>
		</ns0:author>
		<ns0:author>
			<ns0:persName><ns0:forename type="first">J</ns0:forename><ns0:forename type="middle">D</ns0:forename><ns0:surname>Rabinowitz</ns0:surname></ns0:persName>
		</ns0:author>
	</ns0:analytic>
	<ns0:monogr>
		<ns0:title level="j">Annu. Rev. Biochem</ns0:title>
		<ns0:imprint>
			<ns0:biblScope unit="volume">86</ns0:biblScope>
			<ns0:biblScope unit="page" from="277" to="304" />
			<ns0:date type="published" when="2017">2017</ns0:date>
		</ns0:imprint>
	</ns0:monogr>
</ns0:biblStruct>

<ns0:biblStruct xml:id="b40">
	<ns0:analytic>
		<ns0:title level="a" type="main">A Global Inter-Laboratory Study to Assess Acquisition Modes for Multi-Compound Confirmatory Analysis of Veterinary Drugs Using Liquid Chromatography Coupled to Triple Quadrupole</ns0:title>
		<ns0:author>
			<ns0:persName><ns0:forename type="first">Bjorn</ns0:forename><ns0:forename type="middle">J A</ns0:forename><ns0:surname>Berendsen</ns0:surname></ns0:persName>
		</ns0:author>
		<ns0:author>
			<ns0:persName><ns0:forename type="first">T</ns0:forename><ns0:surname>Meijer</ns0:surname></ns0:persName>
		</ns0:author>
		<ns0:author>
			<ns0:persName><ns0:forename type="first">Mol</ns0:forename><ns0:surname>Hans</ns0:surname></ns0:persName>
		</ns0:author>
		<ns0:author>
			<ns0:persName><ns0:forename type="first">G</ns0:forename><ns0:surname>Van Ginkel</ns0:surname></ns0:persName>
		</ns0:author>
		<ns0:author>
			<ns0:persName><ns0:forename type="first">L</ns0:forename></ns0:persName>
		</ns0:author>
		<ns0:author>
			<ns0:persName><ns0:forename type="first">N</ns0:forename><ns0:forename type="middle">M W</ns0:forename></ns0:persName>
		</ns0:author>
	</ns0:analytic>
	<ns0:monogr>
		<ns0:title level="j">Anal. Chim. Acta</ns0:title>
		<ns0:imprint>
			<ns0:biblScope unit="volume">962</ns0:biblScope>
			<ns0:biblScope unit="page" from="60" to="70" />
			<ns0:date type="published" when="2017">2017</ns0:date>
		</ns0:imprint>
	</ns0:monogr>
</ns0:biblStruct>

<ns0:biblStruct xml:id="b41">
	<ns0:analytic>
		<ns0:title level="a" type="main">A Critical Assessment of the Performance Criteria in Confirmatory Analysis for Veterinary Drug Residue Analysis Using Mass Spectrometric Detection in Selected Reaction Monitoring Mode</ns0:title>
		<ns0:author>
			<ns0:persName><ns0:forename type="first">B</ns0:forename><ns0:forename type="middle">J A</ns0:forename><ns0:surname>Berendsen</ns0:surname></ns0:persName>
		</ns0:author>
		<ns0:author>
			<ns0:persName><ns0:forename type="first">T</ns0:forename><ns0:surname>Meijer</ns0:surname></ns0:persName>
		</ns0:author>
		<ns0:author>
			<ns0:persName><ns0:forename type="first">R</ns0:forename><ns0:surname>Wegh</ns0:surname></ns0:persName>
		</ns0:author>
		<ns0:author>
			<ns0:persName><ns0:forename type="first">H</ns0:forename><ns0:forename type="middle">G J</ns0:forename><ns0:surname>Mol</ns0:surname></ns0:persName>
		</ns0:author>
		<ns0:author>
			<ns0:persName><ns0:forename type="first">W</ns0:forename><ns0:forename type="middle">G</ns0:forename><ns0:surname>Smyth</ns0:surname></ns0:persName>
		</ns0:author>
		<ns0:author>
			<ns0:persName><ns0:forename type="first">S</ns0:forename><ns0:surname>Armstrong Hewitt</ns0:surname></ns0:persName>
		</ns0:author>
		<ns0:author>
			<ns0:persName><ns0:forename type="first">L</ns0:forename><ns0:surname>Van Ginkel</ns0:surname></ns0:persName>
		</ns0:author>
		<ns0:author>
			<ns0:persName><ns0:forename type="first">M</ns0:forename><ns0:forename type="middle">W F</ns0:forename><ns0:surname>Nielen</ns0:surname></ns0:persName>
		</ns0:author>
	</ns0:analytic>
	<ns0:monogr>
		<ns0:title level="j">Drug Test. Anal</ns0:title>
		<ns0:imprint>
			<ns0:biblScope unit="volume">8</ns0:biblScope>
			<ns0:biblScope unit="issue">5-6</ns0:biblScope>
			<ns0:biblScope unit="page" from="477" to="490" />
			<ns0:date type="published" when="2016">2016</ns0:date>
		</ns0:imprint>
	</ns0:monogr>
</ns0:biblStruct>

<ns0:biblStruct xml:id="b42">
	<ns0:analytic>
		<ns0:title level="a" type="main">Reliability of Veterinary Drug Residue Confirmation: High Resolution Mass Spectrometry versus Tandem Mass Spectrometry</ns0:title>
		<ns0:author>
			<ns0:persName><ns0:forename type="first">A</ns0:forename><ns0:surname>Kaufmann</ns0:surname></ns0:persName>
		</ns0:author>
		<ns0:author>
			<ns0:persName><ns0:forename type="first">P</ns0:forename><ns0:surname>Butcher</ns0:surname></ns0:persName>
		</ns0:author>
		<ns0:author>
			<ns0:persName><ns0:forename type="first">K</ns0:forename><ns0:surname>Maden</ns0:surname></ns0:persName>
		</ns0:author>
		<ns0:author>
			<ns0:persName><ns0:forename type="first">S</ns0:forename><ns0:surname>Walker</ns0:surname></ns0:persName>
		</ns0:author>
		<ns0:author>
			<ns0:persName><ns0:forename type="first">M</ns0:forename><ns0:surname>Widmer</ns0:surname></ns0:persName>
		</ns0:author>
	</ns0:analytic>
	<ns0:monogr>
		<ns0:title level="j">Anal. Chim. Acta</ns0:title>
		<ns0:imprint>
			<ns0:biblScope unit="volume">856</ns0:biblScope>
			<ns0:biblScope unit="page" from="54" to="67" />
			<ns0:date type="published" when="2015">2015</ns0:date>
		</ns0:imprint>
	</ns0:monogr>
</ns0:biblStruct>

<ns0:biblStruct xml:id="b43">
	<ns0:analytic>
		<ns0:title level="a" type="main">Establishing Analytical Performance Criteria for the Global Reconnaissance of Antibiotics and Other Pharmaceutical Residues in the Aquatic Environment Using Liquid Chromatography-Tandem Mass Spectrometry</ns0:title>
		<ns0:author>
			<ns0:persName><ns0:forename type="first">L</ns0:forename><ns0:forename type="middle">F</ns0:forename><ns0:surname>Angeles</ns0:surname></ns0:persName>
		</ns0:author>
		<ns0:author>
			<ns0:persName><ns0:forename type="first">D</ns0:forename><ns0:forename type="middle">S</ns0:forename><ns0:surname>Aga</ns0:surname></ns0:persName>
		</ns0:author>
	</ns0:analytic>
	<ns0:monogr>
		<ns0:title level="j">J. Anal. Methods Chem</ns0:title>
		<ns0:imprint>
			<ns0:date type="published" when="2018">2018. 2018</ns0:date>
		</ns0:imprint>
	</ns0:monogr>
</ns0:biblStruct>

<ns0:biblStruct xml:id="b44">
	<ns0:analytic>
		<ns0:title level="a" type="main">Identification in Residue Analysis Based on Liquid Chromatography with Tandem Mass Spectrometry: Experimental Evidence to Update Performance Criteria</ns0:title>
		<ns0:author>
			<ns0:persName><ns0:forename type="first">H</ns0:forename><ns0:forename type="middle">G J J</ns0:forename><ns0:surname>Mol</ns0:surname></ns0:persName>
		</ns0:author>
		<ns0:author>
			<ns0:persName><ns0:forename type="first">P</ns0:forename><ns0:surname>Zomer</ns0:surname></ns0:persName>
		</ns0:author>
		<ns0:author>
			<ns0:persName><ns0:forename type="first">M</ns0:forename><ns0:surname>Garc&#237;a L&#243;pez</ns0:surname></ns0:persName>
		</ns0:author>
		<ns0:author>
			<ns0:persName><ns0:forename type="first">R</ns0:forename><ns0:forename type="middle">J</ns0:forename><ns0:surname>Fussell</ns0:surname></ns0:persName>
		</ns0:author>
		<ns0:author>
			<ns0:persName><ns0:forename type="first">J</ns0:forename><ns0:surname>Scholten</ns0:surname></ns0:persName>
		</ns0:author>
		<ns0:author>
			<ns0:persName><ns0:forename type="first">A</ns0:forename><ns0:surname>De Kok</ns0:surname></ns0:persName>
		</ns0:author>
		<ns0:author>
			<ns0:persName><ns0:forename type="first">A</ns0:forename><ns0:surname>Wolheim</ns0:surname></ns0:persName>
		</ns0:author>
		<ns0:author>
			<ns0:persName><ns0:forename type="first">M</ns0:forename><ns0:surname>Anastassiades</ns0:surname></ns0:persName>
		</ns0:author>
		<ns0:author>
			<ns0:persName><ns0:forename type="first">A</ns0:forename><ns0:surname>Lozano</ns0:surname></ns0:persName>
		</ns0:author>
		<ns0:author>
			<ns0:persName><ns0:forename type="first">A</ns0:forename><ns0:surname>Fernandez Alba</ns0:surname></ns0:persName>
		</ns0:author>
	</ns0:analytic>
	<ns0:monogr>
		<ns0:title level="j">Anal. Chim. Acta</ns0:title>
		<ns0:imprint>
			<ns0:biblScope unit="volume">873</ns0:biblScope>
			<ns0:biblScope unit="page" from="1" to="13" />
			<ns0:date type="published" when="2015">2015</ns0:date>
		</ns0:imprint>
	</ns0:monogr>
</ns0:biblStruct>

<ns0:biblStruct xml:id="b45">
	<ns0:monogr>
		<ns0:title level="m" type="main">Table of Contents Artwork</ns0:title>
		<ns0:imprint />
	</ns0:monogr>
</ns0:biblStruct>

				</ns0:listBibl>
			</ns0:div>
		</ns0:back>
	</ns0:text>
</ns0:TEI>