<ns0:TEI xmlns:ns0="http://www.tei-c.org/ns/1.0" xmlns:xsi="http://www.w3.org/2001/XMLSchema-instance" xml:space="preserve" xsi:schemaLocation="http://www.tei-c.org/ns/1.0 https://raw.githubusercontent.com/kermitt2/grobid/master/grobid-home/schemas/xsd/Grobid.xsd">
	<ns0:teiHeader xml:lang="en">
		<ns0:fileDesc>
			<ns0:titleStmt>
				<ns0:title level="a" type="main">Comparative Studies of Carbon Nanomaterial and &#947;-Alumina as Supports for the Ni-Mo Catalyst in Hydrotreating of Gas Oils</ns0:title>
			</ns0:titleStmt>
			<ns0:publicationStmt>
				<ns0:publisher />
				<ns0:availability status="unknown"><ns0:licence /></ns0:availability>
				<ns0:date type="published" when="2021-03-17">March 17, 2021</ns0:date>
			</ns0:publicationStmt>
			<ns0:sourceDesc>
				<ns0:biblStruct>
					<ns0:analytic>
						<ns0:author>
							<ns0:persName><ns0:forename type="first">Emma</ns0:forename><ns0:surname>Aryee</ns0:surname></ns0:persName>
						</ns0:author>
						<ns0:author>
							<ns0:persName><ns0:forename type="first">Joseph</ns0:forename><ns0:surname>Essilfie-Dughan</ns0:surname></ns0:persName>
						</ns0:author>
						<ns0:author role="corresp">
							<ns0:persName><ns0:forename type="first">Ajay</ns0:forename><ns0:forename type="middle">K</ns0:forename><ns0:surname>Dalai</ns0:surname></ns0:persName>
							<ns0:email>ajay.dalai@usask.ca</ns0:email>
						</ns0:author>
						<ns0:author>
							<ns0:persName><ns0:forename type="first">John</ns0:forename><ns0:surname>Adjaye</ns0:surname></ns0:persName>
						</ns0:author>
						<ns0:author>
							<ns0:affiliation key="aff0">
								<ns0:orgName type="department">Department of Chemical and Biological Engineering</ns0:orgName>
								<ns0:orgName type="laboratory">-Catalysis and Chemical Reaction Engineering Laboratories</ns0:orgName>
								<ns0:orgName type="institution">University of Saskatchewan</ns0:orgName>
								<ns0:address>
									<ns0:postCode>S7N 5A9, 0000-0003-2092-4078</ns0:postCode>
									<ns0:settlement>Saskatoon</ns0:settlement>
									<ns0:region>SK</ns0:region>
									<ns0:country key="CA">Canada</ns0:country>
								</ns0:address>
							</ns0:affiliation>
						</ns0:author>
						<ns0:author>
							<ns0:affiliation key="aff1">
								<ns0:orgName type="department">Department of Chemical and Biological Engineering</ns0:orgName>
								<ns0:orgName type="laboratory">-Catalysis and Chemical Reaction Engineering Laboratories</ns0:orgName>
								<ns0:orgName type="institution">University of Saskatchewan</ns0:orgName>
								<ns0:address>
									<ns0:postCode>S7N 5A9</ns0:postCode>
									<ns0:settlement>Saskatoon</ns0:settlement>
									<ns0:region>SK</ns0:region>
									<ns0:country key="CA">Canada</ns0:country>
								</ns0:address>
							</ns0:affiliation>
						</ns0:author>
						<ns0:author>
							<ns0:affiliation key="aff2">
								<ns0:orgName type="department">Department of Geological Sciences</ns0:orgName>
								<ns0:orgName type="institution">Joseph Essilfie-Dughan</ns0:orgName>
							</ns0:affiliation>
						</ns0:author>
						<ns0:author>
							<ns0:affiliation key="aff3">
								<ns0:orgName type="institution">University of Saskatchewan</ns0:orgName>
								<ns0:address>
									<ns0:postCode>S7N 5E2</ns0:postCode>
									<ns0:settlement>Saskatoon</ns0:settlement>
									<ns0:region>SK</ns0:region>
									<ns0:country key="CA">Canada</ns0:country>
								</ns0:address>
							</ns0:affiliation>
						</ns0:author>
						<ns0:author>
							<ns0:affiliation key="aff4">
								<ns0:orgName type="department">Syncrude Edmonton Research Centre</ns0:orgName>
								<ns0:address>
									<ns0:postCode>T6N 1H4</ns0:postCode>
									<ns0:settlement>Edmonton</ns0:settlement>
									<ns0:region>AB</ns0:region>
									<ns0:country key="CA">Canada</ns0:country>
								</ns0:address>
							</ns0:affiliation>
						</ns0:author>
						<ns0:title level="a" type="main">Comparative Studies of Carbon Nanomaterial and &#947;-Alumina as Supports for the Ni-Mo Catalyst in Hydrotreating of Gas Oils</ns0:title>
					</ns0:analytic>
					<ns0:monogr>
						<ns0:imprint>
							<ns0:date type="published" when="2021-03-17">March 17, 2021</ns0:date>
						</ns0:imprint>
					</ns0:monogr>
					<ns0:idno type="DOI">10.1021/acs.energyfuels.0c02394</ns0:idno>
					<ns0:note type="submission">Received: October 23, 2020 Revised: January 13, 2021</ns0:note>
				</ns0:biblStruct>
			</ns0:sourceDesc>
		</ns0:fileDesc>
		<ns0:encodingDesc>
			<ns0:appInfo>
				<ns0:application version="0.7.3" ident="GROBID" when="2023-07-24T16:59+0000">
					<ns0:desc>GROBID - A machine learning software for extracting information from scholarly documents</ns0:desc>
					<ns0:ref target="https://github.com/kermitt2/grobid" />
				</ns0:application>
			</ns0:appInfo>
		</ns0:encodingDesc>
		<ns0:profileDesc>
			<ns0:abstract>
<ns0:div><ns0:p>Carbon nanohorns (CNH), other carbon particles (OCP), fine fractions of other carbon particles (OCP f ), carbon nanotubes (CNT), and &#947;-alumina (&#947;-Al 2 O 3 ) were utilized as support materials for the Ni-Mo catalyst in this study to test the influence of the support on hydrotreating efficiency using light gas oil (LGO) and identify the cause of disparity in activity from these various catalyst supports. OCP and OCP f are the main byproducts obtained during the production of CNH. The influence of the support on the hydrotreating catalyst is significant and includes enhancement of textural properties, active phase dispersion, and catalyst reducibility. The hydrodenitrogenation activities of all of the different supported catalysts with light gas oil are presented and correlated with their physicochemical properties. Among all of the carbon-supported catalysts used, the NiMo/ CNH catalyst exhibited outstanding physicochemical properties, and as such, its hydrodesulfurization activity of 89% dominated that of NiMo/OCP f (78%), NiMo/OCP (67%), and NiMo/CNT (73%) catalysts. The pore volume, pore diameter, and surface area of the NiMo/CNH catalyst was 0.42 cm 3 /g, 10.9 nm, and 350 m 2 /g, respectively. The percentage metal dispersion of the NiMo/CNH catalyst was 8.0% and was about twice that of the NiMo/OCP f and NiMo/CNT catalysts. X-ray absorption spectroscopy (XAS) analysis confirmed that the carbon-supported catalysts exhibited a distorted octahedral Mo coordination environment, whereas the NiMo/&#947;-Al 2 O 3 catalyst exhibited a mixture of octahedral and tetrahedral Mo environment. From XAS results, it was apparent that the possession of a Mo octahedral coordination environment does not always translate to attainment of highest hydrodesulfurization (HDS) and hydrodenitrogenation (HDN) activities.</ns0:p></ns0:div>
			</ns0:abstract>
		</ns0:profileDesc>
	</ns0:teiHeader>
	<ns0:text xml:lang="en">
		<ns0:back>

			<ns0:div type="acknowledgement">
<ns0:div><ns0:head>&#9632; ACKNOWLEDGMENTS</ns0:head><ns0:p>The authors gratefully acknowledge Syncrude, MITACS, and Natural Sciences and Engineering Research Council of Canada (NSERC) for providing the necessary financial support. Also, the authors are indebted to Canadian Light Source (CLS) for allowing us to use their facility for XAS analysis.</ns0:p></ns0:div>
			</ns0:div>

			<ns0:div type="references">

				<ns0:listBibl>

<ns0:biblStruct xml:id="b0">
	<ns0:analytic>
		<ns0:title level="a" type="main">Temperature programmed reduction of SiO 2 -Al 2 O 3 supported Ni, Mo and NiMo catalysts prepared with EDTA</ns0:title>
		<ns0:author>
			<ns0:persName><ns0:forename type="first">K</ns0:forename><ns0:surname>Al-Dalama</ns0:surname></ns0:persName>
		</ns0:author>
		<ns0:author>
			<ns0:persName><ns0:forename type="first">A</ns0:forename><ns0:surname>Stanislaus</ns0:surname></ns0:persName>
		</ns0:author>
		<ns0:idno type="DOI">10.1016/j.tca.2011.03.017</ns0:idno>
	</ns0:analytic>
	<ns0:monogr>
		<ns0:title level="j">Thermochim. Acta</ns0:title>
		<ns0:imprint>
			<ns0:biblScope unit="volume">520</ns0:biblScope>
			<ns0:biblScope unit="page" from="67" to="74" />
			<ns0:date type="published" when="2011">2011</ns0:date>
		</ns0:imprint>
	</ns0:monogr>
</ns0:biblStruct>

<ns0:biblStruct xml:id="b1">
	<ns0:analytic>
		<ns0:title level="a" type="main">International fuel quality standards and their implications for Australian standards</ns0:title>
		<ns0:author>
			<ns0:persName><ns0:surname>Hartenergy</ns0:surname></ns0:persName>
		</ns0:author>
		<ns0:ptr target="https://www.environment.gov.au/system/files/resources/f" />
	</ns0:analytic>
	<ns0:monogr>
		<ns0:title level="j">Hart Energy Research and Consulting</ns0:title>
		<ns0:imprint>
			<ns0:date type="published" when="2014">2014</ns0:date>
		</ns0:imprint>
	</ns0:monogr>
	<ns0:note>83ff2dc-87a7-4cf9-ab24-6c25f2713f9e/files/ international-feul-quality-standards.pdf</ns0:note>
</ns0:biblStruct>

<ns0:biblStruct xml:id="b2">
	<ns0:analytic>
		<ns0:title level="a" type="main">Hydroprocessing of heavy petroleum feeds: Tutorial</ns0:title>
		<ns0:author>
			<ns0:persName><ns0:forename type="first">J</ns0:forename><ns0:surname>Ancheyta</ns0:surname></ns0:persName>
		</ns0:author>
		<ns0:author>
			<ns0:persName><ns0:forename type="first">M</ns0:forename><ns0:surname>Rana</ns0:surname></ns0:persName>
		</ns0:author>
		<ns0:author>
			<ns0:persName><ns0:forename type="first">E</ns0:forename><ns0:surname>Furimsky</ns0:surname></ns0:persName>
		</ns0:author>
		<ns0:idno type="DOI">10.1016/j.cattod.2005.08.025</ns0:idno>
	</ns0:analytic>
	<ns0:monogr>
		<ns0:title level="j">Catal. Today</ns0:title>
		<ns0:imprint>
			<ns0:biblScope unit="volume">109</ns0:biblScope>
			<ns0:biblScope unit="page" from="3" to="15" />
			<ns0:date type="published" when="2005">2005</ns0:date>
		</ns0:imprint>
	</ns0:monogr>
</ns0:biblStruct>

<ns0:biblStruct xml:id="b3">
	<ns0:monogr>
		<ns0:title level="m" type="main">Heterogeneous Catalysis in Industrial Practice</ns0:title>
		<ns0:author>
			<ns0:persName><ns0:forename type="first">C</ns0:forename><ns0:surname>Satterfield</ns0:surname></ns0:persName>
		</ns0:author>
		<ns0:imprint>
			<ns0:date type="published" when="1991">1991</ns0:date>
			<ns0:publisher>McGraw-Hill</ns0:publisher>
			<ns0:pubPlace>New York, NY</ns0:pubPlace>
		</ns0:imprint>
	</ns0:monogr>
</ns0:biblStruct>

<ns0:biblStruct xml:id="b4">
	<ns0:analytic>
		<ns0:title level="a" type="main">Co-promotion of fluorine and boron on NiMo/Al2O3 for hydrotreating light cycle oil</ns0:title>
		<ns0:author>
			<ns0:persName><ns0:forename type="first">S</ns0:forename><ns0:surname>Yao</ns0:surname></ns0:persName>
		</ns0:author>
		<ns0:author>
			<ns0:persName><ns0:forename type="first">Y</ns0:forename><ns0:surname>Zheng</ns0:surname></ns0:persName>
		</ns0:author>
		<ns0:author>
			<ns0:persName><ns0:forename type="first">L</ns0:forename><ns0:surname>Ding</ns0:surname></ns0:persName>
		</ns0:author>
		<ns0:author>
			<ns0:persName><ns0:forename type="first">S</ns0:forename><ns0:surname>Ng</ns0:surname></ns0:persName>
		</ns0:author>
		<ns0:author>
			<ns0:persName><ns0:forename type="first">H</ns0:forename><ns0:surname>Yang</ns0:surname></ns0:persName>
		</ns0:author>
		<ns0:idno type="DOI">10.1039/c2cy20042b</ns0:idno>
	</ns0:analytic>
	<ns0:monogr>
		<ns0:title level="j">Catal. Sci. Technol</ns0:title>
		<ns0:imprint>
			<ns0:biblScope unit="volume">2</ns0:biblScope>
			<ns0:biblScope unit="page" from="1925" to="1932" />
			<ns0:date type="published" when="2012">2012</ns0:date>
		</ns0:imprint>
	</ns0:monogr>
</ns0:biblStruct>

<ns0:biblStruct xml:id="b5">
	<ns0:analytic>
		<ns0:title level="a" type="main">Effect of support in hydrotreating catalysis for ultra clean fuels</ns0:title>
		<ns0:author>
			<ns0:persName><ns0:forename type="first">Y</ns0:forename><ns0:surname>Okamoto</ns0:surname></ns0:persName>
		</ns0:author>
		<ns0:author>
			<ns0:persName><ns0:forename type="first">M</ns0:forename><ns0:surname>Breysse</ns0:surname></ns0:persName>
		</ns0:author>
		<ns0:author>
			<ns0:persName><ns0:forename type="first">M</ns0:forename><ns0:surname>Dhar</ns0:surname></ns0:persName>
		</ns0:author>
		<ns0:author>
			<ns0:persName><ns0:forename type="first">C</ns0:forename><ns0:surname>Song</ns0:surname></ns0:persName>
		</ns0:author>
		<ns0:idno type="DOI">10.1016/S0920-5861(03)00414-0</ns0:idno>
	</ns0:analytic>
	<ns0:monogr>
		<ns0:title level="j">Catal. Today</ns0:title>
		<ns0:imprint>
			<ns0:biblScope unit="volume">86</ns0:biblScope>
			<ns0:biblScope unit="page" from="1" to="3" />
			<ns0:date type="published" when="2003">2003</ns0:date>
		</ns0:imprint>
	</ns0:monogr>
</ns0:biblStruct>

<ns0:biblStruct xml:id="b6">
	<ns0:analytic>
		<ns0:title level="a" type="main">Physico-chemical analysis of industrial catalysts -A practical guide to characterization</ns0:title>
		<ns0:author>
			<ns0:persName><ns0:forename type="first">J</ns0:forename><ns0:surname>Lynch</ns0:surname></ns0:persName>
		</ns0:author>
	</ns0:analytic>
	<ns0:monogr>
		<ns0:title level="j">Editions TECHNIP</ns0:title>
		<ns0:imprint>
			<ns0:biblScope unit="page" from="1" to="309" />
			<ns0:date type="published" when="2003">2003</ns0:date>
		</ns0:imprint>
	</ns0:monogr>
</ns0:biblStruct>

<ns0:biblStruct xml:id="b7">
	<ns0:analytic>
		<ns0:title level="a" type="main">The characterization of catalysts. A survey of present industrial practice</ns0:title>
		<ns0:author>
			<ns0:persName><ns0:forename type="first">G</ns0:forename><ns0:forename type="middle">J K</ns0:forename><ns0:surname>Acres</ns0:surname></ns0:persName>
		</ns0:author>
	</ns0:analytic>
	<ns0:monogr>
		<ns0:title level="j">Platinum Met. Rev</ns0:title>
		<ns0:imprint>
			<ns0:biblScope unit="volume">24</ns0:biblScope>
			<ns0:biblScope unit="page" from="14" to="25" />
			<ns0:date type="published" when="1980">1980</ns0:date>
		</ns0:imprint>
	</ns0:monogr>
</ns0:biblStruct>

<ns0:biblStruct xml:id="b8">
	<ns0:analytic>
		<ns0:title level="a" type="main">Mechanism and kinetics of hydrodenitrogenation</ns0:title>
		<ns0:author>
			<ns0:persName><ns0:forename type="first">R</ns0:forename><ns0:surname>Prins</ns0:surname></ns0:persName>
		</ns0:author>
		<ns0:author>
			<ns0:persName><ns0:forename type="first">M</ns0:forename><ns0:surname>Jian</ns0:surname></ns0:persName>
		</ns0:author>
		<ns0:author>
			<ns0:persName><ns0:forename type="first">M</ns0:forename><ns0:surname>Flechsenhar</ns0:surname></ns0:persName>
		</ns0:author>
		<ns0:idno type="DOI">10.1016/S0277-5387(97)00111-3</ns0:idno>
	</ns0:analytic>
	<ns0:monogr>
		<ns0:title level="j">Polyhedron</ns0:title>
		<ns0:imprint>
			<ns0:biblScope unit="volume">16</ns0:biblScope>
			<ns0:biblScope unit="page" from="3235" to="3246" />
			<ns0:date type="published" when="1997">1997</ns0:date>
		</ns0:imprint>
	</ns0:monogr>
</ns0:biblStruct>

<ns0:biblStruct xml:id="b9">
	<ns0:analytic>
		<ns0:title level="a" type="main">Effect of the support on the structure of Mo-based hydrodesulfurization catalysts: Activated carbon versus alumina</ns0:title>
		<ns0:author>
			<ns0:persName><ns0:forename type="first">J</ns0:forename><ns0:surname>Vissers</ns0:surname></ns0:persName>
		</ns0:author>
		<ns0:author>
			<ns0:persName><ns0:forename type="first">B</ns0:forename><ns0:surname>Sheffer</ns0:surname></ns0:persName>
		</ns0:author>
		<ns0:author>
			<ns0:persName><ns0:forename type="first">V</ns0:forename><ns0:surname>De Beer</ns0:surname></ns0:persName>
		</ns0:author>
		<ns0:author>
			<ns0:persName><ns0:forename type="first">J</ns0:forename><ns0:surname>Moulijn</ns0:surname></ns0:persName>
		</ns0:author>
		<ns0:author>
			<ns0:persName><ns0:forename type="first">R</ns0:forename><ns0:surname>Prins</ns0:surname></ns0:persName>
		</ns0:author>
		<ns0:idno type="DOI">10.1016/0021-9517(87)90058-3</ns0:idno>
	</ns0:analytic>
	<ns0:monogr>
		<ns0:title level="j">J. Catal</ns0:title>
		<ns0:imprint>
			<ns0:biblScope unit="volume">105</ns0:biblScope>
			<ns0:biblScope unit="page" from="277" to="284" />
			<ns0:date type="published" when="1987">1987</ns0:date>
		</ns0:imprint>
	</ns0:monogr>
</ns0:biblStruct>

<ns0:biblStruct xml:id="b10">
	<ns0:analytic>
		<ns0:title level="a" type="main">Ligand-promoted alumina dissolution in the preparation of MoO x /&#947;-Al 2 O 3 catalysts: Evidence for the formation and deposition of an Anderson-type alumino heteropolymolybdate</ns0:title>
		<ns0:author>
			<ns0:persName><ns0:forename type="first">X</ns0:forename><ns0:surname>Carrier</ns0:surname></ns0:persName>
		</ns0:author>
		<ns0:author>
			<ns0:persName><ns0:forename type="first">J</ns0:forename><ns0:surname>Lambert</ns0:surname></ns0:persName>
		</ns0:author>
		<ns0:author>
			<ns0:persName><ns0:forename type="first">M</ns0:forename><ns0:surname>Che</ns0:surname></ns0:persName>
		</ns0:author>
		<ns0:idno type="DOI">10.1021/ja971981r</ns0:idno>
	</ns0:analytic>
	<ns0:monogr>
		<ns0:title level="j">J. Am. Chem. Soc</ns0:title>
		<ns0:imprint>
			<ns0:biblScope unit="volume">119</ns0:biblScope>
			<ns0:biblScope unit="page" from="10137" to="10146" />
			<ns0:date type="published" when="1997">1997</ns0:date>
		</ns0:imprint>
	</ns0:monogr>
</ns0:biblStruct>

<ns0:biblStruct xml:id="b11">
	<ns0:monogr>
		<ns0:title level="m" type="main">Post synthesis of aluminum modified mesoporous TUD-1 materials and their application for FCC diesel hydrodesulfurization catalysts</ns0:title>
		<ns0:author>
			<ns0:persName><ns0:forename type="first">Z</ns0:forename><ns0:surname>Xia</ns0:surname></ns0:persName>
		</ns0:author>
		<ns0:author>
			<ns0:persName><ns0:forename type="first">J</ns0:forename><ns0:surname>Fu</ns0:surname></ns0:persName>
		</ns0:author>
		<ns0:author>
			<ns0:persName><ns0:forename type="first">A</ns0:forename><ns0:surname>Duan</ns0:surname></ns0:persName>
		</ns0:author>
		<ns0:author>
			<ns0:persName><ns0:forename type="first">L</ns0:forename><ns0:surname>Han</ns0:surname></ns0:persName>
		</ns0:author>
		<ns0:author>
			<ns0:persName><ns0:forename type="first">H</ns0:forename><ns0:surname>Wu</ns0:surname></ns0:persName>
		</ns0:author>
		<ns0:author>
			<ns0:persName><ns0:forename type="first">Z</ns0:forename><ns0:surname>Zhao</ns0:surname></ns0:persName>
		</ns0:author>
		<ns0:idno type="DOI">10.3390/catal7050141</ns0:idno>
		<ns0:imprint>
			<ns0:date type="published" when="2017">2017</ns0:date>
			<ns0:biblScope unit="volume">7</ns0:biblScope>
			<ns0:biblScope unit="page">141</ns0:biblScope>
		</ns0:imprint>
	</ns0:monogr>
</ns0:biblStruct>

<ns0:biblStruct xml:id="b12">
	<ns0:analytic>
		<ns0:title level="a" type="main">Supported Molybdenum oxide catalyst-Structure and chemistry of oxidized, reduced and sulfide surfaces</ns0:title>
		<ns0:author>
			<ns0:persName><ns0:forename type="first">K</ns0:forename><ns0:surname>Segawa</ns0:surname></ns0:persName>
		</ns0:author>
		<ns0:author>
			<ns0:persName><ns0:forename type="first">T</ns0:forename><ns0:surname>Soeya</ns0:surname></ns0:persName>
		</ns0:author>
		<ns0:author>
			<ns0:persName><ns0:forename type="first">D</ns0:forename><ns0:surname>Kim</ns0:surname></ns0:persName>
		</ns0:author>
		<ns0:idno type="DOI">10.1627/jpi1958.33.347</ns0:idno>
	</ns0:analytic>
	<ns0:monogr>
		<ns0:title level="j">J. Jpn. Pet. Inst</ns0:title>
		<ns0:imprint>
			<ns0:biblScope unit="volume">33</ns0:biblScope>
			<ns0:biblScope unit="page" from="347" to="358" />
			<ns0:date type="published" when="1990">1990</ns0:date>
		</ns0:imprint>
	</ns0:monogr>
</ns0:biblStruct>

<ns0:biblStruct xml:id="b13">
	<ns0:analytic>
		<ns0:title level="a" type="main">Effect of carbon properties on the preparation and activity of carbonsupported molybdenum sulfide catalysts</ns0:title>
		<ns0:author>
			<ns0:persName><ns0:forename type="first">A</ns0:forename><ns0:surname>Mart&#237;'n-Gull&#243;n</ns0:surname></ns0:persName>
		</ns0:author>
		<ns0:author>
			<ns0:persName><ns0:forename type="first">C</ns0:forename><ns0:surname>Prado-Burguete</ns0:surname></ns0:persName>
		</ns0:author>
		<ns0:author>
			<ns0:persName><ns0:forename type="first">F</ns0:forename><ns0:surname>Rodr&#237;guez-Reinoso</ns0:surname></ns0:persName>
		</ns0:author>
		<ns0:idno type="DOI">10.1016/0008-6223(93)90062-F</ns0:idno>
	</ns0:analytic>
	<ns0:monogr>
		<ns0:title level="j">Carbon</ns0:title>
		<ns0:imprint>
			<ns0:biblScope unit="volume">31</ns0:biblScope>
			<ns0:biblScope unit="page" from="1099" to="1105" />
			<ns0:date type="published" when="1993">1993</ns0:date>
		</ns0:imprint>
	</ns0:monogr>
</ns0:biblStruct>

<ns0:biblStruct xml:id="b14">
	<ns0:analytic>
		<ns0:title level="a" type="main">Hydrodesulfurization kinetics and mechanism of 4, 6-dimethlydibenzothiophene over NiMo catalyst supported on carbon</ns0:title>
		<ns0:author>
			<ns0:persName><ns0:forename type="first">K</ns0:forename><ns0:surname>Sakanishi</ns0:surname></ns0:persName>
		</ns0:author>
		<ns0:author>
			<ns0:persName><ns0:forename type="first">T</ns0:forename><ns0:surname>Nagamatsu</ns0:surname></ns0:persName>
		</ns0:author>
		<ns0:author>
			<ns0:persName><ns0:forename type="first">I</ns0:forename><ns0:surname>Mochida</ns0:surname></ns0:persName>
		</ns0:author>
		<ns0:author>
			<ns0:persName><ns0:forename type="first">D</ns0:forename><ns0:surname>Whitehurst</ns0:surname></ns0:persName>
		</ns0:author>
		<ns0:idno type="DOI">10.1016/S1381-1169(99)00323-4</ns0:idno>
	</ns0:analytic>
	<ns0:monogr>
		<ns0:title level="j">J. Mol. Catal. A: Chem</ns0:title>
		<ns0:imprint>
			<ns0:biblScope unit="volume">155</ns0:biblScope>
			<ns0:biblScope unit="page" from="101" to="109" />
			<ns0:date type="published" when="2000">2000</ns0:date>
		</ns0:imprint>
	</ns0:monogr>
</ns0:biblStruct>

<ns0:biblStruct xml:id="b15">
	<ns0:analytic>
		<ns0:title level="a" type="main">A review of support effects on the activity and selectivity of hydrotreating catalysts</ns0:title>
		<ns0:author>
			<ns0:persName><ns0:forename type="first">F</ns0:forename><ns0:surname>Luck</ns0:surname></ns0:persName>
		</ns0:author>
		<ns0:idno type="DOI">10.1002/bscb.19911001102</ns0:idno>
	</ns0:analytic>
	<ns0:monogr>
		<ns0:title level="j">Bull. Soc. Chim. Belg</ns0:title>
		<ns0:imprint>
			<ns0:biblScope unit="volume">100</ns0:biblScope>
			<ns0:biblScope unit="page" from="781" to="800" />
			<ns0:date type="published" when="1991">1991</ns0:date>
		</ns0:imprint>
	</ns0:monogr>
</ns0:biblStruct>

<ns0:biblStruct xml:id="b16">
	<ns0:analytic>
		<ns0:title level="a" type="main">The CoO-MoO 3 -&#947;-Al 2 O 3 catalyst: VII. Influence of the support</ns0:title>
		<ns0:author>
			<ns0:persName><ns0:forename type="first">V</ns0:forename><ns0:surname>De Beer</ns0:surname></ns0:persName>
		</ns0:author>
		<ns0:author>
			<ns0:persName><ns0:forename type="first">M</ns0:forename><ns0:surname>Van Der Aalst</ns0:surname></ns0:persName>
		</ns0:author>
		<ns0:author>
			<ns0:persName><ns0:forename type="first">C</ns0:forename><ns0:surname>Machiels</ns0:surname></ns0:persName>
		</ns0:author>
		<ns0:author>
			<ns0:persName><ns0:forename type="first">G</ns0:forename><ns0:surname>Schuit</ns0:surname></ns0:persName>
		</ns0:author>
		<ns0:idno type="DOI">10.1016/0021-9517(76)90295-5</ns0:idno>
	</ns0:analytic>
	<ns0:monogr>
		<ns0:title level="j">J. Catal</ns0:title>
		<ns0:imprint>
			<ns0:biblScope unit="volume">43</ns0:biblScope>
			<ns0:biblScope unit="page" from="78" to="89" />
			<ns0:date type="published" when="1976">1976</ns0:date>
		</ns0:imprint>
	</ns0:monogr>
</ns0:biblStruct>

<ns0:biblStruct xml:id="b17">
	<ns0:analytic>
		<ns0:title level="a" type="main">Carbonsupported sulfide catalysts</ns0:title>
		<ns0:author>
			<ns0:persName><ns0:forename type="first">J</ns0:forename><ns0:surname>Duchet</ns0:surname></ns0:persName>
		</ns0:author>
		<ns0:author>
			<ns0:persName><ns0:forename type="first">E</ns0:forename><ns0:surname>Van Oers</ns0:surname></ns0:persName>
		</ns0:author>
		<ns0:author>
			<ns0:persName><ns0:forename type="first">V</ns0:forename><ns0:surname>De Beer</ns0:surname></ns0:persName>
		</ns0:author>
		<ns0:author>
			<ns0:persName><ns0:forename type="first">R</ns0:forename><ns0:surname>Prins</ns0:surname></ns0:persName>
		</ns0:author>
		<ns0:idno type="DOI">10.1016/0021-9517(83)90263-4</ns0:idno>
	</ns0:analytic>
	<ns0:monogr>
		<ns0:title level="j">J. Catal</ns0:title>
		<ns0:imprint>
			<ns0:biblScope unit="volume">80</ns0:biblScope>
			<ns0:biblScope unit="page" from="386" to="402" />
			<ns0:date type="published" when="1983">1983</ns0:date>
		</ns0:imprint>
	</ns0:monogr>
</ns0:biblStruct>

<ns0:biblStruct xml:id="b18">
	<ns0:analytic>
		<ns0:title level="a" type="main">The role of carbon materials in heterogeneous catalysis</ns0:title>
		<ns0:author>
			<ns0:persName><ns0:forename type="first">F</ns0:forename><ns0:surname>Rodr&#237;guez-Reinoso</ns0:surname></ns0:persName>
		</ns0:author>
		<ns0:idno type="DOI">10.1016/S0008-6223(97)00173-5</ns0:idno>
	</ns0:analytic>
	<ns0:monogr>
		<ns0:title level="j">Carbon</ns0:title>
		<ns0:imprint>
			<ns0:biblScope unit="volume">36</ns0:biblScope>
			<ns0:biblScope unit="page" from="159" to="175" />
			<ns0:date type="published" when="1998">1998</ns0:date>
		</ns0:imprint>
	</ns0:monogr>
</ns0:biblStruct>

<ns0:biblStruct xml:id="b19">
	<ns0:analytic>
		<ns0:title level="a" type="main">Hydrodesulfurization activity and coking propensity of carbon and alumina supported catalysts</ns0:title>
		<ns0:author>
			<ns0:persName><ns0:forename type="first">V</ns0:forename><ns0:surname>De Beer</ns0:surname></ns0:persName>
		</ns0:author>
		<ns0:author>
			<ns0:persName><ns0:forename type="first">F</ns0:forename><ns0:surname>Derbyshire</ns0:surname></ns0:persName>
		</ns0:author>
		<ns0:author>
			<ns0:persName><ns0:forename type="first">C</ns0:forename><ns0:surname>Grout</ns0:surname></ns0:persName>
		</ns0:author>
		<ns0:author>
			<ns0:persName><ns0:forename type="first">R</ns0:forename><ns0:surname>Prins</ns0:surname></ns0:persName>
		</ns0:author>
		<ns0:author>
			<ns0:persName><ns0:forename type="first">A</ns0:forename><ns0:surname>Scaroni</ns0:surname></ns0:persName>
		</ns0:author>
		<ns0:author>
			<ns0:persName><ns0:forename type="first">J</ns0:forename><ns0:surname>Solar</ns0:surname></ns0:persName>
		</ns0:author>
		<ns0:idno type="DOI">10.1016/0016-2361(84)90194-7</ns0:idno>
	</ns0:analytic>
	<ns0:monogr>
		<ns0:title level="j">Fuel</ns0:title>
		<ns0:imprint>
			<ns0:biblScope unit="volume">63</ns0:biblScope>
			<ns0:biblScope unit="page" from="1095" to="1100" />
			<ns0:date type="published" when="1984">1984</ns0:date>
		</ns0:imprint>
	</ns0:monogr>
</ns0:biblStruct>

<ns0:biblStruct xml:id="b20">
	<ns0:analytic>
		<ns0:title level="a" type="main">Maximization of carbon nanohorns production via the arc discharge method for hydrotreating application</ns0:title>
		<ns0:author>
			<ns0:persName><ns0:forename type="first">E</ns0:forename><ns0:surname>Aryee</ns0:surname></ns0:persName>
		</ns0:author>
		<ns0:author>
			<ns0:persName><ns0:forename type="first">A</ns0:forename><ns0:surname>Dalai</ns0:surname></ns0:persName>
		</ns0:author>
		<ns0:author>
			<ns0:persName><ns0:forename type="first">J</ns0:forename><ns0:surname>Adjaye</ns0:surname></ns0:persName>
		</ns0:author>
		<ns0:idno type="DOI">10.1166/jnn.2017.13447</ns0:idno>
	</ns0:analytic>
	<ns0:monogr>
		<ns0:title level="j">J. Nanosci. Nanotechnol</ns0:title>
		<ns0:imprint>
			<ns0:biblScope unit="volume">17</ns0:biblScope>
			<ns0:biblScope unit="page" from="4784" to="4791" />
			<ns0:date type="published" when="2017">2017</ns0:date>
		</ns0:imprint>
	</ns0:monogr>
</ns0:biblStruct>

<ns0:biblStruct xml:id="b21">
	<ns0:analytic>
		<ns0:title level="a" type="main">Functionalization and characterization of carbon nanohorns (CNH) for hydrotreating of gas oils</ns0:title>
		<ns0:author>
			<ns0:persName><ns0:forename type="first">E</ns0:forename><ns0:surname>Aryee</ns0:surname></ns0:persName>
		</ns0:author>
		<ns0:author>
			<ns0:persName><ns0:forename type="first">A</ns0:forename><ns0:surname>Dalai</ns0:surname></ns0:persName>
		</ns0:author>
		<ns0:author>
			<ns0:persName><ns0:forename type="first">J</ns0:forename><ns0:surname>Adjaye</ns0:surname></ns0:persName>
		</ns0:author>
		<ns0:idno type="DOI">10.1007/s11244-013-0236-6</ns0:idno>
	</ns0:analytic>
	<ns0:monogr>
		<ns0:title level="j">Top. Catal</ns0:title>
		<ns0:imprint>
			<ns0:biblScope unit="volume">57</ns0:biblScope>
			<ns0:biblScope unit="page" from="796" to="805" />
			<ns0:date type="published" when="2014">2014</ns0:date>
		</ns0:imprint>
	</ns0:monogr>
</ns0:biblStruct>

<ns0:biblStruct xml:id="b22">
	<ns0:analytic>
		<ns0:title level="a" type="main">Pt-Co bimetallic catalyst supported on single-walled carbon nanotubes: effect of alloy formation and oxygen containing groups</ns0:title>
		<ns0:author>
			<ns0:persName><ns0:forename type="first">X</ns0:forename><ns0:surname>Wang</ns0:surname></ns0:persName>
		</ns0:author>
		<ns0:author>
			<ns0:persName><ns0:forename type="first">N</ns0:forename><ns0:surname>Li</ns0:surname></ns0:persName>
		</ns0:author>
		<ns0:author>
			<ns0:persName><ns0:forename type="first">L</ns0:forename><ns0:surname>Pfefferie</ns0:surname></ns0:persName>
		</ns0:author>
		<ns0:author>
			<ns0:persName><ns0:forename type="first">G</ns0:forename><ns0:surname>Haller</ns0:surname></ns0:persName>
		</ns0:author>
		<ns0:idno type="DOI">10.1021/jp102511k</ns0:idno>
	</ns0:analytic>
	<ns0:monogr>
		<ns0:title level="j">J. Phys. Chem. C</ns0:title>
		<ns0:imprint>
			<ns0:biblScope unit="volume">114</ns0:biblScope>
			<ns0:biblScope unit="page" from="16996" to="17002" />
			<ns0:date type="published" when="2010">2010</ns0:date>
		</ns0:imprint>
	</ns0:monogr>
</ns0:biblStruct>

<ns0:biblStruct xml:id="b23">
	<ns0:analytic>
		<ns0:title level="a" type="main">Use of DFT to achieve a rational understanding of acid-basic properties of &#947;-alumina surfaces</ns0:title>
		<ns0:author>
			<ns0:persName><ns0:forename type="first">M</ns0:forename><ns0:surname>Digne</ns0:surname></ns0:persName>
		</ns0:author>
		<ns0:author>
			<ns0:persName><ns0:forename type="first">P</ns0:forename><ns0:surname>Sautet</ns0:surname></ns0:persName>
		</ns0:author>
		<ns0:author>
			<ns0:persName><ns0:forename type="first">P</ns0:forename><ns0:surname>Raybaud</ns0:surname></ns0:persName>
		</ns0:author>
		<ns0:author>
			<ns0:persName><ns0:forename type="first">P</ns0:forename><ns0:surname>Euzen</ns0:surname></ns0:persName>
		</ns0:author>
		<ns0:author>
			<ns0:persName><ns0:forename type="first">H</ns0:forename><ns0:surname>Toulhoat</ns0:surname></ns0:persName>
		</ns0:author>
		<ns0:idno type="DOI">10.1016/j.jcat.2004.04.020</ns0:idno>
	</ns0:analytic>
	<ns0:monogr>
		<ns0:title level="j">J. Catal</ns0:title>
		<ns0:imprint>
			<ns0:biblScope unit="volume">226</ns0:biblScope>
			<ns0:biblScope unit="page" from="54" to="68" />
			<ns0:date type="published" when="2004">2004</ns0:date>
		</ns0:imprint>
	</ns0:monogr>
</ns0:biblStruct>

<ns0:biblStruct xml:id="b24">
	<ns0:analytic>
		<ns0:title level="a" type="main">Effect of diluent size on the performance of a micro-scale fixed bed multiphase reactor in up flow and down flow modes of operation</ns0:title>
		<ns0:author>
			<ns0:persName><ns0:forename type="first">S</ns0:forename><ns0:surname>Bej</ns0:surname></ns0:persName>
		</ns0:author>
		<ns0:author>
			<ns0:persName><ns0:forename type="first">A</ns0:forename><ns0:surname>Dalai</ns0:surname></ns0:persName>
		</ns0:author>
		<ns0:author>
			<ns0:persName><ns0:forename type="first">S</ns0:forename><ns0:surname>Maity</ns0:surname></ns0:persName>
		</ns0:author>
		<ns0:idno type="DOI">10.1016/S0920-5861(00)00536-8</ns0:idno>
	</ns0:analytic>
	<ns0:monogr>
		<ns0:title level="j">Catal. Today</ns0:title>
		<ns0:imprint>
			<ns0:biblScope unit="volume">64</ns0:biblScope>
			<ns0:biblScope unit="page" from="333" to="345" />
			<ns0:date type="published" when="2001">2001</ns0:date>
		</ns0:imprint>
	</ns0:monogr>
</ns0:biblStruct>

<ns0:biblStruct xml:id="b25">
	<ns0:analytic>
		<ns0:title level="a" type="main">Studies on the performance of a microscale trickle bed reactor using different sizes of diluent</ns0:title>
		<ns0:author>
			<ns0:persName><ns0:forename type="first">S</ns0:forename><ns0:surname>Bej</ns0:surname></ns0:persName>
		</ns0:author>
		<ns0:author>
			<ns0:persName><ns0:forename type="first">R</ns0:forename><ns0:surname>Dabral</ns0:surname></ns0:persName>
		</ns0:author>
		<ns0:author>
			<ns0:persName><ns0:forename type="first">P</ns0:forename><ns0:surname>Gupta</ns0:surname></ns0:persName>
		</ns0:author>
		<ns0:author>
			<ns0:persName><ns0:forename type="first">K</ns0:forename><ns0:surname>Mittal</ns0:surname></ns0:persName>
		</ns0:author>
		<ns0:author>
			<ns0:persName><ns0:forename type="first">G</ns0:forename><ns0:surname>Sen</ns0:surname></ns0:persName>
		</ns0:author>
		<ns0:author>
			<ns0:persName><ns0:forename type="first">V</ns0:forename><ns0:surname>Kapoor</ns0:surname></ns0:persName>
		</ns0:author>
		<ns0:author>
			<ns0:persName><ns0:forename type="first">A</ns0:forename><ns0:surname>Dalai</ns0:surname></ns0:persName>
		</ns0:author>
		<ns0:idno type="DOI">10.1021/ef990238c</ns0:idno>
	</ns0:analytic>
	<ns0:monogr>
		<ns0:title level="j">Energy Fuels</ns0:title>
		<ns0:imprint>
			<ns0:biblScope unit="volume">14</ns0:biblScope>
			<ns0:biblScope unit="page" from="701" to="705" />
			<ns0:date type="published" when="2000">2000</ns0:date>
		</ns0:imprint>
	</ns0:monogr>
	<ns0:note>(27) Micromeritics ASAP 2020 Chemi Manual, Appendix C</ns0:note>
</ns0:biblStruct>

<ns0:biblStruct xml:id="b26">
	<ns0:analytic>
		<ns0:title level="a" type="main">HEPHAESTUS: Data analysis for X-ray absorption spectroscopy using IFEFFIT</ns0:title>
		<ns0:author>
			<ns0:persName><ns0:forename type="first">B</ns0:forename><ns0:surname>Ravel</ns0:surname></ns0:persName>
		</ns0:author>
		<ns0:author>
			<ns0:persName><ns0:forename type="first">M</ns0:forename><ns0:surname>Newville</ns0:surname></ns0:persName>
		</ns0:author>
		<ns0:author>
			<ns0:persName><ns0:surname>Athena</ns0:surname></ns0:persName>
		</ns0:author>
		<ns0:author>
			<ns0:persName><ns0:surname>Artemis</ns0:surname></ns0:persName>
		</ns0:author>
		<ns0:idno type="DOI">10.1107/S0909049505012719</ns0:idno>
	</ns0:analytic>
	<ns0:monogr>
		<ns0:title level="j">J. Synchrotron Radiat</ns0:title>
		<ns0:imprint>
			<ns0:biblScope unit="volume">12</ns0:biblScope>
			<ns0:biblScope unit="page" from="537" to="541" />
			<ns0:date type="published" when="2005">2005</ns0:date>
		</ns0:imprint>
	</ns0:monogr>
</ns0:biblStruct>

<ns0:biblStruct xml:id="b27">
	<ns0:analytic>
		<ns0:title level="a" type="main">Sequestration of molybdate during transformation of 2-line ferrihydrite under alkaline conditions</ns0:title>
		<ns0:author>
			<ns0:persName><ns0:forename type="first">S</ns0:forename><ns0:surname>Das</ns0:surname></ns0:persName>
		</ns0:author>
		<ns0:author>
			<ns0:persName><ns0:forename type="first">J</ns0:forename><ns0:surname>Essilfie-Dughan</ns0:surname></ns0:persName>
		</ns0:author>
		<ns0:author>
			<ns0:persName><ns0:forename type="first">M</ns0:forename><ns0:surname>Hendry</ns0:surname></ns0:persName>
		</ns0:author>
		<ns0:idno type="DOI">10.1016/j.apgeochem.2016.08.003</ns0:idno>
	</ns0:analytic>
	<ns0:monogr>
		<ns0:title level="j">Appl. Geochem</ns0:title>
		<ns0:imprint>
			<ns0:biblScope unit="volume">73</ns0:biblScope>
			<ns0:biblScope unit="page" from="70" to="80" />
			<ns0:date type="published" when="2016">2016</ns0:date>
		</ns0:imprint>
	</ns0:monogr>
</ns0:biblStruct>

<ns0:biblStruct xml:id="b28">
	<ns0:analytic>
		<ns0:title level="a" type="main">Nano-aggregates of single-walled graphitic carbon nano-horns</ns0:title>
		<ns0:author>
			<ns0:persName><ns0:forename type="first">S</ns0:forename><ns0:surname>Iijima</ns0:surname></ns0:persName>
		</ns0:author>
		<ns0:author>
			<ns0:persName><ns0:forename type="first">M</ns0:forename><ns0:surname>Yudasaka</ns0:surname></ns0:persName>
		</ns0:author>
		<ns0:author>
			<ns0:persName><ns0:forename type="first">R</ns0:forename><ns0:surname>Yamada</ns0:surname></ns0:persName>
		</ns0:author>
		<ns0:author>
			<ns0:persName><ns0:forename type="first">S</ns0:forename><ns0:surname>Bandow</ns0:surname></ns0:persName>
		</ns0:author>
		<ns0:author>
			<ns0:persName><ns0:forename type="first">K</ns0:forename><ns0:surname>Suenaga</ns0:surname></ns0:persName>
		</ns0:author>
		<ns0:author>
			<ns0:persName><ns0:forename type="first">F</ns0:forename><ns0:surname>Kokai</ns0:surname></ns0:persName>
		</ns0:author>
		<ns0:idno type="DOI">10.1016/S0009-2614(99)00642-9</ns0:idno>
	</ns0:analytic>
	<ns0:monogr>
		<ns0:title level="j">Chem. Phys. Lett</ns0:title>
		<ns0:imprint>
			<ns0:biblScope unit="volume">309</ns0:biblScope>
			<ns0:biblScope unit="page" from="165" to="170" />
			<ns0:date type="published" when="1999">1999</ns0:date>
		</ns0:imprint>
	</ns0:monogr>
</ns0:biblStruct>

<ns0:biblStruct xml:id="b29">
	<ns0:analytic>
		<ns0:title level="a" type="main">Synthesis of thin bundled single walled carbon nanotubes and nanohorn hybrids by arc discharge technique in open air atmosphere</ns0:title>
		<ns0:author>
			<ns0:persName><ns0:forename type="first">J</ns0:forename><ns0:surname>Berkmans</ns0:surname></ns0:persName>
		</ns0:author>
		<ns0:author>
			<ns0:persName><ns0:forename type="first">M</ns0:forename><ns0:surname>Jagannatham</ns0:surname></ns0:persName>
		</ns0:author>
		<ns0:author>
			<ns0:persName><ns0:forename type="first">D</ns0:forename><ns0:surname>Reddy</ns0:surname></ns0:persName>
		</ns0:author>
		<ns0:author>
			<ns0:persName><ns0:forename type="first">P</ns0:forename><ns0:surname>Haridoss</ns0:surname></ns0:persName>
		</ns0:author>
		<ns0:idno type="DOI">10.1016/j.diamond.2015.02.004</ns0:idno>
	</ns0:analytic>
	<ns0:monogr>
		<ns0:title level="j">Diamond Relat. Mater</ns0:title>
		<ns0:imprint>
			<ns0:biblScope unit="volume">55</ns0:biblScope>
			<ns0:biblScope unit="page" from="12" to="15" />
			<ns0:date type="published" when="2015">2015</ns0:date>
		</ns0:imprint>
	</ns0:monogr>
</ns0:biblStruct>

<ns0:biblStruct xml:id="b30">
	<ns0:analytic>
		<ns0:title level="a" type="main">Micrometer-sized graphitic balls produced together with single-wall carbon nanohorns</ns0:title>
		<ns0:author>
			<ns0:persName><ns0:forename type="first">J</ns0:forename><ns0:surname>Fan</ns0:surname></ns0:persName>
		</ns0:author>
		<ns0:author>
			<ns0:persName><ns0:forename type="first">M</ns0:forename><ns0:surname>Yudasaka</ns0:surname></ns0:persName>
		</ns0:author>
		<ns0:author>
			<ns0:persName><ns0:forename type="first">D</ns0:forename><ns0:surname>Kasuya</ns0:surname></ns0:persName>
		</ns0:author>
		<ns0:author>
			<ns0:persName><ns0:forename type="first">T</ns0:forename><ns0:surname>Azami</ns0:surname></ns0:persName>
		</ns0:author>
		<ns0:author>
			<ns0:persName><ns0:forename type="first">R</ns0:forename><ns0:surname>Yuge</ns0:surname></ns0:persName>
		</ns0:author>
		<ns0:author>
			<ns0:persName><ns0:forename type="first">H</ns0:forename><ns0:surname>Imai</ns0:surname></ns0:persName>
		</ns0:author>
		<ns0:idno type="DOI">10.1021/jp050548y</ns0:idno>
	</ns0:analytic>
	<ns0:monogr>
		<ns0:title level="j">J. Phys. Chem. B</ns0:title>
		<ns0:imprint>
			<ns0:biblScope unit="volume">109</ns0:biblScope>
			<ns0:biblScope unit="page" from="10756" to="10759" />
			<ns0:date type="published" when="2005">2005</ns0:date>
		</ns0:imprint>
	</ns0:monogr>
</ns0:biblStruct>

<ns0:biblStruct xml:id="b31">
	<ns0:analytic>
		<ns0:title level="a" type="main">Arc-discharge synthesis of carbon nanohorns and multiwalled carbon nanotubes</ns0:title>
		<ns0:author>
			<ns0:persName><ns0:forename type="first">D</ns0:forename><ns0:forename type="middle">M</ns0:forename><ns0:surname>Gattia</ns0:surname></ns0:persName>
		</ns0:author>
		<ns0:author>
			<ns0:persName><ns0:forename type="first">M</ns0:forename><ns0:surname>Antisari</ns0:surname></ns0:persName>
		</ns0:author>
		<ns0:author>
			<ns0:persName><ns0:forename type="first">R</ns0:forename><ns0:surname>Marazzi</ns0:surname></ns0:persName>
		</ns0:author>
		<ns0:author>
			<ns0:persName><ns0:forename type="first">L</ns0:forename><ns0:surname>Pilloni</ns0:surname></ns0:persName>
		</ns0:author>
		<ns0:author>
			<ns0:persName><ns0:forename type="first">V</ns0:forename><ns0:surname>Contini</ns0:surname></ns0:persName>
		</ns0:author>
		<ns0:author>
			<ns0:persName><ns0:forename type="first">A</ns0:forename><ns0:surname>Montone</ns0:surname></ns0:persName>
		</ns0:author>
		<ns0:idno type="DOI">10.4028/www.scientific.net/MSF.518.23</ns0:idno>
	</ns0:analytic>
	<ns0:monogr>
		<ns0:title level="j">Mater. Sci. Forum</ns0:title>
		<ns0:imprint>
			<ns0:biblScope unit="volume">518</ns0:biblScope>
			<ns0:biblScope unit="page" from="23" to="28" />
			<ns0:date type="published" when="2006">2006</ns0:date>
		</ns0:imprint>
	</ns0:monogr>
</ns0:biblStruct>

<ns0:biblStruct xml:id="b32">
	<ns0:analytic>
		<ns0:title level="a" type="main">Structural variations of the cathode deposit in the carbon arc</ns0:title>
		<ns0:author>
			<ns0:persName><ns0:forename type="first">Y</ns0:forename><ns0:surname>Yeh</ns0:surname></ns0:persName>
		</ns0:author>
		<ns0:author>
			<ns0:persName><ns0:forename type="first">Y</ns0:forename><ns0:surname>Raitses</ns0:surname></ns0:persName>
		</ns0:author>
		<ns0:author>
			<ns0:persName><ns0:forename type="first">N</ns0:forename><ns0:surname>Yao</ns0:surname></ns0:persName>
		</ns0:author>
		<ns0:idno type="DOI">10.1016/j.carbon.2016.04.074</ns0:idno>
	</ns0:analytic>
	<ns0:monogr>
		<ns0:title level="j">Carbon</ns0:title>
		<ns0:imprint>
			<ns0:biblScope unit="volume">105</ns0:biblScope>
			<ns0:biblScope unit="page" from="490" to="495" />
			<ns0:date type="published" when="2016">2016</ns0:date>
		</ns0:imprint>
	</ns0:monogr>
</ns0:biblStruct>

<ns0:biblStruct xml:id="b33">
	<ns0:analytic>
		<ns0:title level="a" type="main">Reporting physisorption data for gas/solid systems with special reference to the determination of surface area and porosity</ns0:title>
		<ns0:author>
			<ns0:persName><ns0:forename type="first">K</ns0:forename><ns0:forename type="middle">S W</ns0:forename><ns0:surname>Sing</ns0:surname></ns0:persName>
		</ns0:author>
		<ns0:author>
			<ns0:persName><ns0:forename type="first">D</ns0:forename><ns0:surname>Everett</ns0:surname></ns0:persName>
		</ns0:author>
		<ns0:author>
			<ns0:persName><ns0:forename type="first">R</ns0:forename><ns0:surname>Haul</ns0:surname></ns0:persName>
		</ns0:author>
		<ns0:author>
			<ns0:persName><ns0:forename type="first">L</ns0:forename><ns0:surname>Moscou</ns0:surname></ns0:persName>
		</ns0:author>
		<ns0:author>
			<ns0:persName><ns0:forename type="first">R</ns0:forename><ns0:surname>Pierotti</ns0:surname></ns0:persName>
		</ns0:author>
		<ns0:author>
			<ns0:persName><ns0:forename type="first">J</ns0:forename><ns0:surname>Rouquerol</ns0:surname></ns0:persName>
		</ns0:author>
		<ns0:author>
			<ns0:persName><ns0:forename type="first">T</ns0:forename><ns0:surname>Siemieniewska</ns0:surname></ns0:persName>
		</ns0:author>
		<ns0:idno type="DOI">10.1351/pac198557040603</ns0:idno>
	</ns0:analytic>
	<ns0:monogr>
		<ns0:title level="j">Pure Appl. Chem</ns0:title>
		<ns0:imprint>
			<ns0:biblScope unit="volume">57</ns0:biblScope>
			<ns0:biblScope unit="page" from="603" to="619" />
			<ns0:date type="published" when="1985">1985</ns0:date>
		</ns0:imprint>
	</ns0:monogr>
</ns0:biblStruct>

<ns0:biblStruct xml:id="b34">
	<ns0:analytic>
		<ns0:title level="a" type="main">Carbon black composites as carrier materials for sulphide catalysts</ns0:title>
		<ns0:author>
			<ns0:persName><ns0:forename type="first">J</ns0:forename><ns0:surname>Vissers</ns0:surname></ns0:persName>
		</ns0:author>
		<ns0:author>
			<ns0:persName><ns0:forename type="first">T</ns0:forename><ns0:surname>Lensing</ns0:surname></ns0:persName>
		</ns0:author>
		<ns0:author>
			<ns0:persName><ns0:forename type="first">V</ns0:forename><ns0:surname>De Beer</ns0:surname></ns0:persName>
		</ns0:author>
		<ns0:author>
			<ns0:persName><ns0:forename type="first">R</ns0:forename><ns0:surname>Prins</ns0:surname></ns0:persName>
		</ns0:author>
		<ns0:idno type="DOI">10.1016/S0166-9834(00)81008-8</ns0:idno>
	</ns0:analytic>
	<ns0:monogr>
		<ns0:title level="j">Appl. Catal</ns0:title>
		<ns0:imprint>
			<ns0:biblScope unit="volume">30</ns0:biblScope>
			<ns0:biblScope unit="page" from="21" to="31" />
			<ns0:date type="published" when="1987">1987</ns0:date>
		</ns0:imprint>
	</ns0:monogr>
</ns0:biblStruct>

<ns0:biblStruct xml:id="b35">
	<ns0:analytic>
		<ns0:title level="a" type="main">Selection of catalysts and reactors for hydroprocessing</ns0:title>
		<ns0:author>
			<ns0:persName><ns0:forename type="first">E</ns0:forename><ns0:surname>Furimsky</ns0:surname></ns0:persName>
		</ns0:author>
		<ns0:idno type="DOI">10.1016/S0926-860X(98)00086-6</ns0:idno>
	</ns0:analytic>
	<ns0:monogr>
		<ns0:title level="j">Appl. Catal., A</ns0:title>
		<ns0:imprint>
			<ns0:biblScope unit="volume">171</ns0:biblScope>
			<ns0:biblScope unit="page" from="177" to="206" />
			<ns0:date type="published" when="1998">1998</ns0:date>
		</ns0:imprint>
	</ns0:monogr>
</ns0:biblStruct>

<ns0:biblStruct xml:id="b36">
	<ns0:analytic>
		<ns0:title level="a" type="main">Improvement of the middle distillate yields during crude oil hydrotreatment in a trickle-bed reactor</ns0:title>
		<ns0:author>
			<ns0:persName><ns0:forename type="first">A</ns0:forename><ns0:surname>Jarullah</ns0:surname></ns0:persName>
		</ns0:author>
		<ns0:author>
			<ns0:persName><ns0:forename type="first">I</ns0:forename><ns0:surname>Mujtaba</ns0:surname></ns0:persName>
		</ns0:author>
		<ns0:author>
			<ns0:persName><ns0:forename type="first">A</ns0:forename><ns0:surname>Wood</ns0:surname></ns0:persName>
		</ns0:author>
		<ns0:idno type="DOI">10.1021/ef101327d</ns0:idno>
	</ns0:analytic>
	<ns0:monogr>
		<ns0:title level="j">Energy Fuels</ns0:title>
		<ns0:imprint>
			<ns0:biblScope unit="volume">25</ns0:biblScope>
			<ns0:biblScope unit="page" from="773" to="781" />
			<ns0:date type="published" when="2011">2011</ns0:date>
		</ns0:imprint>
	</ns0:monogr>
</ns0:biblStruct>

<ns0:biblStruct xml:id="b37">
	<ns0:analytic>
		<ns0:title level="a" type="main">Effect of ordered mesoporous Zr SBA-15 support on catalytic functionalities of hydrotreating catalysts 2. Variation of molybdenum and promoter loadings</ns0:title>
		<ns0:author>
			<ns0:persName><ns0:forename type="first">S</ns0:forename><ns0:surname>Garg</ns0:surname></ns0:persName>
		</ns0:author>
		<ns0:author>
			<ns0:persName><ns0:forename type="first">K</ns0:forename><ns0:surname>Soni</ns0:surname></ns0:persName>
		</ns0:author>
		<ns0:author>
			<ns0:persName><ns0:forename type="first">A</ns0:forename><ns0:surname>Prabhu</ns0:surname></ns0:persName>
		</ns0:author>
		<ns0:author>
			<ns0:persName><ns0:forename type="first">K</ns0:forename><ns0:surname>Rao</ns0:surname></ns0:persName>
		</ns0:author>
		<ns0:author>
			<ns0:persName><ns0:forename type="first">G</ns0:forename><ns0:surname>Dhar</ns0:surname></ns0:persName>
		</ns0:author>
		<ns0:idno type="DOI">10.1016/j.cattod.2015.08.051</ns0:idno>
	</ns0:analytic>
	<ns0:monogr>
		<ns0:title level="j">Catal. Today</ns0:title>
		<ns0:imprint>
			<ns0:biblScope unit="volume">261</ns0:biblScope>
			<ns0:biblScope unit="page" from="128" to="136" />
			<ns0:date type="published" when="2016">2016</ns0:date>
		</ns0:imprint>
	</ns0:monogr>
</ns0:biblStruct>

<ns0:biblStruct xml:id="b38">
	<ns0:analytic>
		<ns0:title level="a" type="main">Effect of the amount of citric acid used in the preparation of NiMo/ SBA-15 catalysts on their performance in HDS of dibenzothiophenetype compounds</ns0:title>
		<ns0:author>
			<ns0:persName><ns0:forename type="first">M</ns0:forename><ns0:surname>Calder&#243;n-Magdaleno</ns0:surname></ns0:persName>
		</ns0:author>
		<ns0:author>
			<ns0:persName><ns0:forename type="first">&#769;</ns0:forename><ns0:surname>Mendoza-Nieto</ns0:surname></ns0:persName>
		</ns0:author>
		<ns0:author>
			<ns0:persName><ns0:forename type="first">J</ns0:forename><ns0:surname>Klimova</ns0:surname></ns0:persName>
		</ns0:author>
		<ns0:author>
			<ns0:persName><ns0:forename type="first">T</ns0:forename></ns0:persName>
		</ns0:author>
		<ns0:idno type="DOI">10.1016/j.cattod.2013.06.002</ns0:idno>
	</ns0:analytic>
	<ns0:monogr>
		<ns0:title level="j">Catal. Today</ns0:title>
		<ns0:imprint>
			<ns0:biblScope unit="page" from="78" to="88" />
			<ns0:date type="published" when="2014">2014</ns0:date>
		</ns0:imprint>
	</ns0:monogr>
</ns0:biblStruct>

<ns0:biblStruct xml:id="b39">
	<ns0:analytic>
		<ns0:title level="a" type="main">Detection of &#946;-NiMoO 4 in oxidic nickelmolybdenum catalysts</ns0:title>
		<ns0:author>
			<ns0:persName><ns0:forename type="first">J</ns0:forename><ns0:surname>Brito</ns0:surname></ns0:persName>
		</ns0:author>
		<ns0:author>
			<ns0:persName><ns0:forename type="first">J</ns0:forename><ns0:surname>Laine</ns0:surname></ns0:persName>
		</ns0:author>
		<ns0:idno type="DOI">10.1016/0166-9834(91)85051-V</ns0:idno>
	</ns0:analytic>
	<ns0:monogr>
		<ns0:title level="j">Appl. Catal</ns0:title>
		<ns0:imprint>
			<ns0:biblScope unit="volume">72</ns0:biblScope>
			<ns0:biblScope unit="page" from="13" to="L15" />
			<ns0:date type="published" when="1991">1991</ns0:date>
		</ns0:imprint>
	</ns0:monogr>
</ns0:biblStruct>

<ns0:biblStruct xml:id="b40">
	<ns0:analytic>
		<ns0:title level="a" type="main">A comparison of NiMo/Al 2 O 3 catalysts prepared by impregnation and coprecipitation methods for hydrodesulfurization of dibenzothiophene</ns0:title>
		<ns0:author>
			<ns0:persName><ns0:forename type="first">F</ns0:forename><ns0:surname>Liu</ns0:surname></ns0:persName>
		</ns0:author>
		<ns0:author>
			<ns0:persName><ns0:forename type="first">S</ns0:forename><ns0:surname>Xu</ns0:surname></ns0:persName>
		</ns0:author>
		<ns0:author>
			<ns0:persName><ns0:forename type="first">L</ns0:forename><ns0:surname>Cao</ns0:surname></ns0:persName>
		</ns0:author>
		<ns0:author>
			<ns0:persName><ns0:forename type="first">Y</ns0:forename><ns0:surname>Chi</ns0:surname></ns0:persName>
		</ns0:author>
		<ns0:author>
			<ns0:persName><ns0:forename type="first">T</ns0:forename><ns0:surname>Zhang</ns0:surname></ns0:persName>
		</ns0:author>
		<ns0:author>
			<ns0:persName><ns0:forename type="first">D</ns0:forename><ns0:surname>Xue</ns0:surname></ns0:persName>
		</ns0:author>
		<ns0:idno type="DOI">10.1021/jp068482+</ns0:idno>
	</ns0:analytic>
	<ns0:monogr>
		<ns0:title level="j">J. Phys. Chem. A</ns0:title>
		<ns0:imprint>
			<ns0:biblScope unit="volume">111</ns0:biblScope>
			<ns0:biblScope unit="page" from="7396" to="7402" />
			<ns0:date type="published" when="2007">2007</ns0:date>
		</ns0:imprint>
	</ns0:monogr>
</ns0:biblStruct>

<ns0:biblStruct xml:id="b41">
	<ns0:analytic>
		<ns0:title level="a" type="main">Characterization of pure and sulfided NiMoO 4 catalysts using synchrotron-based X-ray absorption spectroscopy (XAS) and temperature-programmed reduction (TPR)</ns0:title>
		<ns0:author>
			<ns0:persName><ns0:forename type="first">S</ns0:forename><ns0:surname>Chaturvedi</ns0:surname></ns0:persName>
		</ns0:author>
		<ns0:author>
			<ns0:persName><ns0:forename type="first">J</ns0:forename><ns0:surname>Rodriguez</ns0:surname></ns0:persName>
		</ns0:author>
		<ns0:author>
			<ns0:persName><ns0:forename type="first">J</ns0:forename><ns0:surname>Brito</ns0:surname></ns0:persName>
		</ns0:author>
		<ns0:idno type="DOI">10.1023/A:1019089002041</ns0:idno>
	</ns0:analytic>
	<ns0:monogr>
		<ns0:title level="j">Catal. Lett</ns0:title>
		<ns0:imprint>
			<ns0:biblScope unit="volume">51</ns0:biblScope>
			<ns0:biblScope unit="page" from="85" to="93" />
			<ns0:date type="published" when="1998">1998</ns0:date>
		</ns0:imprint>
	</ns0:monogr>
</ns0:biblStruct>

<ns0:biblStruct xml:id="b42">
	<ns0:analytic>
		<ns0:title level="a" type="main">Combined effects of EDTA and Heteroatoms (Ti, Zr, and Al) on catalytic activity of SBA-15 supported NiMo catalyst for hydrotreating of heavy gas oil</ns0:title>
		<ns0:author>
			<ns0:persName><ns0:forename type="first">S</ns0:forename><ns0:surname>Badoga</ns0:surname></ns0:persName>
		</ns0:author>
		<ns0:author>
			<ns0:persName><ns0:forename type="first">A</ns0:forename><ns0:surname>Dalai</ns0:surname></ns0:persName>
		</ns0:author>
		<ns0:author>
			<ns0:persName><ns0:forename type="first">J</ns0:forename><ns0:surname>Adjaye</ns0:surname></ns0:persName>
		</ns0:author>
		<ns0:author>
			<ns0:persName><ns0:forename type="first">Y</ns0:forename><ns0:surname>Hu</ns0:surname></ns0:persName>
		</ns0:author>
		<ns0:idno type="DOI">10.1021/ie400695m</ns0:idno>
	</ns0:analytic>
	<ns0:monogr>
		<ns0:title level="j">Ind. Eng. Chem. Res</ns0:title>
		<ns0:imprint>
			<ns0:biblScope unit="volume">53</ns0:biblScope>
			<ns0:biblScope unit="page" from="2137" to="2156" />
			<ns0:date type="published" when="2014">2014</ns0:date>
		</ns0:imprint>
	</ns0:monogr>
</ns0:biblStruct>

<ns0:biblStruct xml:id="b43">
	<ns0:analytic>
		<ns0:title level="a" type="main">Beneficial influence of EDTA on the structure and catalytic properties of sulfided NiMo/SBA-15 catalysts for hydrotreating of light gas oil</ns0:title>
		<ns0:author>
			<ns0:persName><ns0:forename type="first">S</ns0:forename><ns0:surname>Badoga</ns0:surname></ns0:persName>
		</ns0:author>
		<ns0:author>
			<ns0:persName><ns0:forename type="first">C</ns0:forename><ns0:surname>Mouli</ns0:surname></ns0:persName>
		</ns0:author>
		<ns0:author>
			<ns0:persName><ns0:forename type="first">K</ns0:forename><ns0:surname>Soni</ns0:surname></ns0:persName>
		</ns0:author>
		<ns0:author>
			<ns0:persName><ns0:forename type="first">A</ns0:forename><ns0:surname>Dalai</ns0:surname></ns0:persName>
		</ns0:author>
		<ns0:author>
			<ns0:persName><ns0:forename type="first">J</ns0:forename><ns0:surname>Adjaye</ns0:surname></ns0:persName>
		</ns0:author>
		<ns0:idno type="DOI">10.1016/j.apcatb.2012.05.015</ns0:idno>
	</ns0:analytic>
	<ns0:monogr>
		<ns0:title level="j">Appl. Catal., B</ns0:title>
		<ns0:imprint>
			<ns0:biblScope unit="volume">125</ns0:biblScope>
			<ns0:biblScope unit="page" from="67" to="84" />
			<ns0:date type="published" when="2012">2012</ns0:date>
		</ns0:imprint>
	</ns0:monogr>
</ns0:biblStruct>

<ns0:biblStruct xml:id="b44">
	<ns0:analytic>
		<ns0:title level="a" type="main">The role of structural carbon in transition metal sulfides hydrotreating catalysts</ns0:title>
		<ns0:author>
			<ns0:persName><ns0:forename type="first">G</ns0:forename><ns0:surname>Berhault</ns0:surname></ns0:persName>
		</ns0:author>
		<ns0:author>
			<ns0:persName><ns0:forename type="first">A</ns0:forename><ns0:surname>Mehta</ns0:surname></ns0:persName>
		</ns0:author>
		<ns0:author>
			<ns0:persName><ns0:forename type="first">A</ns0:forename><ns0:surname>Pavel</ns0:surname></ns0:persName>
		</ns0:author>
		<ns0:author>
			<ns0:persName><ns0:forename type="first">J</ns0:forename><ns0:surname>Yang</ns0:surname></ns0:persName>
		</ns0:author>
		<ns0:author>
			<ns0:persName><ns0:forename type="first">L</ns0:forename><ns0:surname>Rendon</ns0:surname></ns0:persName>
		</ns0:author>
		<ns0:author>
			<ns0:persName><ns0:forename type="first">M</ns0:forename><ns0:surname>Yacaman</ns0:surname></ns0:persName>
		</ns0:author>
		<ns0:idno type="DOI">10.1006/jcat.2000.3124</ns0:idno>
	</ns0:analytic>
	<ns0:monogr>
		<ns0:title level="j">J. Catal</ns0:title>
		<ns0:imprint>
			<ns0:biblScope unit="volume">198</ns0:biblScope>
			<ns0:biblScope unit="page" from="9" to="19" />
			<ns0:date type="published" when="2001">2001</ns0:date>
		</ns0:imprint>
	</ns0:monogr>
</ns0:biblStruct>

<ns0:biblStruct xml:id="b45">
	<ns0:analytic>
		<ns0:title level="a" type="main">Structure of MoO 3 /Al 2 O 3 -SiO 2 catalysts</ns0:title>
		<ns0:author>
			<ns0:persName><ns0:forename type="first">M</ns0:forename><ns0:surname>Henker</ns0:surname></ns0:persName>
		</ns0:author>
		<ns0:author>
			<ns0:persName><ns0:forename type="first">K</ns0:forename><ns0:surname>Wendlandt</ns0:surname></ns0:persName>
		</ns0:author>
		<ns0:author>
			<ns0:persName><ns0:forename type="first">J</ns0:forename><ns0:surname>Valyon</ns0:surname></ns0:persName>
		</ns0:author>
		<ns0:author>
			<ns0:persName><ns0:forename type="first">P</ns0:forename><ns0:surname>Bornmann</ns0:surname></ns0:persName>
		</ns0:author>
		<ns0:idno type="DOI">10.1016/S0166-9834(00)83303-5</ns0:idno>
	</ns0:analytic>
	<ns0:monogr>
		<ns0:title level="j">Appl. Catal</ns0:title>
		<ns0:imprint>
			<ns0:biblScope unit="volume">69</ns0:biblScope>
			<ns0:biblScope unit="page" from="205" to="220" />
			<ns0:date type="published" when="1991">1991</ns0:date>
		</ns0:imprint>
	</ns0:monogr>
</ns0:biblStruct>

<ns0:biblStruct xml:id="b46">
	<ns0:analytic>
		<ns0:title level="a" type="main">Temperature-programmed reduction of MoO 3 and MoO 2</ns0:title>
		<ns0:author>
			<ns0:persName><ns0:forename type="first">P</ns0:forename><ns0:surname>Arnoldy</ns0:surname></ns0:persName>
		</ns0:author>
		<ns0:author>
			<ns0:persName><ns0:forename type="first">J</ns0:forename><ns0:surname>De Jonge</ns0:surname></ns0:persName>
		</ns0:author>
		<ns0:author>
			<ns0:persName><ns0:forename type="first">J</ns0:forename><ns0:surname>Moulijn</ns0:surname></ns0:persName>
		</ns0:author>
		<ns0:idno type="DOI">10.1021/j100267a021</ns0:idno>
	</ns0:analytic>
	<ns0:monogr>
		<ns0:title level="j">J. Phys. Chem. B</ns0:title>
		<ns0:imprint>
			<ns0:biblScope unit="volume">89</ns0:biblScope>
			<ns0:biblScope unit="page" from="4517" to="4526" />
			<ns0:date type="published" when="1985">1985</ns0:date>
		</ns0:imprint>
	</ns0:monogr>
</ns0:biblStruct>

<ns0:biblStruct xml:id="b47">
	<ns0:analytic>
		<ns0:title level="a" type="main">Silica-Alumina-Supported Acidic Molybdenum Catalysts-TPR and XRD Characterization</ns0:title>
		<ns0:author>
			<ns0:persName><ns0:forename type="first">S</ns0:forename><ns0:surname>Rajagopal</ns0:surname></ns0:persName>
		</ns0:author>
		<ns0:author>
			<ns0:persName><ns0:forename type="first">H</ns0:forename><ns0:surname>Marini</ns0:surname></ns0:persName>
		</ns0:author>
		<ns0:author>
			<ns0:persName><ns0:forename type="first">J</ns0:forename><ns0:surname>Marzari</ns0:surname></ns0:persName>
		</ns0:author>
		<ns0:author>
			<ns0:persName><ns0:forename type="first">R</ns0:forename><ns0:surname>Miranda</ns0:surname></ns0:persName>
		</ns0:author>
		<ns0:idno type="DOI">10.1006/jcat.1994.1159</ns0:idno>
	</ns0:analytic>
	<ns0:monogr>
		<ns0:title level="j">J. Catal</ns0:title>
		<ns0:imprint>
			<ns0:biblScope unit="volume">147</ns0:biblScope>
			<ns0:biblScope unit="page" from="417" to="428" />
			<ns0:date type="published" when="1994">1994</ns0:date>
		</ns0:imprint>
	</ns0:monogr>
</ns0:biblStruct>

<ns0:biblStruct xml:id="b48">
	<ns0:analytic>
		<ns0:title level="a" type="main">Bifunctional mechanism of pyridine hydrodenitrogenation</ns0:title>
		<ns0:author>
			<ns0:persName><ns0:forename type="first">J</ns0:forename><ns0:surname>Marzari</ns0:surname></ns0:persName>
		</ns0:author>
		<ns0:author>
			<ns0:persName><ns0:forename type="first">S</ns0:forename><ns0:surname>Rajagopal</ns0:surname></ns0:persName>
		</ns0:author>
		<ns0:author>
			<ns0:persName><ns0:forename type="first">R</ns0:forename><ns0:surname>Miranda</ns0:surname></ns0:persName>
		</ns0:author>
		<ns0:idno type="DOI">10.1006/jcat.1995.1252</ns0:idno>
	</ns0:analytic>
	<ns0:monogr>
		<ns0:title level="j">J. Catal</ns0:title>
		<ns0:imprint>
			<ns0:biblScope unit="volume">156</ns0:biblScope>
			<ns0:biblScope unit="page" from="255" to="264" />
			<ns0:date type="published" when="1995">1995</ns0:date>
		</ns0:imprint>
	</ns0:monogr>
</ns0:biblStruct>

<ns0:biblStruct xml:id="b49">
	<ns0:analytic>
		<ns0:title level="a" type="main">Reducibility of Ni-Mo/Al 2 O 3 catalysts: A TPR study</ns0:title>
		<ns0:author>
			<ns0:persName><ns0:forename type="first">J</ns0:forename><ns0:surname>Brito</ns0:surname></ns0:persName>
		</ns0:author>
		<ns0:author>
			<ns0:persName><ns0:forename type="first">J</ns0:forename><ns0:surname>Laine</ns0:surname></ns0:persName>
		</ns0:author>
		<ns0:idno type="DOI">10.1006/jcat.1993.1047</ns0:idno>
	</ns0:analytic>
	<ns0:monogr>
		<ns0:title level="j">J. Catal</ns0:title>
		<ns0:imprint>
			<ns0:biblScope unit="volume">139</ns0:biblScope>
			<ns0:biblScope unit="page" from="540" to="550" />
			<ns0:date type="published" when="1993">1993</ns0:date>
		</ns0:imprint>
	</ns0:monogr>
</ns0:biblStruct>

<ns0:biblStruct xml:id="b50">
	<ns0:analytic>
		<ns0:title level="a" type="main">Effect of mixed titania-alumina supports on the phase composition of NiMo/TiO 2 -Al 2 O 3 catalysts</ns0:title>
		<ns0:author>
			<ns0:persName><ns0:forename type="first">S</ns0:forename><ns0:surname>Damyanova</ns0:surname></ns0:persName>
		</ns0:author>
		<ns0:author>
			<ns0:persName><ns0:forename type="first">A</ns0:forename><ns0:surname>Spojakina</ns0:surname></ns0:persName>
		</ns0:author>
		<ns0:author>
			<ns0:persName><ns0:forename type="first">K</ns0:forename><ns0:surname>Jiratova</ns0:surname></ns0:persName>
		</ns0:author>
		<ns0:idno type="DOI">10.1016/0926-860X(95)00006-2</ns0:idno>
	</ns0:analytic>
	<ns0:monogr>
		<ns0:title level="j">Appl. Catal., A</ns0:title>
		<ns0:imprint>
			<ns0:biblScope unit="volume">125</ns0:biblScope>
			<ns0:biblScope unit="page" from="257" to="269" />
			<ns0:date type="published" when="1995">1995</ns0:date>
		</ns0:imprint>
	</ns0:monogr>
</ns0:biblStruct>

<ns0:biblStruct xml:id="b51">
	<ns0:analytic>
		<ns0:title level="a" type="main">Application of multi-walled carbon nanotubes as efficient support to NiMo hydrotreating catalyst</ns0:title>
		<ns0:author>
			<ns0:persName><ns0:forename type="first">I</ns0:forename><ns0:surname>Eswaramoorthi</ns0:surname></ns0:persName>
		</ns0:author>
		<ns0:author>
			<ns0:persName><ns0:forename type="first">V</ns0:forename><ns0:surname>Sundaramurthy</ns0:surname></ns0:persName>
		</ns0:author>
		<ns0:author>
			<ns0:persName><ns0:forename type="first">N</ns0:forename><ns0:surname>Das</ns0:surname></ns0:persName>
		</ns0:author>
		<ns0:author>
			<ns0:persName><ns0:forename type="first">A</ns0:forename><ns0:surname>Dalai</ns0:surname></ns0:persName>
		</ns0:author>
		<ns0:author>
			<ns0:persName><ns0:forename type="first">J</ns0:forename><ns0:surname>Adjaye</ns0:surname></ns0:persName>
		</ns0:author>
		<ns0:idno type="DOI">10.1016/j.apcata.2008.01.021</ns0:idno>
	</ns0:analytic>
	<ns0:monogr>
		<ns0:title level="j">Appl. Catal., A</ns0:title>
		<ns0:imprint>
			<ns0:biblScope unit="volume">339</ns0:biblScope>
			<ns0:biblScope unit="page" from="187" to="195" />
			<ns0:date type="published" when="2008">2008</ns0:date>
		</ns0:imprint>
	</ns0:monogr>
</ns0:biblStruct>

<ns0:biblStruct xml:id="b52">
	<ns0:analytic>
		<ns0:title level="a" type="main">Hydroprocessing of phenothiazine catalyzed by Co-Mo/&#947;-Al 2 O 3</ns0:title>
		<ns0:author>
			<ns0:persName><ns0:forename type="first">H</ns0:forename><ns0:surname>Kwart</ns0:surname></ns0:persName>
		</ns0:author>
		<ns0:author>
			<ns0:persName><ns0:forename type="first">J</ns0:forename><ns0:surname>Katzer</ns0:surname></ns0:persName>
		</ns0:author>
		<ns0:author>
			<ns0:persName><ns0:forename type="first">J</ns0:forename><ns0:surname>Horgan</ns0:surname></ns0:persName>
		</ns0:author>
		<ns0:idno type="DOI">10.1021/j100211a018</ns0:idno>
	</ns0:analytic>
	<ns0:monogr>
		<ns0:title level="j">J. Phys. Chem. C</ns0:title>
		<ns0:imprint>
			<ns0:biblScope unit="volume">86</ns0:biblScope>
			<ns0:biblScope unit="page" from="2641" to="2646" />
			<ns0:date type="published" when="1982">1982</ns0:date>
		</ns0:imprint>
	</ns0:monogr>
</ns0:biblStruct>

<ns0:biblStruct xml:id="b53">
	<ns0:analytic>
		<ns0:title level="a" type="main">Hydrotreating catalysts containing zeolites and related materials-mechanistic aspects related to deep sulfurization</ns0:title>
		<ns0:author>
			<ns0:persName><ns0:forename type="first">G</ns0:forename><ns0:surname>P&#233;rot</ns0:surname></ns0:persName>
		</ns0:author>
		<ns0:idno type="DOI">10.1016/S0920-5861(03)00407-3</ns0:idno>
	</ns0:analytic>
	<ns0:monogr>
		<ns0:title level="j">Catal. Today</ns0:title>
		<ns0:imprint>
			<ns0:biblScope unit="volume">86</ns0:biblScope>
			<ns0:biblScope unit="page" from="111" to="128" />
			<ns0:date type="published" when="2003">2003</ns0:date>
		</ns0:imprint>
	</ns0:monogr>
</ns0:biblStruct>

<ns0:biblStruct xml:id="b54">
	<ns0:analytic>
		<ns0:title level="a" type="main">The generation of Bronsted and Lewis acid sites on the surface of silica by addition of dopant cations</ns0:title>
		<ns0:author>
			<ns0:persName><ns0:forename type="first">G</ns0:forename><ns0:surname>Connell</ns0:surname></ns0:persName>
		</ns0:author>
		<ns0:author>
			<ns0:persName><ns0:forename type="first">J</ns0:forename><ns0:surname>Dumesic</ns0:surname></ns0:persName>
		</ns0:author>
		<ns0:idno type="DOI">10.1016/0021-9517(87)90059-5</ns0:idno>
	</ns0:analytic>
	<ns0:monogr>
		<ns0:title level="j">J. Catal</ns0:title>
		<ns0:imprint>
			<ns0:biblScope unit="volume">105</ns0:biblScope>
			<ns0:biblScope unit="page" from="285" to="298" />
			<ns0:date type="published" when="1987">1987</ns0:date>
		</ns0:imprint>
	</ns0:monogr>
</ns0:biblStruct>

<ns0:biblStruct xml:id="b55">
	<ns0:monogr>
		<ns0:title level="m" type="main">Synthesis of aluminum-modified 3D mesoporous TUD-I materials and their hydrotreating performance of FCC diesel</ns0:title>
		<ns0:author>
			<ns0:persName><ns0:forename type="first">Z</ns0:forename><ns0:surname>Wang</ns0:surname></ns0:persName>
		</ns0:author>
		<ns0:author>
			<ns0:persName><ns0:forename type="first">J</ns0:forename><ns0:surname>Fu</ns0:surname></ns0:persName>
		</ns0:author>
		<ns0:author>
			<ns0:persName><ns0:forename type="first">Y</ns0:forename><ns0:surname>Deng</ns0:surname></ns0:persName>
		</ns0:author>
		<ns0:author>
			<ns0:persName><ns0:forename type="first">A</ns0:forename><ns0:surname>Duan</ns0:surname></ns0:persName>
		</ns0:author>
		<ns0:author>
			<ns0:persName><ns0:forename type="first">Z</ns0:forename><ns0:surname>Zhao</ns0:surname></ns0:persName>
		</ns0:author>
		<ns0:author>
			<ns0:persName><ns0:forename type="first">G</ns0:forename><ns0:surname>Jiang</ns0:surname></ns0:persName>
		</ns0:author>
		<ns0:author>
			<ns0:persName><ns0:forename type="first">J</ns0:forename><ns0:surname>Liu</ns0:surname></ns0:persName>
		</ns0:author>
		<ns0:author>
			<ns0:persName><ns0:forename type="first">Y</ns0:forename><ns0:surname>Wei</ns0:surname></ns0:persName>
		</ns0:author>
		<ns0:author>
			<ns0:persName><ns0:forename type="first">S</ns0:forename><ns0:surname>Zhao</ns0:surname></ns0:persName>
		</ns0:author>
		<ns0:idno type="DOI">10.1039/C4RA10777B</ns0:idno>
		<ns0:imprint>
			<ns0:date type="published" when="2015">2015</ns0:date>
			<ns0:publisher>RSC Adv</ns0:publisher>
			<ns0:biblScope unit="volume">5</ns0:biblScope>
			<ns0:biblScope unit="page" from="5221" to="5230" />
		</ns0:imprint>
	</ns0:monogr>
</ns0:biblStruct>

<ns0:biblStruct xml:id="b56">
	<ns0:analytic>
		<ns0:title level="a" type="main">X-ray absorption spectroscopy in biology and chemistry</ns0:title>
		<ns0:author>
			<ns0:persName><ns0:forename type="first">G</ns0:forename><ns0:surname>George</ns0:surname></ns0:persName>
		</ns0:author>
		<ns0:author>
			<ns0:persName><ns0:forename type="first">I</ns0:forename><ns0:surname>Pickering</ns0:surname></ns0:persName>
		</ns0:author>
	</ns0:analytic>
	<ns0:monogr>
		<ns0:title level="s">Brilliant Light in Life and Material Sciences</ns0:title>
		<ns0:imprint />
	</ns0:monogr>
</ns0:biblStruct>

<ns0:biblStruct xml:id="b57">
	<ns0:monogr>
		<ns0:title />
		<ns0:author>
			<ns0:persName><ns0:forename type="first">V</ns0:forename><ns0:surname>Tsakanov</ns0:surname></ns0:persName>
		</ns0:author>
		<ns0:author>
			<ns0:persName><ns0:forename type="first">H</ns0:forename><ns0:surname>Wiedemann</ns0:surname></ns0:persName>
		</ns0:author>
		<ns0:imprint>
			<ns0:date type="published" when="2007">2007</ns0:date>
			<ns0:publisher>Dordrecht</ns0:publisher>
			<ns0:biblScope unit="page" from="97" to="119" />
		</ns0:imprint>
	</ns0:monogr>
</ns0:biblStruct>

<ns0:biblStruct xml:id="b58">
	<ns0:analytic>
		<ns0:title level="a" type="main">Analysis of soils and minerals using X-ray absorption spectroscopy</ns0:title>
		<ns0:author>
			<ns0:persName><ns0:forename type="first">S</ns0:forename><ns0:surname>Kelly</ns0:surname></ns0:persName>
		</ns0:author>
		<ns0:author>
			<ns0:persName><ns0:forename type="first">D</ns0:forename><ns0:surname>Hesterberg</ns0:surname></ns0:persName>
		</ns0:author>
		<ns0:author>
			<ns0:persName><ns0:forename type="first">B</ns0:forename><ns0:surname>Ravel</ns0:surname></ns0:persName>
		</ns0:author>
	</ns0:analytic>
	<ns0:monogr>
		<ns0:title level="m">Methods of soil analysis</ns0:title>
		<ns0:editor>
			<ns0:persName><ns0:forename type="first">L</ns0:forename><ns0:surname>Ulery</ns0:surname></ns0:persName>
		</ns0:editor>
		<ns0:editor>
			<ns0:persName><ns0:forename type="first">R</ns0:forename><ns0:surname>Drees</ns0:surname></ns0:persName>
		</ns0:editor>
		<ns0:imprint>
			<ns0:publisher>Madison</ns0:publisher>
			<ns0:date type="published" when="2008">2008</ns0:date>
			<ns0:biblScope unit="page" from="387" to="464" />
		</ns0:imprint>
	</ns0:monogr>
	<ns0:note>WI</ns0:note>
</ns0:biblStruct>

<ns0:biblStruct xml:id="b59">
	<ns0:analytic>
		<ns0:title level="a" type="main">Quantitative speciation of selenium in soils using x-ray absorption spectroscopy</ns0:title>
		<ns0:author>
			<ns0:persName><ns0:forename type="first">I</ns0:forename><ns0:surname>Pickering</ns0:surname></ns0:persName>
		</ns0:author>
		<ns0:author>
			<ns0:persName><ns0:forename type="first">G</ns0:forename><ns0:surname>Brown</ns0:surname></ns0:persName>
		</ns0:author>
		<ns0:author>
			<ns0:persName><ns0:forename type="first">T</ns0:forename><ns0:surname>Tokunaga</ns0:surname></ns0:persName>
		</ns0:author>
		<ns0:idno type="DOI">10.1021/es00009a043</ns0:idno>
	</ns0:analytic>
	<ns0:monogr>
		<ns0:title level="j">Environ. Sci. Technol</ns0:title>
		<ns0:imprint>
			<ns0:biblScope unit="volume">29</ns0:biblScope>
			<ns0:biblScope unit="page" from="2456" to="2459" />
			<ns0:date type="published" when="1995">1995</ns0:date>
		</ns0:imprint>
	</ns0:monogr>
</ns0:biblStruct>

<ns0:biblStruct xml:id="b60">
	<ns0:analytic>
		<ns0:title level="a" type="main">Molybdenum X-ray absorption edges from 200 to 20,000 eV: The benefits of soft X-ray spectroscopy for chemical speciation</ns0:title>
		<ns0:author>
			<ns0:persName><ns0:forename type="first">S</ns0:forename><ns0:surname>George</ns0:surname></ns0:persName>
		</ns0:author>
		<ns0:author>
			<ns0:persName><ns0:forename type="first">O</ns0:forename><ns0:surname>Drury</ns0:surname></ns0:persName>
		</ns0:author>
		<ns0:author>
			<ns0:persName><ns0:forename type="first">J</ns0:forename><ns0:surname>Fu</ns0:surname></ns0:persName>
		</ns0:author>
		<ns0:author>
			<ns0:persName><ns0:forename type="first">S</ns0:forename><ns0:surname>Friedrich</ns0:surname></ns0:persName>
		</ns0:author>
		<ns0:author>
			<ns0:persName><ns0:forename type="first">C</ns0:forename><ns0:surname>Doonan</ns0:surname></ns0:persName>
		</ns0:author>
		<ns0:author>
			<ns0:persName><ns0:forename type="first">G</ns0:forename><ns0:surname>George</ns0:surname></ns0:persName>
		</ns0:author>
		<ns0:idno type="DOI">10.1016/j.jinorgbio.2008.09.008</ns0:idno>
	</ns0:analytic>
	<ns0:monogr>
		<ns0:title level="j">J. Inorg. Biochem</ns0:title>
		<ns0:imprint>
			<ns0:biblScope unit="volume">103</ns0:biblScope>
			<ns0:biblScope unit="page" from="157" to="167" />
			<ns0:date type="published" when="2009">2009</ns0:date>
		</ns0:imprint>
	</ns0:monogr>
</ns0:biblStruct>

<ns0:biblStruct xml:id="b61">
	<ns0:analytic>
		<ns0:title level="a" type="main">Crystal structure of the heptamolybdate (VI)(paramolybdate)ion, [Mo 7 O 24 ]6-in the ammonium and potassium tetrahydrate salts</ns0:title>
		<ns0:author>
			<ns0:persName><ns0:forename type="first">H</ns0:forename><ns0:surname>Evans</ns0:surname></ns0:persName>
		</ns0:author>
		<ns0:author>
			<ns0:persName><ns0:forename type="first">B</ns0:forename><ns0:surname>Gatehouse</ns0:surname></ns0:persName>
		</ns0:author>
		<ns0:author>
			<ns0:persName><ns0:forename type="first">P</ns0:forename><ns0:surname>Leverett</ns0:surname></ns0:persName>
		</ns0:author>
		<ns0:idno type="DOI">10.1039/DT9750000505</ns0:idno>
	</ns0:analytic>
	<ns0:monogr>
		<ns0:title level="j">J. Chem. Soc</ns0:title>
		<ns0:imprint>
			<ns0:biblScope unit="volume">6</ns0:biblScope>
			<ns0:biblScope unit="page" from="505" to="514" />
			<ns0:date type="published" when="1975">1975</ns0:date>
			<ns0:pubPlace>Dalton Trans</ns0:pubPlace>
		</ns0:imprint>
	</ns0:monogr>
</ns0:biblStruct>

<ns0:biblStruct xml:id="b62">
	<ns0:analytic>
		<ns0:title level="a" type="main">Variability in the structure of supported MoO 3 catalysts: Studies using Raman and X-ray absorption spectroscopy with ab initio calculations</ns0:title>
		<ns0:author>
			<ns0:persName><ns0:forename type="first">R</ns0:forename><ns0:surname>Radhakrishnan</ns0:surname></ns0:persName>
		</ns0:author>
		<ns0:author>
			<ns0:persName><ns0:forename type="first">C</ns0:forename><ns0:surname>Reed</ns0:surname></ns0:persName>
		</ns0:author>
		<ns0:author>
			<ns0:persName><ns0:forename type="first">S</ns0:forename><ns0:surname>Oyama</ns0:surname></ns0:persName>
		</ns0:author>
		<ns0:author>
			<ns0:persName><ns0:forename type="first">M</ns0:forename><ns0:surname>Seman</ns0:surname></ns0:persName>
		</ns0:author>
		<ns0:author>
			<ns0:persName><ns0:forename type="first">J</ns0:forename><ns0:surname>Kondo</ns0:surname></ns0:persName>
		</ns0:author>
		<ns0:author>
			<ns0:persName><ns0:forename type="first">K</ns0:forename><ns0:surname>Domen</ns0:surname></ns0:persName>
		</ns0:author>
		<ns0:idno type="DOI">10.1021/jp0117361</ns0:idno>
	</ns0:analytic>
	<ns0:monogr>
		<ns0:title level="j">J. Phys. Chem. B</ns0:title>
		<ns0:imprint>
			<ns0:biblScope unit="volume">105</ns0:biblScope>
			<ns0:biblScope unit="page" from="8519" to="8530" />
			<ns0:date type="published" when="2001">2001</ns0:date>
		</ns0:imprint>
	</ns0:monogr>
</ns0:biblStruct>

<ns0:biblStruct xml:id="b63">
	<ns0:analytic>
		<ns0:title level="a" type="main">An EXAFS investigation of molybdate-based conversion coatings</ns0:title>
		<ns0:author>
			<ns0:persName><ns0:forename type="first">J</ns0:forename><ns0:surname>Wharton</ns0:surname></ns0:persName>
		</ns0:author>
		<ns0:author>
			<ns0:persName><ns0:forename type="first">D</ns0:forename><ns0:surname>Ross</ns0:surname></ns0:persName>
		</ns0:author>
		<ns0:author>
			<ns0:persName><ns0:forename type="first">G</ns0:forename><ns0:surname>Treacy</ns0:surname></ns0:persName>
		</ns0:author>
		<ns0:author>
			<ns0:persName><ns0:forename type="first">G</ns0:forename><ns0:surname>Wilcox</ns0:surname></ns0:persName>
		</ns0:author>
		<ns0:author>
			<ns0:persName><ns0:forename type="first">K</ns0:forename><ns0:surname>Baldwin</ns0:surname></ns0:persName>
		</ns0:author>
		<ns0:idno type="DOI">10.1023/A:1024911119051</ns0:idno>
	</ns0:analytic>
	<ns0:monogr>
		<ns0:title level="j">J. Appl. Electrochem</ns0:title>
		<ns0:imprint>
			<ns0:biblScope unit="volume">33</ns0:biblScope>
			<ns0:biblScope unit="page" from="553" to="561" />
			<ns0:date type="published" when="2003">2003</ns0:date>
		</ns0:imprint>
	</ns0:monogr>
</ns0:biblStruct>

<ns0:biblStruct xml:id="b64">
	<ns0:analytic>
		<ns0:title level="a" type="main">Geochemical and mineralogical characterization of sulfur and iron in coal waste rock</ns0:title>
		<ns0:author>
			<ns0:persName><ns0:forename type="first">J</ns0:forename><ns0:surname>Essilfie-Dughan</ns0:surname></ns0:persName>
		</ns0:author>
		<ns0:author>
			<ns0:persName><ns0:forename type="first">M</ns0:forename><ns0:surname>Hendry</ns0:surname></ns0:persName>
		</ns0:author>
		<ns0:author>
			<ns0:persName><ns0:forename type="first">J</ns0:forename><ns0:surname>Dynes</ns0:surname></ns0:persName>
		</ns0:author>
		<ns0:author>
			<ns0:persName><ns0:forename type="first">Y</ns0:forename><ns0:surname>Hu</ns0:surname></ns0:persName>
		</ns0:author>
		<ns0:author>
			<ns0:persName><ns0:forename type="first">A</ns0:forename><ns0:surname>Biswas</ns0:surname></ns0:persName>
		</ns0:author>
		<ns0:author>
			<ns0:persName><ns0:forename type="first">S</ns0:forename><ns0:surname>Lee Barbour</ns0:surname></ns0:persName>
		</ns0:author>
		<ns0:idno type="DOI">10.1016/j.scitotenv.2017.02.053</ns0:idno>
	</ns0:analytic>
	<ns0:monogr>
		<ns0:title level="j">Sci. Total Environ</ns0:title>
		<ns0:imprint>
			<ns0:biblScope unit="volume">586</ns0:biblScope>
			<ns0:biblScope unit="page" from="753" to="769" />
			<ns0:date type="published" when="2017">2017</ns0:date>
			<ns0:pubPlace>Elk Valley, British Columbia, Canada</ns0:pubPlace>
		</ns0:imprint>
	</ns0:monogr>
</ns0:biblStruct>

<ns0:biblStruct xml:id="b65">
	<ns0:monogr>
		<ns0:title />
		<ns0:author>
			<ns0:persName><ns0:forename type="first">H</ns0:forename><ns0:surname>Topsoe</ns0:surname></ns0:persName>
		</ns0:author>
		<ns0:author>
			<ns0:persName><ns0:forename type="first">B</ns0:forename><ns0:surname>Clausen</ns0:surname></ns0:persName>
		</ns0:author>
		<ns0:author>
			<ns0:persName><ns0:forename type="first">F</ns0:forename><ns0:forename type="middle">Hydrotreating</ns0:forename><ns0:surname>Massoth</ns0:surname></ns0:persName>
		</ns0:author>
		<ns0:author>
			<ns0:persName><ns0:surname>Catalysis</ns0:surname></ns0:persName>
		</ns0:author>
		<ns0:imprint />
	</ns0:monogr>
</ns0:biblStruct>

<ns0:biblStruct xml:id="b66">
	<ns0:analytic>
		<ns0:title />
	</ns0:analytic>
	<ns0:monogr>
		<ns0:title level="j">Catalysis Science and Technology</ns0:title>
		<ns0:editor>
			<ns0:persName><ns0:forename type="first">J</ns0:forename><ns0:surname>Anderson</ns0:surname></ns0:persName>
		</ns0:editor>
		<ns0:editor>
			<ns0:persName><ns0:forename type="first">M</ns0:forename><ns0:surname>Boudart</ns0:surname></ns0:persName>
		</ns0:editor>
		<ns0:imprint>
			<ns0:biblScope unit="volume">11</ns0:biblScope>
			<ns0:biblScope unit="page" from="1" to="269" />
			<ns0:date type="published" when="1996">1996</ns0:date>
		</ns0:imprint>
	</ns0:monogr>
</ns0:biblStruct>

<ns0:biblStruct xml:id="b67">
	<ns0:analytic>
		<ns0:title level="a" type="main">Characterization and evaluation of ZrO 2 supported hydrotreating catalysts</ns0:title>
		<ns0:author>
			<ns0:persName><ns0:forename type="first">S</ns0:forename><ns0:surname>Maity</ns0:surname></ns0:persName>
		</ns0:author>
		<ns0:author>
			<ns0:persName><ns0:forename type="first">M</ns0:forename><ns0:surname>Rana</ns0:surname></ns0:persName>
		</ns0:author>
		<ns0:author>
			<ns0:persName><ns0:forename type="first">B</ns0:forename><ns0:surname>Srinivas</ns0:surname></ns0:persName>
		</ns0:author>
		<ns0:author>
			<ns0:persName><ns0:forename type="first">S</ns0:forename><ns0:surname>Bej</ns0:surname></ns0:persName>
		</ns0:author>
		<ns0:author>
			<ns0:persName><ns0:forename type="first">G</ns0:forename><ns0:surname>Dhar</ns0:surname></ns0:persName>
		</ns0:author>
		<ns0:author>
			<ns0:persName><ns0:forename type="first">T</ns0:forename><ns0:surname>Rao</ns0:surname></ns0:persName>
		</ns0:author>
		<ns0:idno type="DOI">10.1016/S1381-1169(99)00311-8</ns0:idno>
	</ns0:analytic>
	<ns0:monogr>
		<ns0:title level="j">J. Mol. Catal. A: Chem</ns0:title>
		<ns0:imprint>
			<ns0:biblScope unit="volume">153</ns0:biblScope>
			<ns0:biblScope unit="page" from="121" to="127" />
			<ns0:date type="published" when="2000">2000</ns0:date>
		</ns0:imprint>
	</ns0:monogr>
</ns0:biblStruct>

<ns0:biblStruct xml:id="b68">
	<ns0:analytic>
		<ns0:title level="a" type="main">XAFS study of molybdenum oxide catalysts on various support</ns0:title>
		<ns0:author>
			<ns0:persName><ns0:forename type="first">H</ns0:forename><ns0:surname>Shimada</ns0:surname></ns0:persName>
		</ns0:author>
		<ns0:author>
			<ns0:persName><ns0:forename type="first">N</ns0:forename><ns0:surname>Matsubayashi</ns0:surname></ns0:persName>
		</ns0:author>
		<ns0:author>
			<ns0:persName><ns0:forename type="first">T</ns0:forename><ns0:surname>Sato</ns0:surname></ns0:persName>
		</ns0:author>
		<ns0:author>
			<ns0:persName><ns0:forename type="first">Y</ns0:forename><ns0:surname>Yoshimura</ns0:surname></ns0:persName>
		</ns0:author>
		<ns0:author>
			<ns0:persName><ns0:forename type="first">A</ns0:forename><ns0:surname>Nishijima</ns0:surname></ns0:persName>
		</ns0:author>
		<ns0:author>
			<ns0:persName><ns0:forename type="first">N</ns0:forename><ns0:surname>Kosugi</ns0:surname></ns0:persName>
		</ns0:author>
		<ns0:idno type="DOI">10.1016/0021-9517(92)90321-8</ns0:idno>
	</ns0:analytic>
	<ns0:monogr>
		<ns0:title level="j">J. Catal</ns0:title>
		<ns0:imprint>
			<ns0:biblScope unit="volume">138</ns0:biblScope>
			<ns0:biblScope unit="page" from="746" to="749" />
			<ns0:date type="published" when="1992">1992</ns0:date>
		</ns0:imprint>
	</ns0:monogr>
</ns0:biblStruct>

<ns0:biblStruct xml:id="b69">
	<ns0:analytic>
		<ns0:title level="a" type="main">EXAFS study of molybdenum oxide on the structure Al 2 O 3</ns0:title>
		<ns0:author>
			<ns0:persName><ns0:forename type="first">W</ns0:forename><ns0:surname>Shi</ns0:surname></ns0:persName>
		</ns0:author>
		<ns0:author>
			<ns0:persName><ns0:forename type="first">X</ns0:forename><ns0:surname>Cai</ns0:surname></ns0:persName>
		</ns0:author>
		<ns0:author>
			<ns0:persName><ns0:forename type="first">J</ns0:forename><ns0:surname>Wei</ns0:surname></ns0:persName>
		</ns0:author>
		<ns0:author>
			<ns0:persName><ns0:forename type="first">J</ns0:forename><ns0:surname>Ma</ns0:surname></ns0:persName>
		</ns0:author>
		<ns0:author>
			<ns0:persName><ns0:forename type="first">T</ns0:forename><ns0:surname>Hu</ns0:surname></ns0:persName>
		</ns0:author>
		<ns0:author>
			<ns0:persName><ns0:forename type="first">N</ns0:forename><ns0:surname>Wu</ns0:surname></ns0:persName>
		</ns0:author>
		<ns0:idno type="DOI">10.1002/sia.1037</ns0:idno>
	</ns0:analytic>
	<ns0:monogr>
		<ns0:title level="j">Surf. Interface Anal</ns0:title>
		<ns0:imprint>
			<ns0:biblScope unit="volume">32</ns0:biblScope>
			<ns0:biblScope unit="page" from="202" to="204" />
			<ns0:date type="published" when="2001">2001</ns0:date>
		</ns0:imprint>
	</ns0:monogr>
</ns0:biblStruct>

<ns0:biblStruct xml:id="b70">
	<ns0:analytic>
		<ns0:title level="a" type="main">Influence of pore structure and chemical properties of supported Mo catalysts on their performance in upgrading heavy coal liquids</ns0:title>
		<ns0:author>
			<ns0:persName><ns0:forename type="first">M</ns0:forename><ns0:surname>Lv</ns0:surname></ns0:persName>
		</ns0:author>
		<ns0:author>
			<ns0:persName><ns0:forename type="first">W</ns0:forename><ns0:surname>Xie</ns0:surname></ns0:persName>
		</ns0:author>
		<ns0:author>
			<ns0:persName><ns0:forename type="first">S</ns0:forename><ns0:surname>Sun</ns0:surname></ns0:persName>
		</ns0:author>
		<ns0:author>
			<ns0:persName><ns0:forename type="first">G</ns0:forename><ns0:surname>Wu</ns0:surname></ns0:persName>
		</ns0:author>
		<ns0:author>
			<ns0:persName><ns0:forename type="first">L</ns0:forename><ns0:surname>Zheng</ns0:surname></ns0:persName>
		</ns0:author>
		<ns0:author>
			<ns0:persName><ns0:forename type="first">S</ns0:forename><ns0:surname>Chu</ns0:surname></ns0:persName>
		</ns0:author>
		<ns0:author>
			<ns0:persName><ns0:forename type="first">C</ns0:forename><ns0:surname>Gao</ns0:surname></ns0:persName>
		</ns0:author>
		<ns0:idno type="DOI">10.1021/ef00035a013</ns0:idno>
	</ns0:analytic>
	<ns0:monogr>
		<ns0:title level="j">Catal. Sci. Technol</ns0:title>
		<ns0:imprint>
			<ns0:biblScope unit="volume">6</ns0:biblScope>
			<ns0:biblScope unit="page" from="619" to="628" />
			<ns0:date type="published" when="1992">2015, 5, 2925. 1992</ns0:date>
		</ns0:imprint>
	</ns0:monogr>
	<ns0:note>Energy Fuels</ns0:note>
</ns0:biblStruct>

<ns0:biblStruct xml:id="b71">
	<ns0:analytic>
		<ns0:title level="a" type="main">Synthesis, characterization, and thiophene hydrodesulfurization activity of novel microporous and mesomacroporous carbon</ns0:title>
		<ns0:author>
			<ns0:persName><ns0:forename type="first">M</ns0:forename><ns0:surname>Hussain</ns0:surname></ns0:persName>
		</ns0:author>
		<ns0:author>
			<ns0:persName><ns0:forename type="first">J</ns0:forename><ns0:surname>Yun</ns0:surname></ns0:persName>
		</ns0:author>
		<ns0:author>
			<ns0:persName><ns0:forename type="first">S</ns0:forename><ns0:surname>Ihm</ns0:surname></ns0:persName>
		</ns0:author>
		<ns0:author>
			<ns0:persName><ns0:forename type="first">N</ns0:forename><ns0:surname>Russo</ns0:surname></ns0:persName>
		</ns0:author>
		<ns0:author>
			<ns0:persName><ns0:forename type="first">F</ns0:forename><ns0:surname>Geobaldo</ns0:surname></ns0:persName>
		</ns0:author>
		<ns0:idno type="DOI">10.1021/ie100574w</ns0:idno>
	</ns0:analytic>
	<ns0:monogr>
		<ns0:title level="j">Ind. Eng. Chem. Res</ns0:title>
		<ns0:imprint>
			<ns0:biblScope unit="volume">50</ns0:biblScope>
			<ns0:biblScope unit="page" from="2530" to="2535" />
			<ns0:date type="published" when="2011">2011</ns0:date>
		</ns0:imprint>
	</ns0:monogr>
</ns0:biblStruct>

<ns0:biblStruct xml:id="b72">
	<ns0:analytic>
		<ns0:title level="a" type="main">catalyst containing nano-sized zeolite Y for deep hydrodesulfurization and by hydrodenitrogenation of diesel</ns0:title>
		<ns0:author>
			<ns0:persName><ns0:forename type="first">H</ns0:forename><ns0:surname>Yin</ns0:surname></ns0:persName>
		</ns0:author>
		<ns0:author>
			<ns0:persName><ns0:forename type="first">T</ns0:forename><ns0:surname>Zhou</ns0:surname></ns0:persName>
		</ns0:author>
		<ns0:author>
			<ns0:persName><ns0:forename type="first">Y</ns0:forename><ns0:surname>Liu</ns0:surname></ns0:persName>
		</ns0:author>
		<ns0:author>
			<ns0:persName><ns0:forename type="first">Y</ns0:forename><ns0:surname>Chai</ns0:surname></ns0:persName>
		</ns0:author>
		<ns0:author>
			<ns0:persName><ns0:forename type="first">C</ns0:forename><ns0:surname>Liu</ns0:surname></ns0:persName>
		</ns0:author>
		<ns0:idno type="DOI">10.1016/S1003-9953(10)60204-6</ns0:idno>
	</ns0:analytic>
	<ns0:monogr>
		<ns0:title level="j">J. Nat. Gas Chem</ns0:title>
		<ns0:imprint>
			<ns0:biblScope unit="volume">20</ns0:biblScope>
			<ns0:biblScope unit="issue">2 O 3</ns0:biblScope>
			<ns0:biblScope unit="page" from="441" to="448" />
			<ns0:date type="published" when="2011">2011</ns0:date>
		</ns0:imprint>
	</ns0:monogr>
</ns0:biblStruct>

<ns0:biblStruct xml:id="b73">
	<ns0:monogr>
		<ns0:title level="m" type="main">Hydrotreating of gas oils using Ni-Mo catalyst supported on carbon nanohorns and associated carbon material</ns0:title>
		<ns0:author>
			<ns0:persName><ns0:forename type="first">E</ns0:forename><ns0:surname>Aryee</ns0:surname></ns0:persName>
		</ns0:author>
		<ns0:imprint>
			<ns0:date type="published" when="2019">2019</ns0:date>
		</ns0:imprint>
		<ns0:respStmt>
			<ns0:orgName>University of Saskatchewan</ns0:orgName>
		</ns0:respStmt>
	</ns0:monogr>
	<ns0:note type="report_type">Doctor of Philosophy Thesis</ns0:note>
</ns0:biblStruct>

				</ns0:listBibl>
			</ns0:div>
		</ns0:back>
	</ns0:text>
</ns0:TEI>