<ns0:TEI xmlns:ns0="http://www.tei-c.org/ns/1.0" xmlns:xsi="http://www.w3.org/2001/XMLSchema-instance" xml:space="preserve" xsi:schemaLocation="http://www.tei-c.org/ns/1.0 https://raw.githubusercontent.com/kermitt2/grobid/master/grobid-home/schemas/xsd/Grobid.xsd">
	<ns0:teiHeader xml:lang="en">
		<ns0:fileDesc>
			<ns0:titleStmt>
				<ns0:title level="a" type="main">Self-Enhanced Chemiluminescence of Tris(bipyridine) Ruthenium(II) Derivative Nanohybrids: Mechanism Insight and Application for Sensitive Silver Ions Detection</ns0:title>
			</ns0:titleStmt>
			<ns0:publicationStmt>
				<ns0:publisher />
				<ns0:availability status="unknown"><ns0:licence /></ns0:availability>
			</ns0:publicationStmt>
			<ns0:sourceDesc>
				<ns0:biblStruct>
					<ns0:analytic>
						<ns0:author>
							<ns0:persName><ns0:forename type="first">Mengxia</ns0:forename><ns0:surname>Yan</ns0:surname></ns0:persName>
							<ns0:affiliation key="aff0">
								<ns0:orgName type="laboratory">State Key Laboratory of Electroanalytical Chemistry</ns0:orgName>
								<ns0:orgName type="institution">Changchun Institute of Applied Chemistry</ns0:orgName>
								<ns0:address>
									<ns0:postCode>130022</ns0:postCode>
									<ns0:settlement>Changchun</ns0:settlement>
									<ns0:region>Jilin</ns0:region>
									<ns0:country key="CN">China</ns0:country>
								</ns0:address>
							</ns0:affiliation>
							<ns0:affiliation key="aff1">
								<ns0:orgName type="institution">University of Science and Technology of China</ns0:orgName>
								<ns0:address>
									<ns0:postCode>230026</ns0:postCode>
									<ns0:settlement>Hefei</ns0:settlement>
									<ns0:region>Anhui</ns0:region>
									<ns0:country key="CN">China</ns0:country>
								</ns0:address>
							</ns0:affiliation>
						</ns0:author>
						<ns0:author>
							<ns0:persName><ns0:forename type="first">Jing</ns0:forename><ns0:surname>Ye</ns0:surname></ns0:persName>
							<ns0:affiliation key="aff1">
								<ns0:orgName type="institution">University of Science and Technology of China</ns0:orgName>
								<ns0:address>
									<ns0:postCode>230026</ns0:postCode>
									<ns0:settlement>Hefei</ns0:settlement>
									<ns0:region>Anhui</ns0:region>
									<ns0:country key="CN">China</ns0:country>
								</ns0:address>
							</ns0:affiliation>
						</ns0:author>
						<ns0:author>
							<ns0:persName><ns0:forename type="first">Qiuju</ns0:forename><ns0:surname>Zhu</ns0:surname></ns0:persName>
							<ns0:affiliation key="aff1">
								<ns0:orgName type="institution">University of Science and Technology of China</ns0:orgName>
								<ns0:address>
									<ns0:postCode>230026</ns0:postCode>
									<ns0:settlement>Hefei</ns0:settlement>
									<ns0:region>Anhui</ns0:region>
									<ns0:country key="CN">China</ns0:country>
								</ns0:address>
							</ns0:affiliation>
						</ns0:author>
						<ns0:author>
							<ns0:persName><ns0:forename type="first">Liping</ns0:forename><ns0:surname>Zhu</ns0:surname></ns0:persName>
						</ns0:author>
						<ns0:author>
							<ns0:persName><ns0:forename type="first">Ting</ns0:forename><ns0:surname>Xiao</ns0:surname></ns0:persName>
							<ns0:affiliation key="aff0">
								<ns0:orgName type="laboratory">State Key Laboratory of Electroanalytical Chemistry</ns0:orgName>
								<ns0:orgName type="institution">Changchun Institute of Applied Chemistry</ns0:orgName>
								<ns0:address>
									<ns0:postCode>130022</ns0:postCode>
									<ns0:settlement>Changchun</ns0:settlement>
									<ns0:region>Jilin</ns0:region>
									<ns0:country key="CN">China</ns0:country>
								</ns0:address>
							</ns0:affiliation>
							<ns0:affiliation key="aff1">
								<ns0:orgName type="institution">University of Science and Technology of China</ns0:orgName>
								<ns0:address>
									<ns0:postCode>230026</ns0:postCode>
									<ns0:settlement>Hefei</ns0:settlement>
									<ns0:region>Anhui</ns0:region>
									<ns0:country key="CN">China</ns0:country>
								</ns0:address>
							</ns0:affiliation>
						</ns0:author>
						<ns0:author>
							<ns0:persName><ns0:forename type="first">Jianshe</ns0:forename><ns0:surname>Huang</ns0:surname></ns0:persName>
							<ns0:email>huangjs@ciac.ac.cn</ns0:email>
							<ns0:affiliation key="aff0">
								<ns0:orgName type="laboratory">State Key Laboratory of Electroanalytical Chemistry</ns0:orgName>
								<ns0:orgName type="institution">Changchun Institute of Applied Chemistry</ns0:orgName>
								<ns0:address>
									<ns0:postCode>130022</ns0:postCode>
									<ns0:settlement>Changchun</ns0:settlement>
									<ns0:region>Jilin</ns0:region>
									<ns0:country key="CN">China</ns0:country>
								</ns0:address>
							</ns0:affiliation>
							<ns0:affiliation key="aff1">
								<ns0:orgName type="institution">University of Science and Technology of China</ns0:orgName>
								<ns0:address>
									<ns0:postCode>230026</ns0:postCode>
									<ns0:settlement>Hefei</ns0:settlement>
									<ns0:region>Anhui</ns0:region>
									<ns0:country key="CN">China</ns0:country>
								</ns0:address>
							</ns0:affiliation>
						</ns0:author>
						<ns0:author>
							<ns0:persName><ns0:forename type="first">Xiurong</ns0:forename><ns0:surname>Yang</ns0:surname></ns0:persName>
							<ns0:email>xryang@ciac.ac.cn</ns0:email>
							<ns0:affiliation key="aff0">
								<ns0:orgName type="laboratory">State Key Laboratory of Electroanalytical Chemistry</ns0:orgName>
								<ns0:orgName type="institution">Changchun Institute of Applied Chemistry</ns0:orgName>
								<ns0:address>
									<ns0:postCode>130022</ns0:postCode>
									<ns0:settlement>Changchun</ns0:settlement>
									<ns0:region>Jilin</ns0:region>
									<ns0:country key="CN">China</ns0:country>
								</ns0:address>
							</ns0:affiliation>
							<ns0:affiliation key="aff1">
								<ns0:orgName type="institution">University of Science and Technology of China</ns0:orgName>
								<ns0:address>
									<ns0:postCode>230026</ns0:postCode>
									<ns0:settlement>Hefei</ns0:settlement>
									<ns0:region>Anhui</ns0:region>
									<ns0:country key="CN">China</ns0:country>
								</ns0:address>
							</ns0:affiliation>
						</ns0:author>
						<ns0:title level="a" type="main">Self-Enhanced Chemiluminescence of Tris(bipyridine) Ruthenium(II) Derivative Nanohybrids: Mechanism Insight and Application for Sensitive Silver Ions Detection</ns0:title>
					</ns0:analytic>
					<ns0:monogr>
						<ns0:imprint>
							<ns0:date />
						</ns0:imprint>
					</ns0:monogr>
				</ns0:biblStruct>
			</ns0:sourceDesc>
		</ns0:fileDesc>
		<ns0:encodingDesc>
			<ns0:appInfo>
				<ns0:application version="0.7.3" ident="GROBID" when="2023-07-24T07:38+0000">
					<ns0:desc>GROBID - A machine learning software for extracting information from scholarly documents</ns0:desc>
					<ns0:ref target="https://github.com/kermitt2/grobid" />
				</ns0:application>
			</ns0:appInfo>
		</ns0:encodingDesc>
		<ns0:profileDesc>
			<ns0:abstract>
<ns0:div><ns0:p>In recent years, self-enhanced tris(bipyridine) ruthenium(II)-based luminescence systems have achieved great development in electrochemiluminescence (ECL), but is seldom mentioned in chemiluminescence (CL). Herein, a self-enhanced CL luminophore with excellent CL behavior was synthesized by covalently crosslinking tris(4,4&#61602;-dicarboxylic acid-2,2&#61602;-bipyridyl) ruthenium(II) dichloride ([Ru(dcbpy) 3 ]Cl 2 ) with branched polyethyleneimine (BPEI) in one molecule (BPEI-Ru(II)), which then self-assembled into nanoparticles (BRuNPs). The nanoparticles exhibited stable and strong CL emission with potassium persulfate (K 2 S 2 O 8 ) as oxidant. After the redox reaction between K 2 S 2 O 8 and BRuNPs, and the subsequent intramolecular electron-transfer reaction, excited state luminophores were generated to emit light. This self-enhanced CL system shortened the electron transfer distance and reduced energy loss, thus improving the luminous efficiency. In addition, the CL lifetime of BRuNPs/K 2 S 2 O 8 was longer than classical luminophore such as N-(4-Aminobutyl)-N-ethylisoluminol (ABEI), indicating the potential application of this system in CL imaging. Surprisingly, Ag + was found to greatly improve the CL efficiency of BRuNPs/K 2 S 2 O 8 by catalyzing the decomposition of K 2 S 2 O 8 to generate SO 4</ns0:p><ns0:p>&#8226;-. Based on the enhancement effect of Ag + , a simple and rapid CL method was proposed for Ag + detection. The chemosensor showed wide linger range from 25 nM to 3000 nM, low detection limit of 9.03 nM, as well as good stability and excellent selectivity. More importantly, this result indicated that Ag + can be used as coreaction accelerator to develop a ternary self-enhanced CL system, BRuNPs/K 2 S 2 O 8 /Ag + .</ns0:p></ns0:div>
			</ns0:abstract>
		</ns0:profileDesc>
	</ns0:teiHeader>
	<ns0:text xml:lang="en">
		<ns0:back>

			<ns0:div type="acknowledgement">
<ns0:div><ns0:head>ACKNOWLEDGMENT</ns0:head><ns0:p>This work was supported by the National Key Research and Development Program of China (2016YFA0201301), the National Natural Science Foundation of China (No. 21721003, and 21627808), the Key Research Program of Frontier Sciences, CAS (QYZDY-SSW-SLH019).</ns0:p></ns0:div>
			</ns0:div>


			<ns0:div type="availability">
<ns0:div><ns0:head>ACS Paragon Plus Environment</ns0:head><ns0:p>Analytical Chemistry</ns0:p></ns0:div>
			</ns0:div>

			<ns0:div type="annex">
<ns0:div><ns0:p>with double enhancement effect was expected to apply in more fields.</ns0:p></ns0:div>
<ns0:div><ns0:head>ASSOCIATED CONTENT Supporting Information</ns0:head><ns0:p>The Supporting Information is available free of charge on the ACS Publications website. Zeta potential analysis of BRuNPs (  </ns0:p></ns0:div>
<ns0:div><ns0:head>Author Contributions</ns0:head><ns0:p>The manuscript was written through contributions of all authors.</ns0:p></ns0:div>
<ns0:div><ns0:head>Notes</ns0:head><ns0:p>The authors declare no competing financial interest.</ns0:p></ns0:div>			</ns0:div>
			<ns0:div type="references">

				<ns0:listBibl>

<ns0:biblStruct xml:id="b0">
	<ns0:analytic>
		<ns0:title />
		<ns0:author>
			<ns0:persName><ns0:forename type="first">M</ns0:forename><ns0:surname>Saqib</ns0:surname></ns0:persName>
		</ns0:author>
		<ns0:author>
			<ns0:persName><ns0:forename type="first">W</ns0:forename><ns0:forename type="middle">Y</ns0:forename><ns0:surname>Gao</ns0:surname></ns0:persName>
		</ns0:author>
		<ns0:author>
			<ns0:persName><ns0:forename type="first">J</ns0:forename><ns0:forename type="middle">P</ns0:forename><ns0:surname>Lai</ns0:surname></ns0:persName>
		</ns0:author>
		<ns0:author>
			<ns0:persName><ns0:forename type="first">L</ns0:forename><ns0:forename type="middle">M</ns0:forename><ns0:surname>Qi</ns0:surname></ns0:persName>
		</ns0:author>
		<ns0:author>
			<ns0:persName><ns0:forename type="first">S</ns0:forename><ns0:surname>Majeed</ns0:surname></ns0:persName>
		</ns0:author>
		<ns0:author>
			<ns0:persName><ns0:forename type="first">M</ns0:forename><ns0:forename type="middle">R H S</ns0:forename><ns0:surname>Gilani</ns0:surname></ns0:persName>
		</ns0:author>
		<ns0:author>
			<ns0:persName><ns0:forename type="first">G</ns0:forename><ns0:forename type="middle">B</ns0:forename><ns0:surname>Xu</ns0:surname></ns0:persName>
		</ns0:author>
	</ns0:analytic>
	<ns0:monogr>
		<ns0:title level="j">Chem. Commun</ns0:title>
		<ns0:imprint>
			<ns0:biblScope unit="volume">51</ns0:biblScope>
			<ns0:biblScope unit="page" from="6536" to="6539" />
			<ns0:date type="published" when="2015">2015</ns0:date>
		</ns0:imprint>
	</ns0:monogr>
</ns0:biblStruct>

<ns0:biblStruct xml:id="b1">
	<ns0:analytic>
		<ns0:title />
		<ns0:author>
			<ns0:persName><ns0:forename type="first">G</ns0:forename><ns0:forename type="middle">J</ns0:forename><ns0:surname>Guan</ns0:surname></ns0:persName>
		</ns0:author>
		<ns0:author>
			<ns0:persName><ns0:forename type="first">L</ns0:forename><ns0:surname>Yang</ns0:surname></ns0:persName>
		</ns0:author>
		<ns0:author>
			<ns0:persName><ns0:forename type="first">Q</ns0:forename><ns0:forename type="middle">S</ns0:forename><ns0:surname>Mei</ns0:surname></ns0:persName>
		</ns0:author>
		<ns0:author>
			<ns0:persName><ns0:forename type="first">K</ns0:forename><ns0:surname>Zhang</ns0:surname></ns0:persName>
		</ns0:author>
		<ns0:author>
			<ns0:persName><ns0:forename type="first">Z</ns0:forename><ns0:forename type="middle">P</ns0:forename><ns0:surname>Zhang</ns0:surname></ns0:persName>
		</ns0:author>
		<ns0:author>
			<ns0:persName><ns0:forename type="first">M</ns0:forename><ns0:forename type="middle">Y</ns0:forename><ns0:surname>Han</ns0:surname></ns0:persName>
		</ns0:author>
	</ns0:analytic>
	<ns0:monogr>
		<ns0:title level="j">Anal. Chem</ns0:title>
		<ns0:imprint>
			<ns0:biblScope unit="volume">84</ns0:biblScope>
			<ns0:biblScope unit="page" from="9492" to="9497" />
			<ns0:date type="published" when="2012">2012</ns0:date>
		</ns0:imprint>
	</ns0:monogr>
</ns0:biblStruct>

<ns0:biblStruct xml:id="b2">
	<ns0:analytic>
		<ns0:title />
		<ns0:author>
			<ns0:persName><ns0:forename type="first">M</ns0:forename><ns0:surname>Saqib</ns0:surname></ns0:persName>
		</ns0:author>
		<ns0:author>
			<ns0:persName><ns0:forename type="first">S</ns0:forename><ns0:surname>Bashir</ns0:surname></ns0:persName>
		</ns0:author>
		<ns0:author>
			<ns0:persName><ns0:forename type="first">H</ns0:forename><ns0:forename type="middle">J</ns0:forename><ns0:surname>Li</ns0:surname></ns0:persName>
		</ns0:author>
		<ns0:author>
			<ns0:persName><ns0:forename type="first">S</ns0:forename><ns0:forename type="middle">S</ns0:forename><ns0:surname>Wang</ns0:surname></ns0:persName>
		</ns0:author>
		<ns0:author>
			<ns0:persName><ns0:forename type="first">Y</ns0:forename><ns0:forename type="middle">D</ns0:forename><ns0:surname>Jin</ns0:surname></ns0:persName>
		</ns0:author>
	</ns0:analytic>
	<ns0:monogr>
		<ns0:title level="j">Anal. Chem</ns0:title>
		<ns0:imprint>
			<ns0:biblScope unit="volume">91</ns0:biblScope>
			<ns0:biblScope unit="page" from="3070" to="3077" />
			<ns0:date type="published" when="2019">2019</ns0:date>
		</ns0:imprint>
	</ns0:monogr>
</ns0:biblStruct>

<ns0:biblStruct xml:id="b3">
	<ns0:analytic>
		<ns0:title />
		<ns0:author>
			<ns0:persName><ns0:forename type="first">Y</ns0:forename><ns0:forename type="middle">T</ns0:forename><ns0:surname>Liu</ns0:surname></ns0:persName>
		</ns0:author>
		<ns0:author>
			<ns0:persName><ns0:forename type="first">W</ns0:forename><ns0:surname>Shen</ns0:surname></ns0:persName>
		</ns0:author>
		<ns0:author>
			<ns0:persName><ns0:forename type="first">Q</ns0:forename><ns0:surname>Li</ns0:surname></ns0:persName>
		</ns0:author>
		<ns0:author>
			<ns0:persName><ns0:forename type="first">J</ns0:forename><ns0:forename type="middle">N</ns0:forename><ns0:surname>Shu</ns0:surname></ns0:persName>
		</ns0:author>
		<ns0:author>
			<ns0:persName><ns0:forename type="first">L</ns0:forename><ns0:forename type="middle">F</ns0:forename><ns0:surname>Gao</ns0:surname></ns0:persName>
		</ns0:author>
		<ns0:author>
			<ns0:persName><ns0:forename type="first">M</ns0:forename><ns0:forename type="middle">M</ns0:forename><ns0:surname>Ma</ns0:surname></ns0:persName>
		</ns0:author>
		<ns0:author>
			<ns0:persName><ns0:forename type="first">W</ns0:forename><ns0:surname>Wang</ns0:surname></ns0:persName>
		</ns0:author>
		<ns0:author>
			<ns0:persName><ns0:forename type="first">H</ns0:forename><ns0:surname>Cui</ns0:surname></ns0:persName>
		</ns0:author>
	</ns0:analytic>
	<ns0:monogr>
		<ns0:title level="j">Nat. Commun</ns0:title>
		<ns0:imprint>
			<ns0:biblScope unit="volume">8</ns0:biblScope>
			<ns0:biblScope unit="page">1003</ns0:biblScope>
			<ns0:date type="published" when="2017">2017</ns0:date>
		</ns0:imprint>
	</ns0:monogr>
</ns0:biblStruct>

<ns0:biblStruct xml:id="b4">
	<ns0:analytic>
		<ns0:title />
		<ns0:author>
			<ns0:persName><ns0:forename type="first">Z</ns0:forename><ns0:forename type="middle">L</ns0:forename><ns0:surname>Han</ns0:surname></ns0:persName>
		</ns0:author>
		<ns0:author>
			<ns0:persName><ns0:forename type="first">F</ns0:forename><ns0:surname>Li</ns0:surname></ns0:persName>
		</ns0:author>
		<ns0:author>
			<ns0:persName><ns0:forename type="first">J</ns0:forename><ns0:forename type="middle">N</ns0:forename><ns0:surname>Shu</ns0:surname></ns0:persName>
		</ns0:author>
		<ns0:author>
			<ns0:persName><ns0:forename type="first">L</ns0:forename><ns0:forename type="middle">F</ns0:forename><ns0:surname>Gao</ns0:surname></ns0:persName>
		</ns0:author>
		<ns0:author>
			<ns0:persName><ns0:forename type="first">X</ns0:forename><ns0:forename type="middle">Y</ns0:forename><ns0:surname>Liu</ns0:surname></ns0:persName>
		</ns0:author>
		<ns0:author>
			<ns0:persName><ns0:forename type="first">H</ns0:forename><ns0:surname>Cui</ns0:surname></ns0:persName>
		</ns0:author>
	</ns0:analytic>
	<ns0:monogr>
		<ns0:title level="j">ACS Appl. Mater. Interfaces</ns0:title>
		<ns0:imprint>
			<ns0:biblScope unit="volume">8</ns0:biblScope>
			<ns0:biblScope unit="page" from="17454" to="17460" />
			<ns0:date type="published" when="2016">2016</ns0:date>
		</ns0:imprint>
	</ns0:monogr>
</ns0:biblStruct>

<ns0:biblStruct xml:id="b5">
	<ns0:analytic>
		<ns0:title />
		<ns0:author>
			<ns0:persName><ns0:forename type="first">J</ns0:forename><ns0:surname>Wang</ns0:surname></ns0:persName>
		</ns0:author>
		<ns0:author>
			<ns0:persName><ns0:forename type="first">W</ns0:forename><ns0:forename type="middle">H</ns0:forename><ns0:surname>Zhong</ns0:surname></ns0:persName>
		</ns0:author>
		<ns0:author>
			<ns0:persName><ns0:forename type="first">X</ns0:forename><ns0:forename type="middle">Y</ns0:forename><ns0:surname>Liu</ns0:surname></ns0:persName>
		</ns0:author>
		<ns0:author>
			<ns0:persName><ns0:forename type="first">T</ns0:forename><ns0:forename type="middle">T</ns0:forename><ns0:surname>Yang</ns0:surname></ns0:persName>
		</ns0:author>
		<ns0:author>
			<ns0:persName><ns0:forename type="first">F</ns0:forename><ns0:surname>Li</ns0:surname></ns0:persName>
		</ns0:author>
		<ns0:author>
			<ns0:persName><ns0:forename type="first">Q</ns0:forename><ns0:surname>Li</ns0:surname></ns0:persName>
		</ns0:author>
		<ns0:author>
			<ns0:persName><ns0:forename type="first">W</ns0:forename><ns0:forename type="middle">R</ns0:forename><ns0:surname>Cheng</ns0:surname></ns0:persName>
		</ns0:author>
		<ns0:author>
			<ns0:persName><ns0:forename type="first">C</ns0:forename><ns0:surname>Gao</ns0:surname></ns0:persName>
		</ns0:author>
		<ns0:author>
			<ns0:persName><ns0:forename type="first">Z</ns0:forename><ns0:surname>Jiang</ns0:surname></ns0:persName>
		</ns0:author>
		<ns0:author>
			<ns0:persName><ns0:forename type="first">J</ns0:forename><ns0:surname>Jiang</ns0:surname></ns0:persName>
		</ns0:author>
		<ns0:author>
			<ns0:persName><ns0:forename type="first">H</ns0:forename><ns0:surname>Cui</ns0:surname></ns0:persName>
		</ns0:author>
	</ns0:analytic>
	<ns0:monogr>
		<ns0:title level="j">Anal. Chem</ns0:title>
		<ns0:imprint>
			<ns0:biblScope unit="volume">89</ns0:biblScope>
			<ns0:biblScope unit="page" from="13518" to="13523" />
			<ns0:date type="published" when="2017">2017</ns0:date>
		</ns0:imprint>
	</ns0:monogr>
</ns0:biblStruct>

<ns0:biblStruct xml:id="b6">
	<ns0:monogr>
		<ns0:title />
		<ns0:author>
			<ns0:persName><ns0:forename type="first">X</ns0:forename><ns0:surname>Jie</ns0:surname></ns0:persName>
		</ns0:author>
		<ns0:author>
			<ns0:persName><ns0:forename type="first">H</ns0:forename><ns0:forename type="middle">M</ns0:forename><ns0:surname>Yang</ns0:surname></ns0:persName>
		</ns0:author>
		<ns0:author>
			<ns0:persName><ns0:forename type="first">M</ns0:forename><ns0:surname>Wang</ns0:surname></ns0:persName>
		</ns0:author>
		<ns0:author>
			<ns0:persName><ns0:forename type="first">Y</ns0:forename><ns0:surname>Zhang</ns0:surname></ns0:persName>
		</ns0:author>
		<ns0:author>
			<ns0:persName><ns0:forename type="first">W</ns0:forename><ns0:forename type="middle">L</ns0:forename><ns0:surname>Wei</ns0:surname></ns0:persName>
		</ns0:author>
		<ns0:author>
			<ns0:persName><ns0:forename type="first">Z</ns0:forename><ns0:surname>Xia</ns0:surname></ns0:persName>
		</ns0:author>
		<ns0:imprint />
	</ns0:monogr>
</ns0:biblStruct>

<ns0:biblStruct xml:id="b7">
	<ns0:analytic>
		<ns0:title />
		<ns0:author>
			<ns0:persName><ns0:forename type="first">N</ns0:forename></ns0:persName>
		</ns0:author>
	</ns0:analytic>
	<ns0:monogr>
		<ns0:title level="j">Angew. Chem., Int. Ed</ns0:title>
		<ns0:imprint>
			<ns0:biblScope unit="volume">56</ns0:biblScope>
			<ns0:biblScope unit="page" from="14596" to="14601" />
			<ns0:date type="published" when="2017">2017</ns0:date>
		</ns0:imprint>
	</ns0:monogr>
</ns0:biblStruct>

<ns0:biblStruct xml:id="b8">
	<ns0:analytic>
		<ns0:title />
		<ns0:author>
			<ns0:persName><ns0:forename type="first">X</ns0:forename><ns0:forename type="middle">Q</ns0:forename><ns0:surname>Liu</ns0:surname></ns0:persName>
		</ns0:author>
		<ns0:author>
			<ns0:persName><ns0:forename type="first">R</ns0:forename><ns0:surname>Freeman</ns0:surname></ns0:persName>
		</ns0:author>
		<ns0:author>
			<ns0:persName><ns0:forename type="first">E</ns0:forename><ns0:surname>Golub</ns0:surname></ns0:persName>
		</ns0:author>
		<ns0:author>
			<ns0:persName><ns0:forename type="first">I</ns0:forename><ns0:surname>Willner</ns0:surname></ns0:persName>
		</ns0:author>
	</ns0:analytic>
	<ns0:monogr>
		<ns0:title level="j">ACS Nano</ns0:title>
		<ns0:imprint>
			<ns0:biblScope unit="volume">5</ns0:biblScope>
			<ns0:biblScope unit="page" from="7648" to="7655" />
			<ns0:date type="published" when="2011">2011</ns0:date>
		</ns0:imprint>
	</ns0:monogr>
</ns0:biblStruct>

<ns0:biblStruct xml:id="b9">
	<ns0:analytic>
		<ns0:title />
		<ns0:author>
			<ns0:persName><ns0:forename type="first">G</ns0:forename><ns0:forename type="middle">P</ns0:forename><ns0:surname>Mcdermott</ns0:surname></ns0:persName>
		</ns0:author>
		<ns0:author>
			<ns0:persName><ns0:forename type="first">P</ns0:forename><ns0:surname>Jones</ns0:surname></ns0:persName>
		</ns0:author>
		<ns0:author>
			<ns0:persName><ns0:forename type="first">N</ns0:forename><ns0:forename type="middle">W</ns0:forename><ns0:surname>Barnett</ns0:surname></ns0:persName>
		</ns0:author>
		<ns0:author>
			<ns0:persName><ns0:forename type="first">D</ns0:forename><ns0:forename type="middle">N</ns0:forename><ns0:surname>Donaldson</ns0:surname></ns0:persName>
		</ns0:author>
		<ns0:author>
			<ns0:persName><ns0:forename type="first">P</ns0:forename><ns0:forename type="middle">S</ns0:forename><ns0:surname>Francis</ns0:surname></ns0:persName>
		</ns0:author>
	</ns0:analytic>
	<ns0:monogr>
		<ns0:title level="j">Anal. Chem</ns0:title>
		<ns0:imprint>
			<ns0:biblScope unit="volume">83</ns0:biblScope>
			<ns0:biblScope unit="page" from="5453" to="5457" />
			<ns0:date type="published" when="2011">2011</ns0:date>
		</ns0:imprint>
	</ns0:monogr>
</ns0:biblStruct>

<ns0:biblStruct xml:id="b10">
	<ns0:analytic>
		<ns0:title />
		<ns0:author>
			<ns0:persName><ns0:forename type="first">Z</ns0:forename><ns0:forename type="middle">J</ns0:forename><ns0:surname>Lin</ns0:surname></ns0:persName>
		</ns0:author>
		<ns0:author>
			<ns0:persName><ns0:forename type="first">X</ns0:forename><ns0:forename type="middle">M</ns0:forename><ns0:surname>Chen</ns0:surname></ns0:persName>
		</ns0:author>
		<ns0:author>
			<ns0:persName><ns0:forename type="first">Z</ns0:forename><ns0:forename type="middle">M</ns0:forename><ns0:surname>Cai</ns0:surname></ns0:persName>
		</ns0:author>
		<ns0:author>
			<ns0:persName><ns0:forename type="first">P</ns0:forename><ns0:forename type="middle">W</ns0:forename><ns0:surname>Li</ns0:surname></ns0:persName>
		</ns0:author>
		<ns0:author>
			<ns0:persName><ns0:forename type="first">X</ns0:forename><ns0:surname>Chen</ns0:surname></ns0:persName>
		</ns0:author>
		<ns0:author>
			<ns0:persName><ns0:forename type="first">X</ns0:forename><ns0:forename type="middle">R</ns0:forename><ns0:surname>Wang</ns0:surname></ns0:persName>
		</ns0:author>
	</ns0:analytic>
	<ns0:monogr>
		<ns0:title level="j">Talanta</ns0:title>
		<ns0:imprint>
			<ns0:biblScope unit="volume">75</ns0:biblScope>
			<ns0:biblScope unit="page" from="544" to="550" />
			<ns0:date type="published" when="2008">2008</ns0:date>
		</ns0:imprint>
	</ns0:monogr>
</ns0:biblStruct>

<ns0:biblStruct xml:id="b11">
	<ns0:analytic>
		<ns0:title />
		<ns0:author>
			<ns0:persName><ns0:forename type="first">B</ns0:forename><ns0:forename type="middle">A</ns0:forename><ns0:surname>Gorman</ns0:surname></ns0:persName>
		</ns0:author>
		<ns0:author>
			<ns0:persName><ns0:forename type="first">P</ns0:forename><ns0:forename type="middle">S</ns0:forename><ns0:surname>Francis</ns0:surname></ns0:persName>
		</ns0:author>
		<ns0:author>
			<ns0:persName><ns0:forename type="first">D</ns0:forename><ns0:forename type="middle">E</ns0:forename><ns0:surname>Dunstan</ns0:surname></ns0:persName>
		</ns0:author>
		<ns0:author>
			<ns0:persName><ns0:forename type="first">N</ns0:forename><ns0:forename type="middle">W</ns0:forename><ns0:surname>Barnett</ns0:surname></ns0:persName>
		</ns0:author>
	</ns0:analytic>
	<ns0:monogr>
		<ns0:title level="j">Chem. Commun</ns0:title>
		<ns0:imprint>
			<ns0:biblScope unit="page" from="395" to="397" />
			<ns0:date type="published" when="2007">2007</ns0:date>
		</ns0:imprint>
	</ns0:monogr>
</ns0:biblStruct>

<ns0:biblStruct xml:id="b12">
	<ns0:analytic>
		<ns0:title />
		<ns0:author>
			<ns0:persName><ns0:forename type="first">F</ns0:forename><ns0:forename type="middle">E O</ns0:forename><ns0:surname>Suliman</ns0:surname></ns0:persName>
		</ns0:author>
		<ns0:author>
			<ns0:persName><ns0:forename type="first">M</ns0:forename><ns0:forename type="middle">M</ns0:forename><ns0:surname>Al-Hinai</ns0:surname></ns0:persName>
		</ns0:author>
		<ns0:author>
			<ns0:persName><ns0:forename type="first">S</ns0:forename><ns0:forename type="middle">M Z</ns0:forename><ns0:surname>Al-Kindy</ns0:surname></ns0:persName>
		</ns0:author>
		<ns0:author>
			<ns0:persName><ns0:forename type="first">S</ns0:forename><ns0:forename type="middle">B</ns0:forename><ns0:surname>Salama</ns0:surname></ns0:persName>
		</ns0:author>
	</ns0:analytic>
	<ns0:monogr>
		<ns0:title level="j">Talanta</ns0:title>
		<ns0:imprint>
			<ns0:biblScope unit="volume">74</ns0:biblScope>
			<ns0:biblScope unit="page" from="1256" to="1264" />
			<ns0:date type="published" when="2008">2008</ns0:date>
		</ns0:imprint>
	</ns0:monogr>
</ns0:biblStruct>

<ns0:biblStruct xml:id="b13">
	<ns0:analytic>
		<ns0:title />
		<ns0:author>
			<ns0:persName><ns0:forename type="first">J</ns0:forename><ns0:forename type="middle">B D</ns0:forename><ns0:surname>Noffsinger</ns0:surname></ns0:persName>
		</ns0:author>
		<ns0:author>
			<ns0:persName><ns0:forename type="first">N</ns0:forename><ns0:forename type="middle">D</ns0:forename><ns0:surname>Danielson</ns0:surname></ns0:persName>
		</ns0:author>
	</ns0:analytic>
	<ns0:monogr>
		<ns0:title level="j">Anal. Chem</ns0:title>
		<ns0:imprint>
			<ns0:biblScope unit="volume">59</ns0:biblScope>
			<ns0:biblScope unit="page" from="865" to="868" />
			<ns0:date type="published" when="1987">1987</ns0:date>
		</ns0:imprint>
	</ns0:monogr>
</ns0:biblStruct>

<ns0:biblStruct xml:id="b14">
	<ns0:analytic>
		<ns0:title />
		<ns0:author>
			<ns0:persName><ns0:forename type="first">H</ns0:forename><ns0:forename type="middle">J</ns0:forename><ns0:surname>Wang</ns0:surname></ns0:persName>
		</ns0:author>
		<ns0:author>
			<ns0:persName><ns0:forename type="first">Y</ns0:forename><ns0:forename type="middle">L</ns0:forename><ns0:surname>Yuan</ns0:surname></ns0:persName>
		</ns0:author>
		<ns0:author>
			<ns0:persName><ns0:forename type="first">Y</ns0:forename><ns0:surname>Zhuo</ns0:surname></ns0:persName>
		</ns0:author>
		<ns0:author>
			<ns0:persName><ns0:forename type="first">Y</ns0:forename><ns0:forename type="middle">Q</ns0:forename><ns0:surname>Chai</ns0:surname></ns0:persName>
		</ns0:author>
		<ns0:author>
			<ns0:persName><ns0:forename type="first">R</ns0:forename><ns0:surname>Yuan</ns0:surname></ns0:persName>
		</ns0:author>
	</ns0:analytic>
	<ns0:monogr>
		<ns0:title level="j">Anal. Chem</ns0:title>
		<ns0:imprint>
			<ns0:biblScope unit="volume">88</ns0:biblScope>
			<ns0:biblScope unit="page" from="2258" to="2265" />
			<ns0:date type="published" when="2016">2016</ns0:date>
		</ns0:imprint>
	</ns0:monogr>
</ns0:biblStruct>

<ns0:biblStruct xml:id="b15">
	<ns0:analytic>
		<ns0:title />
		<ns0:author>
			<ns0:persName><ns0:forename type="first">A</ns0:forename><ns0:surname>Chen</ns0:surname></ns0:persName>
		</ns0:author>
		<ns0:author>
			<ns0:persName><ns0:forename type="first">M</ns0:forename><ns0:surname>Zhao</ns0:surname></ns0:persName>
		</ns0:author>
		<ns0:author>
			<ns0:persName><ns0:forename type="first">Y</ns0:forename><ns0:surname>Zhuo</ns0:surname></ns0:persName>
		</ns0:author>
		<ns0:author>
			<ns0:persName><ns0:forename type="first">Y</ns0:forename><ns0:forename type="middle">Q</ns0:forename><ns0:surname>Chai</ns0:surname></ns0:persName>
		</ns0:author>
		<ns0:author>
			<ns0:persName><ns0:forename type="first">R</ns0:forename><ns0:surname>Yuan</ns0:surname></ns0:persName>
		</ns0:author>
	</ns0:analytic>
	<ns0:monogr>
		<ns0:title level="j">Anal Chem</ns0:title>
		<ns0:imprint>
			<ns0:biblScope unit="volume">89</ns0:biblScope>
			<ns0:biblScope unit="page" from="9232" to="9238" />
			<ns0:date type="published" when="2017">2017</ns0:date>
		</ns0:imprint>
	</ns0:monogr>
</ns0:biblStruct>

<ns0:biblStruct xml:id="b16">
	<ns0:analytic>
		<ns0:title />
		<ns0:author>
			<ns0:persName><ns0:forename type="first">N</ns0:forename><ns0:surname>Liao</ns0:surname></ns0:persName>
		</ns0:author>
		<ns0:author>
			<ns0:persName><ns0:forename type="first">Y</ns0:forename><ns0:surname>Zhuo</ns0:surname></ns0:persName>
		</ns0:author>
		<ns0:author>
			<ns0:persName><ns0:forename type="first">Y</ns0:forename><ns0:forename type="middle">Q</ns0:forename><ns0:surname>Chai</ns0:surname></ns0:persName>
		</ns0:author>
		<ns0:author>
			<ns0:persName><ns0:forename type="first">Y</ns0:forename><ns0:surname>Xiang</ns0:surname></ns0:persName>
		</ns0:author>
		<ns0:author>
			<ns0:persName><ns0:forename type="first">Y</ns0:forename><ns0:forename type="middle">L</ns0:forename><ns0:surname>Cao</ns0:surname></ns0:persName>
		</ns0:author>
		<ns0:author>
			<ns0:persName><ns0:forename type="first">R</ns0:forename><ns0:surname>Yuan</ns0:surname></ns0:persName>
		</ns0:author>
		<ns0:author>
			<ns0:persName><ns0:surname>Han</ns0:surname></ns0:persName>
		</ns0:author>
	</ns0:analytic>
	<ns0:monogr>
		<ns0:title level="j">J. Chem. Commun</ns0:title>
		<ns0:imprint>
			<ns0:biblScope unit="volume">48</ns0:biblScope>
			<ns0:biblScope unit="page" from="7610" to="7612" />
			<ns0:date type="published" when="2012">2012</ns0:date>
		</ns0:imprint>
	</ns0:monogr>
</ns0:biblStruct>

<ns0:biblStruct xml:id="b17">
	<ns0:analytic>
		<ns0:title />
		<ns0:author>
			<ns0:persName><ns0:forename type="first">H</ns0:forename><ns0:forename type="middle">J</ns0:forename><ns0:surname>Wang</ns0:surname></ns0:persName>
		</ns0:author>
		<ns0:author>
			<ns0:persName><ns0:forename type="first">Y</ns0:forename><ns0:forename type="middle">L</ns0:forename><ns0:surname>Yuan</ns0:surname></ns0:persName>
		</ns0:author>
		<ns0:author>
			<ns0:persName><ns0:forename type="first">Y</ns0:forename><ns0:surname>Zhuo</ns0:surname></ns0:persName>
		</ns0:author>
		<ns0:author>
			<ns0:persName><ns0:forename type="first">Y</ns0:forename><ns0:forename type="middle">Q</ns0:forename><ns0:surname>Chai</ns0:surname></ns0:persName>
		</ns0:author>
		<ns0:author>
			<ns0:persName><ns0:forename type="first">R</ns0:forename><ns0:surname>Yuan</ns0:surname></ns0:persName>
		</ns0:author>
	</ns0:analytic>
	<ns0:monogr>
		<ns0:title level="j">Anal. Chem</ns0:title>
		<ns0:imprint>
			<ns0:biblScope unit="volume">88</ns0:biblScope>
			<ns0:biblScope unit="page" from="5797" to="5803" />
			<ns0:date type="published" when="2016">2016</ns0:date>
		</ns0:imprint>
	</ns0:monogr>
</ns0:biblStruct>

<ns0:biblStruct xml:id="b18">
	<ns0:analytic>
		<ns0:title />
		<ns0:author>
			<ns0:persName><ns0:forename type="first">H</ns0:forename><ns0:forename type="middle">J</ns0:forename><ns0:surname>Wang</ns0:surname></ns0:persName>
		</ns0:author>
		<ns0:author>
			<ns0:persName><ns0:forename type="first">L</ns0:forename><ns0:forename type="middle">Y</ns0:forename><ns0:surname>Peng</ns0:surname></ns0:persName>
		</ns0:author>
		<ns0:author>
			<ns0:persName><ns0:forename type="first">Y</ns0:forename><ns0:forename type="middle">Q</ns0:forename><ns0:surname>Chai</ns0:surname></ns0:persName>
		</ns0:author>
		<ns0:author>
			<ns0:persName><ns0:forename type="first">R</ns0:forename><ns0:surname>Yuan</ns0:surname></ns0:persName>
		</ns0:author>
	</ns0:analytic>
	<ns0:monogr>
		<ns0:title level="j">Anal. Chem</ns0:title>
		<ns0:imprint>
			<ns0:biblScope unit="volume">89</ns0:biblScope>
			<ns0:biblScope unit="page" from="11076" to="11082" />
			<ns0:date type="published" when="2017">2017</ns0:date>
		</ns0:imprint>
	</ns0:monogr>
</ns0:biblStruct>

<ns0:biblStruct xml:id="b19">
	<ns0:analytic>
		<ns0:title />
		<ns0:author>
			<ns0:persName><ns0:forename type="first">H</ns0:forename><ns0:surname>Zhang</ns0:surname></ns0:persName>
		</ns0:author>
		<ns0:author>
			<ns0:persName><ns0:forename type="first">X</ns0:forename><ns0:forename type="middle">W</ns0:forename><ns0:surname>Zhang</ns0:surname></ns0:persName>
		</ns0:author>
		<ns0:author>
			<ns0:persName><ns0:forename type="first">S</ns0:forename><ns0:surname>Dong</ns0:surname></ns0:persName>
		</ns0:author>
	</ns0:analytic>
	<ns0:monogr>
		<ns0:title level="j">J. Anal. Chem</ns0:title>
		<ns0:imprint>
			<ns0:biblScope unit="volume">87</ns0:biblScope>
			<ns0:biblScope unit="page" from="11167" to="11170" />
			<ns0:date type="published" when="2015">2015</ns0:date>
		</ns0:imprint>
	</ns0:monogr>
</ns0:biblStruct>

<ns0:biblStruct xml:id="b20">
	<ns0:analytic>
		<ns0:title />
		<ns0:author>
			<ns0:persName><ns0:forename type="first">H</ns0:forename><ns0:forename type="middle">J</ns0:forename><ns0:surname>Jiang</ns0:surname></ns0:persName>
		</ns0:author>
		<ns0:author>
			<ns0:persName><ns0:forename type="first">L</ns0:forename><ns0:surname>Zhang</ns0:surname></ns0:persName>
		</ns0:author>
		<ns0:author>
			<ns0:persName><ns0:forename type="first">J</ns0:forename><ns0:surname>Chen</ns0:surname></ns0:persName>
		</ns0:author>
		<ns0:author>
			<ns0:persName><ns0:forename type="first">M</ns0:forename><ns0:forename type="middle">H</ns0:forename><ns0:surname>Liu</ns0:surname></ns0:persName>
		</ns0:author>
	</ns0:analytic>
	<ns0:monogr>
		<ns0:title level="j">ACS Nano</ns0:title>
		<ns0:imprint>
			<ns0:biblScope unit="volume">11</ns0:biblScope>
			<ns0:biblScope unit="page" from="12453" to="12460" />
			<ns0:date type="published" when="2017">2017</ns0:date>
		</ns0:imprint>
	</ns0:monogr>
</ns0:biblStruct>

<ns0:biblStruct xml:id="b21">
	<ns0:monogr>
		<ns0:title />
		<ns0:author>
			<ns0:persName><ns0:forename type="first">B</ns0:forename><ns0:surname>Ku</ns0:surname></ns0:persName>
		</ns0:author>
		<ns0:author>
			<ns0:persName><ns0:forename type="first">J</ns0:forename><ns0:forename type="middle">E</ns0:forename><ns0:surname>Kim</ns0:surname></ns0:persName>
		</ns0:author>
		<ns0:author>
			<ns0:persName><ns0:forename type="first">B</ns0:forename><ns0:forename type="middle">H</ns0:forename><ns0:surname>Chung</ns0:surname></ns0:persName>
		</ns0:author>
		<ns0:author>
			<ns0:persName><ns0:forename type="first">B</ns0:forename><ns0:forename type="middle">G</ns0:forename><ns0:surname>Chung</ns0:surname></ns0:persName>
		</ns0:author>
		<ns0:author>
			<ns0:persName><ns0:surname>Langmuir</ns0:surname></ns0:persName>
		</ns0:author>
		<ns0:imprint>
			<ns0:date type="published" when="2013">2013</ns0:date>
			<ns0:biblScope unit="volume">29</ns0:biblScope>
			<ns0:biblScope unit="page" from="9857" to="9862" />
		</ns0:imprint>
	</ns0:monogr>
</ns0:biblStruct>

<ns0:biblStruct xml:id="b22">
	<ns0:analytic>
		<ns0:title />
		<ns0:author>
			<ns0:persName><ns0:forename type="first">J</ns0:forename><ns0:forename type="middle">L</ns0:forename><ns0:surname>Liu</ns0:surname></ns0:persName>
		</ns0:author>
		<ns0:author>
			<ns0:persName><ns0:forename type="first">M</ns0:forename><ns0:surname>Zhao</ns0:surname></ns0:persName>
		</ns0:author>
		<ns0:author>
			<ns0:persName><ns0:forename type="first">Y</ns0:forename><ns0:surname>Zhuo</ns0:surname></ns0:persName>
		</ns0:author>
		<ns0:author>
			<ns0:persName><ns0:forename type="first">Y</ns0:forename><ns0:forename type="middle">Q</ns0:forename><ns0:surname>Chai</ns0:surname></ns0:persName>
		</ns0:author>
		<ns0:author>
			<ns0:persName><ns0:forename type="first">R</ns0:forename><ns0:surname>Yuan</ns0:surname></ns0:persName>
		</ns0:author>
	</ns0:analytic>
	<ns0:monogr>
		<ns0:title level="j">Chem. Eur. J</ns0:title>
		<ns0:imprint>
			<ns0:biblScope unit="volume">23</ns0:biblScope>
			<ns0:biblScope unit="page" from="1853" to="1859" />
			<ns0:date type="published" when="2017">2017</ns0:date>
		</ns0:imprint>
	</ns0:monogr>
</ns0:biblStruct>

<ns0:biblStruct xml:id="b23">
	<ns0:analytic>
		<ns0:title />
		<ns0:author>
			<ns0:persName><ns0:forename type="first">H</ns0:forename><ns0:forename type="middle">J</ns0:forename><ns0:surname>Tang</ns0:surname></ns0:persName>
		</ns0:author>
		<ns0:author>
			<ns0:persName><ns0:forename type="first">W</ns0:forename><ns0:forename type="middle">X</ns0:forename><ns0:surname>Chen</ns0:surname></ns0:persName>
		</ns0:author>
		<ns0:author>
			<ns0:persName><ns0:forename type="first">D</ns0:forename><ns0:forename type="middle">D</ns0:forename><ns0:surname>Li</ns0:surname></ns0:persName>
		</ns0:author>
		<ns0:author>
			<ns0:persName><ns0:forename type="first">X</ns0:forename><ns0:forename type="middle">L</ns0:forename><ns0:surname>Duan</ns0:surname></ns0:persName>
		</ns0:author>
		<ns0:author>
			<ns0:persName><ns0:forename type="first">S</ns0:forename><ns0:forename type="middle">J</ns0:forename><ns0:surname>Ding</ns0:surname></ns0:persName>
		</ns0:author>
		<ns0:author>
			<ns0:persName><ns0:forename type="first">M</ns0:forename><ns0:surname>Zhao</ns0:surname></ns0:persName>
		</ns0:author>
		<ns0:author>
			<ns0:persName><ns0:surname>Zhang</ns0:surname></ns0:persName>
		</ns0:author>
	</ns0:analytic>
	<ns0:monogr>
		<ns0:title level="j">J. Sens. Actuators, B</ns0:title>
		<ns0:imprint>
			<ns0:biblScope unit="volume">293</ns0:biblScope>
			<ns0:biblScope unit="page" from="304" to="311" />
			<ns0:date type="published" when="2019">2019</ns0:date>
		</ns0:imprint>
	</ns0:monogr>
</ns0:biblStruct>

<ns0:biblStruct xml:id="b24">
	<ns0:analytic>
		<ns0:title />
		<ns0:author>
			<ns0:persName><ns0:forename type="first">J</ns0:forename><ns0:surname>Ye</ns0:surname></ns0:persName>
		</ns0:author>
		<ns0:author>
			<ns0:persName><ns0:forename type="first">L</ns0:forename><ns0:forename type="middle">P</ns0:forename><ns0:surname>Zhu</ns0:surname></ns0:persName>
		</ns0:author>
		<ns0:author>
			<ns0:persName><ns0:forename type="first">M</ns0:forename><ns0:forename type="middle">X</ns0:forename><ns0:surname>Yan</ns0:surname></ns0:persName>
		</ns0:author>
		<ns0:author>
			<ns0:persName><ns0:forename type="first">Q</ns0:forename><ns0:forename type="middle">J</ns0:forename><ns0:surname>Zhu</ns0:surname></ns0:persName>
		</ns0:author>
		<ns0:author>
			<ns0:persName><ns0:forename type="first">Q</ns0:forename><ns0:forename type="middle">Q</ns0:forename><ns0:surname>Lu</ns0:surname></ns0:persName>
		</ns0:author>
		<ns0:author>
			<ns0:persName><ns0:forename type="first">J</ns0:forename><ns0:forename type="middle">S</ns0:forename><ns0:surname>Huang</ns0:surname></ns0:persName>
		</ns0:author>
		<ns0:author>
			<ns0:persName><ns0:forename type="first">H</ns0:forename><ns0:surname>Cui</ns0:surname></ns0:persName>
		</ns0:author>
		<ns0:author>
			<ns0:persName><ns0:forename type="first">X</ns0:forename><ns0:forename type="middle">R</ns0:forename><ns0:surname>Yang</ns0:surname></ns0:persName>
		</ns0:author>
		<ns0:author>
			<ns0:persName><ns0:surname>Anal</ns0:surname></ns0:persName>
		</ns0:author>
		<ns0:author>
			<ns0:persName><ns0:surname>Chem</ns0:surname></ns0:persName>
		</ns0:author>
		<ns0:author>
			<ns0:persName><ns0:forename type="first">Y</ns0:forename><ns0:forename type="middle">R</ns0:forename><ns0:surname>Tang</ns0:surname></ns0:persName>
		</ns0:author>
		<ns0:author>
			<ns0:persName><ns0:forename type="first">Y</ns0:forename><ns0:forename type="middle">Y</ns0:forename><ns0:surname>Su</ns0:surname></ns0:persName>
		</ns0:author>
		<ns0:author>
			<ns0:persName><ns0:forename type="first">N</ns0:forename><ns0:surname>Yang</ns0:surname></ns0:persName>
		</ns0:author>
		<ns0:author>
			<ns0:persName><ns0:forename type="first">L</ns0:forename><ns0:forename type="middle">C</ns0:forename><ns0:surname>Zhang</ns0:surname></ns0:persName>
		</ns0:author>
	</ns0:analytic>
	<ns0:monogr>
		<ns0:title level="j">Anal. Chem</ns0:title>
		<ns0:imprint>
			<ns0:biblScope unit="volume">91</ns0:biblScope>
			<ns0:biblScope unit="page" from="4528" to="4535" />
			<ns0:date type="published" when="2014">2019. 2014</ns0:date>
			<ns0:pubPlace>Lv, Y</ns0:pubPlace>
		</ns0:imprint>
	</ns0:monogr>
</ns0:biblStruct>

<ns0:biblStruct xml:id="b25">
	<ns0:analytic>
		<ns0:title />
		<ns0:author>
			<ns0:persName><ns0:forename type="first">F</ns0:forename><ns0:forename type="middle">W</ns0:forename><ns0:surname>Wu</ns0:surname></ns0:persName>
		</ns0:author>
		<ns0:author>
			<ns0:persName><ns0:forename type="first">Z</ns0:forename><ns0:forename type="middle">K</ns0:forename><ns0:surname>He</ns0:surname></ns0:persName>
		</ns0:author>
		<ns0:author>
			<ns0:persName><ns0:forename type="first">H</ns0:forename><ns0:surname>Meng</ns0:surname></ns0:persName>
		</ns0:author>
		<ns0:author>
			<ns0:persName><ns0:forename type="first">L</ns0:forename><ns0:forename type="middle">J</ns0:forename><ns0:surname>Yuan</ns0:surname></ns0:persName>
		</ns0:author>
		<ns0:author>
			<ns0:persName><ns0:forename type="first">X</ns0:forename><ns0:forename type="middle">Y</ns0:forename><ns0:surname>Li</ns0:surname></ns0:persName>
		</ns0:author>
		<ns0:author>
			<ns0:persName><ns0:forename type="first">Y</ns0:forename><ns0:forename type="middle">E</ns0:forename><ns0:surname>Zeng</ns0:surname></ns0:persName>
		</ns0:author>
	</ns0:analytic>
	<ns0:monogr>
		<ns0:title level="j">Fresenius' J. Anal. Chem</ns0:title>
		<ns0:imprint>
			<ns0:biblScope unit="volume">362</ns0:biblScope>
			<ns0:biblScope unit="page" from="566" to="570" />
			<ns0:date type="published" when="1998">1998</ns0:date>
		</ns0:imprint>
	</ns0:monogr>
</ns0:biblStruct>

<ns0:biblStruct xml:id="b26">
	<ns0:analytic>
		<ns0:title />
		<ns0:author>
			<ns0:persName><ns0:forename type="first">C</ns0:forename><ns0:forename type="middle">L</ns0:forename><ns0:surname>Mu</ns0:surname></ns0:persName>
		</ns0:author>
		<ns0:author>
			<ns0:persName><ns0:forename type="first">D</ns0:forename><ns0:surname>Wu</ns0:surname></ns0:persName>
		</ns0:author>
		<ns0:author>
			<ns0:persName><ns0:forename type="first">H</ns0:forename><ns0:forename type="middle">F</ns0:forename><ns0:surname>Lu</ns0:surname></ns0:persName>
		</ns0:author>
		<ns0:author>
			<ns0:persName><ns0:forename type="first">H</ns0:forename><ns0:surname>Xie</ns0:surname></ns0:persName>
		</ns0:author>
		<ns0:author>
			<ns0:persName><ns0:forename type="first">Q</ns0:forename><ns0:forename type="middle">L</ns0:forename><ns0:surname>Zhang</ns0:surname></ns0:persName>
		</ns0:author>
		<ns0:author>
			<ns0:persName><ns0:surname>Chin</ns0:surname></ns0:persName>
		</ns0:author>
	</ns0:analytic>
	<ns0:monogr>
		<ns0:title level="j">J. Anal. Chem</ns0:title>
		<ns0:imprint>
			<ns0:biblScope unit="volume">45</ns0:biblScope>
			<ns0:biblScope unit="page" from="1726" to="e1733" />
			<ns0:date type="published" when="2017">2017</ns0:date>
		</ns0:imprint>
	</ns0:monogr>
</ns0:biblStruct>

<ns0:biblStruct xml:id="b27">
	<ns0:monogr>
		<ns0:author>
			<ns0:persName><ns0:forename type="first">A</ns0:forename><ns0:forename type="middle">M</ns0:forename><ns0:surname>Garc-Campa</ns0:surname></ns0:persName>
		</ns0:author>
		<ns0:author>
			<ns0:persName><ns0:forename type="first">W</ns0:forename><ns0:forename type="middle">R G</ns0:forename><ns0:surname>Baeyens</ns0:surname></ns0:persName>
		</ns0:author>
		<ns0:title level="m">Chemiluminescence in Analytical Chemistry; Marcel Dekker</ns0:title>
		<ns0:meeting><ns0:address><ns0:addrLine>New York</ns0:addrLine></ns0:address></ns0:meeting>
		<ns0:imprint>
			<ns0:date type="published" when="2001">2001</ns0:date>
		</ns0:imprint>
	</ns0:monogr>
</ns0:biblStruct>

<ns0:biblStruct xml:id="b28">
	<ns0:analytic>
		<ns0:title />
		<ns0:author>
			<ns0:persName><ns0:forename type="first">Z</ns0:forename><ns0:forename type="middle">P</ns0:forename><ns0:surname>Wang</ns0:surname></ns0:persName>
		</ns0:author>
		<ns0:author>
			<ns0:persName><ns0:forename type="first">J</ns0:forename><ns0:surname>Li</ns0:surname></ns0:persName>
		</ns0:author>
		<ns0:author>
			<ns0:persName><ns0:forename type="first">B</ns0:forename><ns0:surname>Liu</ns0:surname></ns0:persName>
		</ns0:author>
		<ns0:author>
			<ns0:persName><ns0:forename type="first">J</ns0:forename><ns0:forename type="middle">Q</ns0:forename><ns0:surname>Hu</ns0:surname></ns0:persName>
		</ns0:author>
		<ns0:author>
			<ns0:persName><ns0:forename type="first">X</ns0:forename><ns0:surname>Yao</ns0:surname></ns0:persName>
		</ns0:author>
		<ns0:author>
			<ns0:persName><ns0:forename type="first">J</ns0:forename><ns0:forename type="middle">H</ns0:forename><ns0:surname>Li</ns0:surname></ns0:persName>
		</ns0:author>
	</ns0:analytic>
	<ns0:monogr>
		<ns0:title level="j">J. Phys. Chem. B</ns0:title>
		<ns0:imprint>
			<ns0:biblScope unit="volume">109</ns0:biblScope>
			<ns0:biblScope unit="page" from="23304" to="23311" />
			<ns0:date type="published" when="2005">2005</ns0:date>
		</ns0:imprint>
	</ns0:monogr>
</ns0:biblStruct>

<ns0:biblStruct xml:id="b29">
	<ns0:analytic>
		<ns0:title />
		<ns0:author>
			<ns0:persName><ns0:forename type="first">Y</ns0:forename><ns0:forename type="middle">C</ns0:forename><ns0:surname>Fan</ns0:surname></ns0:persName>
		</ns0:author>
		<ns0:author>
			<ns0:persName><ns0:forename type="first">H</ns0:forename><ns0:forename type="middle">H</ns0:forename><ns0:surname>Xing</ns0:surname></ns0:persName>
		</ns0:author>
		<ns0:author>
			<ns0:persName><ns0:forename type="first">Q</ns0:forename><ns0:forename type="middle">F</ns0:forename><ns0:surname>Zhai</ns0:surname></ns0:persName>
		</ns0:author>
		<ns0:author>
			<ns0:persName><ns0:forename type="first">D</ns0:forename><ns0:forename type="middle">Q</ns0:forename><ns0:surname>Fan</ns0:surname></ns0:persName>
		</ns0:author>
		<ns0:author>
			<ns0:persName><ns0:forename type="first">J</ns0:forename><ns0:surname>Li</ns0:surname></ns0:persName>
		</ns0:author>
		<ns0:author>
			<ns0:persName><ns0:forename type="first">E</ns0:forename><ns0:forename type="middle">K</ns0:forename><ns0:surname>Wang</ns0:surname></ns0:persName>
		</ns0:author>
	</ns0:analytic>
	<ns0:monogr>
		<ns0:title level="j">Anal. Chem</ns0:title>
		<ns0:imprint>
			<ns0:biblScope unit="volume">90</ns0:biblScope>
			<ns0:biblScope unit="page" from="11651" to="11657" />
			<ns0:date type="published" when="2018">2018</ns0:date>
		</ns0:imprint>
	</ns0:monogr>
</ns0:biblStruct>

<ns0:biblStruct xml:id="b30">
	<ns0:monogr>
		<ns0:title />
		<ns0:author>
			<ns0:persName><ns0:forename type="first">D</ns0:forename><ns0:surname>Lee</ns0:surname></ns0:persName>
		</ns0:author>
		<ns0:author>
			<ns0:persName><ns0:forename type="first">S</ns0:forename><ns0:surname>Khaja</ns0:surname></ns0:persName>
		</ns0:author>
		<ns0:author>
			<ns0:persName><ns0:forename type="first">J</ns0:forename><ns0:forename type="middle">C</ns0:forename><ns0:surname>Velasquez-Castano</ns0:surname></ns0:persName>
		</ns0:author>
		<ns0:author>
			<ns0:persName><ns0:forename type="first">M</ns0:forename><ns0:surname>Dasari</ns0:surname></ns0:persName>
		</ns0:author>
		<ns0:author>
			<ns0:persName><ns0:forename type="first">C</ns0:forename><ns0:surname>Sun</ns0:surname></ns0:persName>
		</ns0:author>
		<ns0:author>
			<ns0:persName><ns0:forename type="first">J</ns0:forename><ns0:surname>Petros</ns0:surname></ns0:persName>
		</ns0:author>
		<ns0:author>
			<ns0:persName><ns0:forename type="first">W</ns0:forename><ns0:forename type="middle">R</ns0:forename><ns0:surname>Taylor</ns0:surname></ns0:persName>
		</ns0:author>
		<ns0:author>
			<ns0:persName><ns0:forename type="first">N</ns0:forename><ns0:surname>Murthy</ns0:surname></ns0:persName>
		</ns0:author>
		<ns0:author>
			<ns0:persName><ns0:surname>Nat</ns0:surname></ns0:persName>
		</ns0:author>
		<ns0:author>
			<ns0:persName><ns0:surname>Mater</ns0:surname></ns0:persName>
		</ns0:author>
		<ns0:imprint>
			<ns0:date type="published" when="2007">2007</ns0:date>
			<ns0:biblScope unit="volume">6</ns0:biblScope>
			<ns0:biblScope unit="page" from="765" to="769" />
		</ns0:imprint>
	</ns0:monogr>
</ns0:biblStruct>

<ns0:biblStruct xml:id="b31">
	<ns0:monogr>
		<ns0:title />
		<ns0:author>
			<ns0:persName><ns0:forename type="first">F</ns0:forename><ns0:forename type="middle">E O</ns0:forename><ns0:surname>Suliman</ns0:surname></ns0:persName>
		</ns0:author>
		<ns0:author>
			<ns0:persName><ns0:forename type="first">M</ns0:forename><ns0:forename type="middle">M</ns0:forename><ns0:surname>Al-Hinai</ns0:surname></ns0:persName>
		</ns0:author>
		<ns0:author>
			<ns0:persName><ns0:forename type="first">S</ns0:forename><ns0:forename type="middle">M Z</ns0:forename><ns0:surname>Al-Kindy</ns0:surname></ns0:persName>
		</ns0:author>
		<ns0:author>
			<ns0:persName><ns0:forename type="first">S</ns0:forename><ns0:forename type="middle">B</ns0:forename><ns0:surname>Salama</ns0:surname></ns0:persName>
		</ns0:author>
		<ns0:author>
			<ns0:persName><ns0:surname>Luminescence</ns0:surname></ns0:persName>
		</ns0:author>
		<ns0:imprint>
			<ns0:date type="published" when="2009">2009</ns0:date>
			<ns0:biblScope unit="volume">24</ns0:biblScope>
			<ns0:biblScope unit="page" from="2" to="9" />
		</ns0:imprint>
	</ns0:monogr>
</ns0:biblStruct>

<ns0:biblStruct xml:id="b32">
	<ns0:analytic>
		<ns0:title />
		<ns0:author>
			<ns0:persName><ns0:forename type="first">Y</ns0:forename><ns0:forename type="middle">M</ns0:forename><ns0:surname>Lei</ns0:surname></ns0:persName>
		</ns0:author>
		<ns0:author>
			<ns0:persName><ns0:forename type="first">R</ns0:forename><ns0:forename type="middle">X</ns0:forename><ns0:surname>Wen</ns0:surname></ns0:persName>
		</ns0:author>
		<ns0:author>
			<ns0:persName><ns0:forename type="first">J</ns0:forename><ns0:surname>Zhou</ns0:surname></ns0:persName>
		</ns0:author>
		<ns0:author>
			<ns0:persName><ns0:forename type="first">Y</ns0:forename><ns0:forename type="middle">Q</ns0:forename><ns0:surname>Chai</ns0:surname></ns0:persName>
		</ns0:author>
		<ns0:author>
			<ns0:persName><ns0:forename type="first">R</ns0:forename><ns0:surname>Yuan</ns0:surname></ns0:persName>
		</ns0:author>
		<ns0:author>
			<ns0:persName><ns0:forename type="first">Y</ns0:forename><ns0:surname>Zhuo</ns0:surname></ns0:persName>
		</ns0:author>
	</ns0:analytic>
	<ns0:monogr>
		<ns0:title level="j">Anal. Chem</ns0:title>
		<ns0:imprint>
			<ns0:biblScope unit="volume">90</ns0:biblScope>
			<ns0:biblScope unit="page" from="6851" to="6858" />
			<ns0:date type="published" when="2018">2018</ns0:date>
		</ns0:imprint>
	</ns0:monogr>
</ns0:biblStruct>

<ns0:biblStruct xml:id="b33">
	<ns0:monogr>
		<ns0:title />
		<ns0:author>
			<ns0:persName><ns0:forename type="first">L</ns0:forename><ns0:surname>Shi</ns0:surname></ns0:persName>
		</ns0:author>
		<ns0:author>
			<ns0:persName><ns0:forename type="first">X</ns0:forename><ns0:forename type="middle">J</ns0:forename><ns0:surname>Li</ns0:surname></ns0:persName>
		</ns0:author>
		<ns0:author>
			<ns0:persName><ns0:forename type="first">W</ns0:forename><ns0:forename type="middle">J</ns0:forename><ns0:surname>Zhu</ns0:surname></ns0:persName>
		</ns0:author>
		<ns0:author>
			<ns0:persName><ns0:forename type="first">Y</ns0:forename><ns0:forename type="middle">G</ns0:forename><ns0:surname>Wang</ns0:surname></ns0:persName>
		</ns0:author>
		<ns0:author>
			<ns0:persName><ns0:forename type="first">B</ns0:forename><ns0:surname>Du</ns0:surname></ns0:persName>
		</ns0:author>
		<ns0:author>
			<ns0:persName><ns0:forename type="first">W</ns0:forename><ns0:surname>Cao</ns0:surname></ns0:persName>
		</ns0:author>
		<ns0:author>
			<ns0:persName><ns0:forename type="first">Q</ns0:forename><ns0:surname>Wei</ns0:surname></ns0:persName>
		</ns0:author>
		<ns0:author>
			<ns0:persName><ns0:forename type="first">X</ns0:forename><ns0:forename type="middle">H</ns0:forename><ns0:surname>Pang</ns0:surname></ns0:persName>
		</ns0:author>
		<ns0:author>
			<ns0:persName><ns0:surname>Sens</ns0:surname></ns0:persName>
		</ns0:author>
		<ns0:imprint>
			<ns0:date type="published" when="2017">2017</ns0:date>
			<ns0:biblScope unit="volume">2</ns0:biblScope>
			<ns0:biblScope unit="page" from="1774" to="1778" />
		</ns0:imprint>
	</ns0:monogr>
</ns0:biblStruct>

<ns0:biblStruct xml:id="b34">
	<ns0:analytic>
		<ns0:title />
		<ns0:author>
			<ns0:persName><ns0:forename type="first">F</ns0:forename><ns0:surname>Takahashi</ns0:surname></ns0:persName>
		</ns0:author>
		<ns0:author>
			<ns0:persName><ns0:forename type="first">F</ns0:forename><ns0:surname>Hattori</ns0:surname></ns0:persName>
		</ns0:author>
		<ns0:author>
			<ns0:persName><ns0:forename type="first">M</ns0:forename><ns0:surname>Matsuoka</ns0:surname></ns0:persName>
		</ns0:author>
		<ns0:author>
			<ns0:persName><ns0:forename type="first">J</ns0:forename><ns0:forename type="middle">Y</ns0:forename><ns0:surname>Jin</ns0:surname></ns0:persName>
		</ns0:author>
	</ns0:analytic>
	<ns0:monogr>
		<ns0:title level="j">Anal. Sci</ns0:title>
		<ns0:imprint>
			<ns0:biblScope unit="volume">32</ns0:biblScope>
			<ns0:biblScope unit="page" from="443" to="447" />
			<ns0:date type="published" when="2016">2016</ns0:date>
		</ns0:imprint>
	</ns0:monogr>
</ns0:biblStruct>

<ns0:biblStruct xml:id="b35">
	<ns0:analytic>
		<ns0:title />
		<ns0:author>
			<ns0:persName><ns0:forename type="first">H</ns0:forename><ns0:forename type="middle">Z</ns0:forename><ns0:surname>Zheng</ns0:surname></ns0:persName>
		</ns0:author>
		<ns0:author>
			<ns0:persName><ns0:forename type="first">Y</ns0:forename><ns0:forename type="middle">B</ns0:forename><ns0:surname>Zu</ns0:surname></ns0:persName>
		</ns0:author>
	</ns0:analytic>
	<ns0:monogr>
		<ns0:title level="j">J. Phys. Chem. B</ns0:title>
		<ns0:imprint>
			<ns0:biblScope unit="volume">109</ns0:biblScope>
			<ns0:biblScope unit="page" from="16047" to="16051" />
			<ns0:date type="published" when="2005">2005</ns0:date>
		</ns0:imprint>
	</ns0:monogr>
</ns0:biblStruct>

<ns0:biblStruct xml:id="b36">
	<ns0:analytic>
		<ns0:title />
		<ns0:author>
			<ns0:persName><ns0:forename type="first">Q</ns0:forename><ns0:forename type="middle">G</ns0:forename><ns0:surname>Mulazzani</ns0:surname></ns0:persName>
		</ns0:author>
		<ns0:author>
			<ns0:persName><ns0:forename type="first">H</ns0:forename><ns0:surname>Sun</ns0:surname></ns0:persName>
		</ns0:author>
		<ns0:author>
			<ns0:persName><ns0:forename type="first">M</ns0:forename><ns0:forename type="middle">Z</ns0:forename><ns0:surname>Hoffman</ns0:surname></ns0:persName>
		</ns0:author>
		<ns0:author>
			<ns0:persName><ns0:forename type="first">W</ns0:forename><ns0:forename type="middle">E</ns0:forename><ns0:surname>Ford</ns0:surname></ns0:persName>
		</ns0:author>
		<ns0:author>
			<ns0:persName><ns0:forename type="first">M</ns0:forename><ns0:forename type="middle">A J</ns0:forename><ns0:surname>Rodgers</ns0:surname></ns0:persName>
		</ns0:author>
	</ns0:analytic>
	<ns0:monogr>
		<ns0:title level="j">J. Phys. Chem</ns0:title>
		<ns0:imprint>
			<ns0:biblScope unit="volume">98</ns0:biblScope>
			<ns0:biblScope unit="page" from="1145" to="1150" />
			<ns0:date type="published" when="1994">1994</ns0:date>
		</ns0:imprint>
	</ns0:monogr>
</ns0:biblStruct>

<ns0:biblStruct xml:id="b37">
	<ns0:analytic>
		<ns0:title />
		<ns0:author>
			<ns0:persName><ns0:forename type="first">S</ns0:forename><ns0:forename type="middle">S</ns0:forename><ns0:surname>Kumar</ns0:surname></ns0:persName>
		</ns0:author>
		<ns0:author>
			<ns0:persName><ns0:forename type="first">A</ns0:forename><ns0:surname>Bard</ns0:surname></ns0:persName>
		</ns0:author>
	</ns0:analytic>
	<ns0:monogr>
		<ns0:title level="j">J. Anal. Chem</ns0:title>
		<ns0:imprint>
			<ns0:biblScope unit="volume">85</ns0:biblScope>
			<ns0:biblScope unit="page" from="292" to="295" />
			<ns0:date type="published" when="2013">2013</ns0:date>
		</ns0:imprint>
	</ns0:monogr>
</ns0:biblStruct>

<ns0:biblStruct xml:id="b38">
	<ns0:analytic>
		<ns0:title />
		<ns0:author>
			<ns0:persName><ns0:forename type="first">H</ns0:forename><ns0:surname>Park</ns0:surname></ns0:persName>
		</ns0:author>
		<ns0:author>
			<ns0:persName><ns0:forename type="first">E</ns0:forename><ns0:surname>Bae</ns0:surname></ns0:persName>
		</ns0:author>
		<ns0:author>
			<ns0:persName><ns0:forename type="first">J</ns0:forename><ns0:forename type="middle">J</ns0:forename><ns0:surname>Lee</ns0:surname></ns0:persName>
		</ns0:author>
		<ns0:author>
			<ns0:persName><ns0:forename type="first">J</ns0:forename><ns0:surname>Park</ns0:surname></ns0:persName>
		</ns0:author>
		<ns0:author>
			<ns0:persName><ns0:forename type="first">W</ns0:forename><ns0:forename type="middle">Y</ns0:forename><ns0:surname>Choi</ns0:surname></ns0:persName>
		</ns0:author>
	</ns0:analytic>
	<ns0:monogr>
		<ns0:title level="j">J. Phys. Chem. B</ns0:title>
		<ns0:imprint>
			<ns0:biblScope unit="volume">110</ns0:biblScope>
			<ns0:biblScope unit="page" from="8740" to="8749" />
			<ns0:date type="published" when="2006">2006</ns0:date>
		</ns0:imprint>
	</ns0:monogr>
</ns0:biblStruct>

<ns0:biblStruct xml:id="b39">
	<ns0:analytic>
		<ns0:title />
		<ns0:author>
			<ns0:persName><ns0:forename type="first">W</ns0:forename><ns0:forename type="middle">J</ns0:forename><ns0:surname>Miao</ns0:surname></ns0:persName>
		</ns0:author>
		<ns0:author>
			<ns0:persName><ns0:forename type="first">J</ns0:forename><ns0:forename type="middle">P</ns0:forename><ns0:surname>Choi</ns0:surname></ns0:persName>
		</ns0:author>
		<ns0:author>
			<ns0:persName><ns0:forename type="first">A</ns0:forename><ns0:forename type="middle">J</ns0:forename><ns0:surname>Bard</ns0:surname></ns0:persName>
		</ns0:author>
	</ns0:analytic>
	<ns0:monogr>
		<ns0:title level="j">Am. Chem. Soc</ns0:title>
		<ns0:imprint>
			<ns0:biblScope unit="volume">124</ns0:biblScope>
			<ns0:biblScope unit="page" from="14478" to="14485" />
			<ns0:date type="published" when="2002">2002</ns0:date>
		</ns0:imprint>
	</ns0:monogr>
</ns0:biblStruct>

<ns0:biblStruct xml:id="b40">
	<ns0:analytic>
		<ns0:title />
		<ns0:author>
			<ns0:persName><ns0:forename type="first">J</ns0:forename><ns0:forename type="middle">R</ns0:forename><ns0:surname>Zhang</ns0:surname></ns0:persName>
		</ns0:author>
		<ns0:author>
			<ns0:persName><ns0:forename type="first">Z</ns0:forename><ns0:forename type="middle">L</ns0:forename><ns0:surname>Wang</ns0:surname></ns0:persName>
		</ns0:author>
		<ns0:author>
			<ns0:persName><ns0:forename type="first">F</ns0:forename><ns0:surname>Qu</ns0:surname></ns0:persName>
		</ns0:author>
		<ns0:author>
			<ns0:persName><ns0:forename type="first">H</ns0:forename><ns0:forename type="middle">Q</ns0:forename><ns0:surname>Luo</ns0:surname></ns0:persName>
		</ns0:author>
		<ns0:author>
			<ns0:persName><ns0:forename type="first">N</ns0:forename><ns0:forename type="middle">B</ns0:forename><ns0:surname>Li</ns0:surname></ns0:persName>
		</ns0:author>
	</ns0:analytic>
	<ns0:monogr>
		<ns0:title level="j">J. Agric. Food Chem</ns0:title>
		<ns0:imprint>
			<ns0:biblScope unit="volume">62</ns0:biblScope>
			<ns0:biblScope unit="page" from="6592" to="6599" />
			<ns0:date type="published" when="2014">2014</ns0:date>
		</ns0:imprint>
	</ns0:monogr>
</ns0:biblStruct>

<ns0:biblStruct xml:id="b41">
	<ns0:analytic>
		<ns0:title />
		<ns0:author>
			<ns0:persName><ns0:forename type="first">R</ns0:forename><ns0:forename type="middle">Y</ns0:forename><ns0:surname>Lai</ns0:surname></ns0:persName>
		</ns0:author>
		<ns0:author>
			<ns0:persName><ns0:forename type="first">A</ns0:forename><ns0:forename type="middle">J</ns0:forename><ns0:surname>Bard</ns0:surname></ns0:persName>
		</ns0:author>
	</ns0:analytic>
	<ns0:monogr>
		<ns0:title level="j">J. Phys. Chem. A</ns0:title>
		<ns0:imprint>
			<ns0:biblScope unit="volume">107</ns0:biblScope>
			<ns0:biblScope unit="page" from="3335" to="3340" />
			<ns0:date type="published" when="2003">2003</ns0:date>
		</ns0:imprint>
	</ns0:monogr>
</ns0:biblStruct>

<ns0:biblStruct xml:id="b42">
	<ns0:analytic>
		<ns0:title />
		<ns0:author>
			<ns0:persName><ns0:forename type="first">S</ns0:forename><ns0:surname>Mandal</ns0:surname></ns0:persName>
		</ns0:author>
		<ns0:author>
			<ns0:persName><ns0:forename type="first">T</ns0:forename><ns0:surname>Bera</ns0:surname></ns0:persName>
		</ns0:author>
		<ns0:author>
			<ns0:persName><ns0:forename type="first">G</ns0:forename><ns0:surname>Dubey</ns0:surname></ns0:persName>
		</ns0:author>
		<ns0:author>
			<ns0:persName><ns0:forename type="first">J</ns0:forename><ns0:surname>Saha</ns0:surname></ns0:persName>
		</ns0:author>
		<ns0:author>
			<ns0:persName><ns0:forename type="first">J</ns0:forename><ns0:forename type="middle">K</ns0:forename><ns0:surname>Laha</ns0:surname></ns0:persName>
		</ns0:author>
	</ns0:analytic>
	<ns0:monogr>
		<ns0:title level="j">ACS Catal</ns0:title>
		<ns0:imprint>
			<ns0:biblScope unit="volume">8</ns0:biblScope>
			<ns0:biblScope unit="page" from="5085" to="5144" />
			<ns0:date type="published" when="2018">2018</ns0:date>
		</ns0:imprint>
	</ns0:monogr>
</ns0:biblStruct>

<ns0:biblStruct xml:id="b43">
	<ns0:analytic>
		<ns0:title />
		<ns0:author>
			<ns0:persName><ns0:forename type="first">Y</ns0:forename><ns0:forename type="middle">M</ns0:forename><ns0:surname>Lei</ns0:surname></ns0:persName>
		</ns0:author>
		<ns0:author>
			<ns0:persName><ns0:forename type="first">W</ns0:forename><ns0:forename type="middle">X</ns0:forename><ns0:surname>Huang</ns0:surname></ns0:persName>
		</ns0:author>
		<ns0:author>
			<ns0:persName><ns0:forename type="first">M</ns0:forename><ns0:surname>Zhao</ns0:surname></ns0:persName>
		</ns0:author>
		<ns0:author>
			<ns0:persName><ns0:forename type="first">Y</ns0:forename><ns0:forename type="middle">Q</ns0:forename><ns0:surname>Chai</ns0:surname></ns0:persName>
		</ns0:author>
		<ns0:author>
			<ns0:persName><ns0:forename type="first">R</ns0:forename><ns0:surname>Yuan</ns0:surname></ns0:persName>
		</ns0:author>
		<ns0:author>
			<ns0:persName><ns0:forename type="first">Y</ns0:forename><ns0:surname>Zhuo</ns0:surname></ns0:persName>
		</ns0:author>
	</ns0:analytic>
	<ns0:monogr>
		<ns0:title level="j">Anal. Chem</ns0:title>
		<ns0:imprint>
			<ns0:biblScope unit="volume">87</ns0:biblScope>
			<ns0:biblScope unit="page" from="7787" to="7794" />
			<ns0:date type="published" when="2015">2015</ns0:date>
		</ns0:imprint>
	</ns0:monogr>
</ns0:biblStruct>

<ns0:biblStruct xml:id="b44">
	<ns0:analytic>
		<ns0:title />
		<ns0:author>
			<ns0:persName><ns0:forename type="first">Y</ns0:forename><ns0:forename type="middle">Y</ns0:forename><ns0:surname>Zhang</ns0:surname></ns0:persName>
		</ns0:author>
		<ns0:author>
			<ns0:persName><ns0:forename type="first">Q</ns0:forename><ns0:forename type="middle">M</ns0:forename><ns0:surname>Feng</ns0:surname></ns0:persName>
		</ns0:author>
		<ns0:author>
			<ns0:persName><ns0:forename type="first">J</ns0:forename><ns0:forename type="middle">J</ns0:forename><ns0:surname>Xu</ns0:surname></ns0:persName>
		</ns0:author>
		<ns0:author>
			<ns0:persName><ns0:forename type="first">H</ns0:forename><ns0:forename type="middle">Y</ns0:forename><ns0:surname>Chen</ns0:surname></ns0:persName>
		</ns0:author>
	</ns0:analytic>
	<ns0:monogr>
		<ns0:title level="j">ACS Appl. Mater. Interfaces</ns0:title>
		<ns0:imprint>
			<ns0:biblScope unit="volume">7</ns0:biblScope>
			<ns0:biblScope unit="page" from="26307" to="26314" />
			<ns0:date type="published" when="2015">2015</ns0:date>
		</ns0:imprint>
	</ns0:monogr>
</ns0:biblStruct>

<ns0:biblStruct xml:id="b45">
	<ns0:analytic>
		<ns0:title />
		<ns0:author>
			<ns0:persName><ns0:forename type="first">C</ns0:forename><ns0:forename type="middle">H</ns0:forename><ns0:surname>Zong</ns0:surname></ns0:persName>
		</ns0:author>
		<ns0:author>
			<ns0:persName><ns0:forename type="first">K</ns0:forename><ns0:forename type="middle">L</ns0:forename><ns0:surname>Ai</ns0:surname></ns0:persName>
		</ns0:author>
		<ns0:author>
			<ns0:persName><ns0:forename type="first">G</ns0:forename><ns0:surname>Zhang</ns0:surname></ns0:persName>
		</ns0:author>
		<ns0:author>
			<ns0:persName><ns0:forename type="first">H</ns0:forename><ns0:forename type="middle">W</ns0:forename><ns0:surname>Li</ns0:surname></ns0:persName>
		</ns0:author>
		<ns0:author>
			<ns0:persName><ns0:forename type="first">L</ns0:forename><ns0:forename type="middle">H</ns0:forename><ns0:surname>Lu</ns0:surname></ns0:persName>
		</ns0:author>
	</ns0:analytic>
	<ns0:monogr>
		<ns0:title level="j">Anal Chem</ns0:title>
		<ns0:imprint>
			<ns0:biblScope unit="volume">83</ns0:biblScope>
			<ns0:biblScope unit="page" from="3126" to="3132" />
			<ns0:date type="published" when="2011">2011</ns0:date>
		</ns0:imprint>
	</ns0:monogr>
</ns0:biblStruct>

<ns0:biblStruct xml:id="b46">
	<ns0:analytic>
		<ns0:title />
		<ns0:author>
			<ns0:persName><ns0:forename type="first">S</ns0:forename><ns0:forename type="middle">L</ns0:forename><ns0:surname>Yang</ns0:surname></ns0:persName>
		</ns0:author>
		<ns0:author>
			<ns0:persName><ns0:forename type="first">W</ns0:forename><ns0:forename type="middle">N</ns0:forename><ns0:surname>Jiang</ns0:surname></ns0:persName>
		</ns0:author>
		<ns0:author>
			<ns0:persName><ns0:forename type="first">Y</ns0:forename><ns0:surname>Tang</ns0:surname></ns0:persName>
		</ns0:author>
		<ns0:author>
			<ns0:persName><ns0:forename type="first">L</ns0:forename><ns0:surname>Xu</ns0:surname></ns0:persName>
		</ns0:author>
		<ns0:author>
			<ns0:persName><ns0:forename type="first">B</ns0:forename><ns0:forename type="middle">H</ns0:forename><ns0:surname>Gao</ns0:surname></ns0:persName>
		</ns0:author>
		<ns0:author>
			<ns0:persName><ns0:forename type="first">H</ns0:forename><ns0:forename type="middle">J</ns0:forename><ns0:surname>Xu</ns0:surname></ns0:persName>
		</ns0:author>
		<ns0:author>
			<ns0:persName><ns0:surname>Chin</ns0:surname></ns0:persName>
		</ns0:author>
	</ns0:analytic>
	<ns0:monogr>
		<ns0:title level="j">J. Anal. Chem</ns0:title>
		<ns0:imprint>
			<ns0:biblScope unit="volume">47</ns0:biblScope>
			<ns0:biblScope unit="page" from="19059" to="e19065" />
			<ns0:date type="published" when="2019">2019</ns0:date>
		</ns0:imprint>
	</ns0:monogr>
</ns0:biblStruct>

<ns0:biblStruct xml:id="b47">
	<ns0:analytic>
		<ns0:title />
		<ns0:author>
			<ns0:persName><ns0:forename type="first">P</ns0:forename><ns0:forename type="middle">H</ns0:forename><ns0:surname>Li</ns0:surname></ns0:persName>
		</ns0:author>
		<ns0:author>
			<ns0:persName><ns0:forename type="first">J</ns0:forename><ns0:forename type="middle">Y</ns0:forename><ns0:surname>Lin</ns0:surname></ns0:persName>
		</ns0:author>
		<ns0:author>
			<ns0:persName><ns0:forename type="first">C</ns0:forename><ns0:forename type="middle">T</ns0:forename><ns0:surname>Chen</ns0:surname></ns0:persName>
		</ns0:author>
		<ns0:author>
			<ns0:persName><ns0:forename type="first">W</ns0:forename><ns0:forename type="middle">R</ns0:forename><ns0:surname>Ciou</ns0:surname></ns0:persName>
		</ns0:author>
		<ns0:author>
			<ns0:persName><ns0:forename type="first">P</ns0:forename><ns0:forename type="middle">H</ns0:forename><ns0:surname>Chan</ns0:surname></ns0:persName>
		</ns0:author>
		<ns0:author>
			<ns0:persName><ns0:forename type="first">L</ns0:forename><ns0:forename type="middle">Y</ns0:forename><ns0:surname>Luo</ns0:surname></ns0:persName>
		</ns0:author>
		<ns0:author>
			<ns0:persName><ns0:forename type="first">H</ns0:forename><ns0:forename type="middle">Y</ns0:forename><ns0:surname>Hsu</ns0:surname></ns0:persName>
		</ns0:author>
		<ns0:author>
			<ns0:persName><ns0:forename type="first">E</ns0:forename><ns0:forename type="middle">W G</ns0:forename><ns0:surname>Diau</ns0:surname></ns0:persName>
		</ns0:author>
		<ns0:author>
			<ns0:persName><ns0:forename type="first">Y</ns0:forename><ns0:forename type="middle">C</ns0:forename><ns0:surname>Chen</ns0:surname></ns0:persName>
		</ns0:author>
	</ns0:analytic>
	<ns0:monogr>
		<ns0:title level="j">Anal. Chem</ns0:title>
		<ns0:imprint>
			<ns0:biblScope unit="volume">84</ns0:biblScope>
			<ns0:biblScope unit="page" from="5484" to="5488" />
			<ns0:date type="published" when="2012">2012</ns0:date>
		</ns0:imprint>
	</ns0:monogr>
</ns0:biblStruct>

<ns0:biblStruct xml:id="b48">
	<ns0:monogr>
		<ns0:title />
		<ns0:author>
			<ns0:persName><ns0:forename type="first">J</ns0:forename><ns0:surname>Liu</ns0:surname></ns0:persName>
		</ns0:author>
		<ns0:author>
			<ns0:persName><ns0:forename type="first">X</ns0:forename><ns0:forename type="middle">L</ns0:forename><ns0:surname>Ren</ns0:surname></ns0:persName>
		</ns0:author>
		<ns0:author>
			<ns0:persName><ns0:forename type="first">X</ns0:forename><ns0:forename type="middle">W</ns0:forename><ns0:surname>Meng</ns0:surname></ns0:persName>
		</ns0:author>
		<ns0:author>
			<ns0:persName><ns0:forename type="first">Z</ns0:forename><ns0:surname>Fang</ns0:surname></ns0:persName>
		</ns0:author>
		<ns0:author>
			<ns0:persName><ns0:forename type="first">F</ns0:forename><ns0:forename type="middle">Q</ns0:forename><ns0:surname>Tang</ns0:surname></ns0:persName>
		</ns0:author>
		<ns0:author>
			<ns0:persName><ns0:surname>Nanoscale</ns0:surname></ns0:persName>
		</ns0:author>
		<ns0:imprint>
			<ns0:date type="published" when="2013">2013</ns0:date>
			<ns0:biblScope unit="volume">5</ns0:biblScope>
			<ns0:biblScope unit="page" from="10022" to="10028" />
		</ns0:imprint>
	</ns0:monogr>
</ns0:biblStruct>

				</ns0:listBibl>
			</ns0:div>
		</ns0:back>
	</ns0:text>
</ns0:TEI>