<ns0:TEI xmlns:ns0="http://www.tei-c.org/ns/1.0" xmlns:xsi="http://www.w3.org/2001/XMLSchema-instance" xml:space="preserve" xsi:schemaLocation="http://www.tei-c.org/ns/1.0 https://raw.githubusercontent.com/kermitt2/grobid/master/grobid-home/schemas/xsd/Grobid.xsd">
	<ns0:teiHeader xml:lang="en">
		<ns0:fileDesc>
			<ns0:titleStmt>
				<ns0:title level="a" type="main">Effective Separation of Condensed Arenes from High-Temperature Coal Tar and Insight into Related Intermolecular Interactions</ns0:title>
			</ns0:titleStmt>
			<ns0:publicationStmt>
				<ns0:publisher />
				<ns0:availability status="unknown"><ns0:licence /></ns0:availability>
				<ns0:date type="published" when="2021-02-09">February 9, 2021</ns0:date>
			</ns0:publicationStmt>
			<ns0:sourceDesc>
				<ns0:biblStruct>
					<ns0:analytic>
						<ns0:author>
							<ns0:persName><ns0:forename type="first">Jia-Hao</ns0:forename><ns0:surname>Li</ns0:surname></ns0:persName>
						</ns0:author>
						<ns0:author>
							<ns0:persName><ns0:forename type="first">Xian-Yong</ns0:forename><ns0:surname>Wei</ns0:surname></ns0:persName>
						</ns0:author>
						<ns0:author>
							<ns0:persName><ns0:forename type="first">Hai-Feng</ns0:forename><ns0:surname>Zhao</ns0:surname></ns0:persName>
						</ns0:author>
						<ns0:author>
							<ns0:persName><ns0:forename type="first">Wei-Wei</ns0:forename><ns0:surname>Yan</ns0:surname></ns0:persName>
						</ns0:author>
						<ns0:author>
							<ns0:persName><ns0:forename type="first">Dao-Guang</ns0:forename><ns0:surname>Teng</ns0:surname></ns0:persName>
						</ns0:author>
						<ns0:author>
							<ns0:persName><ns0:forename type="first">Zhi-Hao</ns0:forename><ns0:surname>Ma</ns0:surname></ns0:persName>
						</ns0:author>
						<ns0:author>
							<ns0:persName><ns0:forename type="first">Hua-Shuai</ns0:forename><ns0:surname>Gao</ns0:surname></ns0:persName>
						</ns0:author>
						<ns0:author>
							<ns0:persName><ns0:forename type="first">Zhi-Min</ns0:forename><ns0:surname>Zong</ns0:surname></ns0:persName>
						</ns0:author>
						<ns0:title level="a" type="main">Effective Separation of Condensed Arenes from High-Temperature Coal Tar and Insight into Related Intermolecular Interactions</ns0:title>
					</ns0:analytic>
					<ns0:monogr>
						<ns0:imprint>
							<ns0:date type="published" when="2021-02-09">February 9, 2021</ns0:date>
						</ns0:imprint>
					</ns0:monogr>
					<ns0:idno type="DOI">10.1021/acs.energyfuels.0c02776</ns0:idno>
					<ns0:note type="submission">Received: August 16, 2020 Revised: January 18, 2021</ns0:note>
				</ns0:biblStruct>
			</ns0:sourceDesc>
		</ns0:fileDesc>
		<ns0:encodingDesc>
			<ns0:appInfo>
				<ns0:application version="0.7.3" ident="GROBID" when="2023-07-23T21:27+0000">
					<ns0:desc>GROBID - A machine learning software for extracting information from scholarly documents</ns0:desc>
					<ns0:ref target="https://github.com/kermitt2/grobid" />
				</ns0:application>
			</ns0:appInfo>
		</ns0:encodingDesc>
		<ns0:profileDesc>
			<ns0:abstract>
<ns0:div><ns0:p>An extraction-column chromatography system was designed to enrich and purify condensed arenes (CAs) from a hightemperature coal tar (HTCT). Pyrene, fluoranthene, phenanthrene, anthracene, and naphthalene were successfully enriched in the purities of 91.1, 98.1, 97.6, 100, and 97.7%, respectively, via extraction with petroleum ether and subsequent gradient elution by medium/highpressure preparative chromatography. The enriched CAs were characterized by gas chromatography/mass spectrometry along with 1 H and 13 C nuclear magnetic resonance spectrometries. The nonbonded interaction energy between PE and CAs was calculated to reveal the mechanism for intermolecular interaction during the extraction. The reduced density gradient method proved the wide existence of van der Waals forces and the X-H&#8226;&#8226;&#8226;&#960; bonds (X denotes &gt;N, &gt;CH, or -O) between PE and CAs through molecular dynamics simulation.</ns0:p></ns0:div>
			</ns0:abstract>
		</ns0:profileDesc>
	</ns0:teiHeader>
	<ns0:text xml:lang="en">
		<ns0:back>
			<ns0:div type="annex">
<ns0:div />			</ns0:div>
			<ns0:div type="references">

				<ns0:listBibl>

<ns0:biblStruct xml:id="b0">
	<ns0:analytic>
		<ns0:title level="a" type="main">from passion fruit (passiflora edulis) seeds by high-speed countercurrent chromatography combined with high-performance liquid chromatography and screening for &#945;-glucosidase inhibitory activities</ns0:title>
		<ns0:idno type="DOI">10.1021/acs.jafc.9b04871</ns0:idno>
	</ns0:analytic>
	<ns0:monogr>
		<ns0:title level="j">J. Agric. Food Chem</ns0:title>
		<ns0:imprint>
			<ns0:biblScope unit="volume">68</ns0:biblScope>
			<ns0:biblScope unit="page" from="1555" to="1562" />
			<ns0:date type="published" when="2020">2020</ns0:date>
		</ns0:imprint>
	</ns0:monogr>
</ns0:biblStruct>

<ns0:biblStruct xml:id="b1">
	<ns0:analytic>
		<ns0:title level="a" type="main">Monolithic alkylsilane column: a promising separation medium for oligonucleotides by ion-pair reversed-phase liquid chromatography</ns0:title>
		<ns0:author>
			<ns0:persName><ns0:forename type="first">J</ns0:forename><ns0:forename type="middle">Q</ns0:forename><ns0:surname>Qiao</ns0:surname></ns0:persName>
		</ns0:author>
		<ns0:author>
			<ns0:persName><ns0:forename type="first">C</ns0:forename><ns0:surname>Liang</ns0:surname></ns0:persName>
		</ns0:author>
		<ns0:author>
			<ns0:persName><ns0:forename type="first">Z</ns0:forename><ns0:forename type="middle">Y</ns0:forename><ns0:surname>Zhu</ns0:surname></ns0:persName>
		</ns0:author>
		<ns0:author>
			<ns0:persName><ns0:forename type="first">Z</ns0:forename><ns0:forename type="middle">M</ns0:forename><ns0:surname>Cao</ns0:surname></ns0:persName>
		</ns0:author>
		<ns0:author>
			<ns0:persName><ns0:forename type="first">W</ns0:forename><ns0:forename type="middle">J</ns0:forename><ns0:surname>Zheng</ns0:surname></ns0:persName>
		</ns0:author>
		<ns0:author>
			<ns0:persName><ns0:forename type="first">H</ns0:forename><ns0:forename type="middle">Z</ns0:forename><ns0:surname>Lian</ns0:surname></ns0:persName>
		</ns0:author>
		<ns0:idno type="DOI">10.1016/j.chroma.2018.07.062</ns0:idno>
	</ns0:analytic>
	<ns0:monogr>
		<ns0:title level="j">J. Chromatogr. A</ns0:title>
		<ns0:imprint>
			<ns0:biblScope unit="page" from="168" to="177" />
			<ns0:date type="published" when="1569">2018. 1569</ns0:date>
		</ns0:imprint>
	</ns0:monogr>
</ns0:biblStruct>

<ns0:biblStruct xml:id="b2">
	<ns0:analytic>
		<ns0:title level="a" type="main">Extraction and mechanism exploration for separating cresols from coal tar by ionic liquid ethanolamine lactate</ns0:title>
		<ns0:author>
			<ns0:persName><ns0:forename type="first">X</ns0:forename><ns0:forename type="middle">B</ns0:forename><ns0:surname>Bing</ns0:surname></ns0:persName>
		</ns0:author>
		<ns0:author>
			<ns0:persName><ns0:forename type="first">X</ns0:forename><ns0:forename type="middle">L</ns0:forename><ns0:surname>Meng</ns0:surname></ns0:persName>
		</ns0:author>
		<ns0:author>
			<ns0:persName><ns0:forename type="first">A</ns0:forename><ns0:surname>Li</ns0:surname></ns0:persName>
		</ns0:author>
		<ns0:author>
			<ns0:persName><ns0:forename type="first">L</ns0:forename><ns0:forename type="middle">Z</ns0:forename><ns0:surname>Zhang</ns0:surname></ns0:persName>
		</ns0:author>
		<ns0:author>
			<ns0:persName><ns0:forename type="first">J</ns0:forename><ns0:surname>Gao</ns0:surname></ns0:persName>
		</ns0:author>
		<ns0:author>
			<ns0:persName><ns0:forename type="first">D</ns0:forename><ns0:forename type="middle">M</ns0:forename><ns0:surname>Xu</ns0:surname></ns0:persName>
		</ns0:author>
		<ns0:author>
			<ns0:persName><ns0:forename type="first">Y</ns0:forename><ns0:forename type="middle">L</ns0:forename><ns0:surname>Wang</ns0:surname></ns0:persName>
		</ns0:author>
		<ns0:idno type="DOI">10.1016/j.molliq.2020.112845</ns0:idno>
	</ns0:analytic>
	<ns0:monogr>
		<ns0:title level="j">J. Mol. Liq</ns0:title>
		<ns0:imprint>
			<ns0:biblScope unit="volume">305</ns0:biblScope>
			<ns0:biblScope unit="page" from="112845" to="112855" />
			<ns0:date type="published" when="2020">2020</ns0:date>
		</ns0:imprint>
	</ns0:monogr>
</ns0:biblStruct>

<ns0:biblStruct xml:id="b3">
	<ns0:analytic>
		<ns0:title level="a" type="main">Separation of m-cresol from coal tar model oil using propylamine-based ionic liquids: extraction and interaction mechanism exploration</ns0:title>
		<ns0:author>
			<ns0:persName><ns0:forename type="first">X</ns0:forename><ns0:forename type="middle">B</ns0:forename><ns0:surname>Bing</ns0:surname></ns0:persName>
		</ns0:author>
		<ns0:author>
			<ns0:persName><ns0:forename type="first">Z</ns0:forename><ns0:forename type="middle">H</ns0:forename><ns0:surname>Wang</ns0:surname></ns0:persName>
		</ns0:author>
		<ns0:author>
			<ns0:persName><ns0:forename type="first">F</ns0:forename><ns0:surname>Wei</ns0:surname></ns0:persName>
		</ns0:author>
		<ns0:author>
			<ns0:persName><ns0:forename type="first">J</ns0:forename><ns0:surname>Gao</ns0:surname></ns0:persName>
		</ns0:author>
		<ns0:author>
			<ns0:persName><ns0:forename type="first">D</ns0:forename><ns0:forename type="middle">M</ns0:forename><ns0:surname>Xu</ns0:surname></ns0:persName>
		</ns0:author>
		<ns0:author>
			<ns0:persName><ns0:forename type="first">L</ns0:forename><ns0:forename type="middle">Z</ns0:forename><ns0:surname>Zhang</ns0:surname></ns0:persName>
		</ns0:author>
		<ns0:author>
			<ns0:persName><ns0:forename type="first">Y</ns0:forename><ns0:forename type="middle">L</ns0:forename><ns0:surname>Wang</ns0:surname></ns0:persName>
		</ns0:author>
		<ns0:idno type="DOI">10.1021/acsomega.0c02863</ns0:idno>
	</ns0:analytic>
	<ns0:monogr>
		<ns0:title level="j">ACS Omega</ns0:title>
		<ns0:imprint>
			<ns0:biblScope unit="volume">36</ns0:biblScope>
			<ns0:biblScope unit="page" from="23090" to="23098" />
			<ns0:date type="published" when="2020">2020</ns0:date>
		</ns0:imprint>
	</ns0:monogr>
</ns0:biblStruct>

<ns0:biblStruct xml:id="b4">
	<ns0:analytic>
		<ns0:title level="a" type="main">Multiscale exploration and experimental insights into separating neutral heterocyclic nitrogen compounds using</ns0:title>
		<ns0:author>
			<ns0:persName><ns0:forename type="first">L</ns0:forename><ns0:forename type="middle">Z</ns0:forename><ns0:surname>Zhang</ns0:surname></ns0:persName>
		</ns0:author>
		<ns0:author>
			<ns0:persName><ns0:forename type="first">X</ns0:forename><ns0:forename type="middle">B</ns0:forename><ns0:surname>Bing</ns0:surname></ns0:persName>
		</ns0:author>
		<ns0:author>
			<ns0:persName><ns0:forename type="first">Z</ns0:forename><ns0:forename type="middle">Q</ns0:forename><ns0:surname>Cui</ns0:surname></ns0:persName>
		</ns0:author>
		<ns0:author>
			<ns0:persName><ns0:forename type="first">J</ns0:forename><ns0:forename type="middle">A</ns0:forename><ns0:surname>Labarta</ns0:surname></ns0:persName>
		</ns0:author>
		<ns0:author>
			<ns0:persName><ns0:forename type="first">D</ns0:forename><ns0:forename type="middle">M</ns0:forename><ns0:surname>Xu</ns0:surname></ns0:persName>
		</ns0:author>
		<ns0:author>
			<ns0:persName><ns0:forename type="first">J</ns0:forename><ns0:surname>Gao</ns0:surname></ns0:persName>
		</ns0:author>
		<ns0:author>
			<ns0:persName><ns0:forename type="first">S</ns0:forename><ns0:forename type="middle">X</ns0:forename><ns0:surname>Zhou</ns0:surname></ns0:persName>
		</ns0:author>
		<ns0:author>
			<ns0:persName><ns0:forename type="first">Y</ns0:forename><ns0:forename type="middle">L</ns0:forename><ns0:surname>Wang</ns0:surname></ns0:persName>
		</ns0:author>
		<ns0:idno type="DOI">10.1021/acssuschemeng.0c00304</ns0:idno>
	</ns0:analytic>
	<ns0:monogr>
		<ns0:title level="j">ACS Sustainable Chem. Eng</ns0:title>
		<ns0:imprint>
			<ns0:biblScope unit="volume">8</ns0:biblScope>
			<ns0:biblScope unit="page" from="5662" to="5673" />
			<ns0:date type="published" when="2020">2020</ns0:date>
		</ns0:imprint>
	</ns0:monogr>
	<ns0:note>NO 3 ] as an extractant</ns0:note>
</ns0:biblStruct>

<ns0:biblStruct xml:id="b5">
	<ns0:analytic>
		<ns0:title level="a" type="main">Operational strategies and comprehensive evaluation of menthol based deep eutectic solvent for the extraction of lower alcohols from aqueous media</ns0:title>
		<ns0:author>
			<ns0:persName><ns0:forename type="first">R</ns0:forename><ns0:surname>Verma</ns0:surname></ns0:persName>
		</ns0:author>
		<ns0:author>
			<ns0:persName><ns0:forename type="first">M</ns0:forename><ns0:surname>Mohan</ns0:surname></ns0:persName>
		</ns0:author>
		<ns0:author>
			<ns0:persName><ns0:forename type="first">V</ns0:forename><ns0:forename type="middle">V</ns0:forename><ns0:surname>Goud</ns0:surname></ns0:persName>
		</ns0:author>
		<ns0:author>
			<ns0:persName><ns0:forename type="first">T</ns0:forename><ns0:surname>Banerjee</ns0:surname></ns0:persName>
		</ns0:author>
		<ns0:idno type="DOI">10.1021/acssuschemeng.8b04255</ns0:idno>
	</ns0:analytic>
	<ns0:monogr>
		<ns0:title level="j">ACS Sustainable Chem. Eng</ns0:title>
		<ns0:imprint>
			<ns0:biblScope unit="volume">6</ns0:biblScope>
			<ns0:biblScope unit="page" from="16920" to="16932" />
			<ns0:date type="published" when="2018">2018</ns0:date>
		</ns0:imprint>
	</ns0:monogr>
</ns0:biblStruct>

<ns0:biblStruct xml:id="b6">
	<ns0:monogr>
		<ns0:title />
		<ns0:author>
			<ns0:persName><ns0:forename type="first">M</ns0:forename><ns0:forename type="middle">J</ns0:forename><ns0:surname>Frisch</ns0:surname></ns0:persName>
		</ns0:author>
		<ns0:author>
			<ns0:persName><ns0:forename type="first">G</ns0:forename><ns0:forename type="middle">W</ns0:forename><ns0:surname>Trucks</ns0:surname></ns0:persName>
		</ns0:author>
		<ns0:author>
			<ns0:persName><ns0:forename type="first">H</ns0:forename><ns0:forename type="middle">B</ns0:forename><ns0:surname>Schlegel</ns0:surname></ns0:persName>
		</ns0:author>
		<ns0:author>
			<ns0:persName><ns0:forename type="first">G</ns0:forename><ns0:forename type="middle">E</ns0:forename><ns0:surname>Scuseria</ns0:surname></ns0:persName>
		</ns0:author>
		<ns0:author>
			<ns0:persName><ns0:forename type="first">M</ns0:forename><ns0:forename type="middle">A</ns0:forename><ns0:surname>Robb</ns0:surname></ns0:persName>
		</ns0:author>
		<ns0:author>
			<ns0:persName><ns0:forename type="first">J</ns0:forename><ns0:forename type="middle">R</ns0:forename><ns0:surname>Cheeseman</ns0:surname></ns0:persName>
		</ns0:author>
		<ns0:author>
			<ns0:persName><ns0:forename type="first">G</ns0:forename><ns0:surname>Scalmani</ns0:surname></ns0:persName>
		</ns0:author>
		<ns0:author>
			<ns0:persName><ns0:forename type="first">V</ns0:forename><ns0:surname>Barone</ns0:surname></ns0:persName>
		</ns0:author>
		<ns0:author>
			<ns0:persName><ns0:forename type="first">B</ns0:forename><ns0:surname>Mennucci</ns0:surname></ns0:persName>
		</ns0:author>
		<ns0:author>
			<ns0:persName><ns0:forename type="first">G</ns0:forename><ns0:forename type="middle">A</ns0:forename><ns0:surname>Petersson</ns0:surname></ns0:persName>
		</ns0:author>
		<ns0:author>
			<ns0:persName><ns0:forename type="first">H</ns0:forename><ns0:surname>Nakatsuji</ns0:surname></ns0:persName>
		</ns0:author>
		<ns0:author>
			<ns0:persName><ns0:forename type="first">M</ns0:forename><ns0:surname>Caricato</ns0:surname></ns0:persName>
		</ns0:author>
		<ns0:author>
			<ns0:persName><ns0:forename type="first">X</ns0:forename><ns0:surname>Li</ns0:surname></ns0:persName>
		</ns0:author>
		<ns0:author>
			<ns0:persName><ns0:forename type="first">H</ns0:forename><ns0:forename type="middle">P</ns0:forename><ns0:surname>Hratchian</ns0:surname></ns0:persName>
		</ns0:author>
		<ns0:author>
			<ns0:persName><ns0:forename type="first">A</ns0:forename><ns0:forename type="middle">F</ns0:forename><ns0:surname>Izmaylov</ns0:surname></ns0:persName>
		</ns0:author>
		<ns0:author>
			<ns0:persName><ns0:forename type="first">J</ns0:forename><ns0:surname>Bloino</ns0:surname></ns0:persName>
		</ns0:author>
		<ns0:author>
			<ns0:persName><ns0:forename type="first">G</ns0:forename><ns0:surname>Zheng</ns0:surname></ns0:persName>
		</ns0:author>
		<ns0:author>
			<ns0:persName><ns0:forename type="first">J</ns0:forename><ns0:forename type="middle">L</ns0:forename><ns0:surname>Sonnenberg</ns0:surname></ns0:persName>
		</ns0:author>
		<ns0:author>
			<ns0:persName><ns0:forename type="first">M</ns0:forename><ns0:surname>Hada</ns0:surname></ns0:persName>
		</ns0:author>
		<ns0:author>
			<ns0:persName><ns0:forename type="first">M</ns0:forename><ns0:surname>Ehara</ns0:surname></ns0:persName>
		</ns0:author>
		<ns0:author>
			<ns0:persName><ns0:forename type="first">K</ns0:forename><ns0:surname>Toyota</ns0:surname></ns0:persName>
		</ns0:author>
		<ns0:author>
			<ns0:persName><ns0:forename type="first">R</ns0:forename><ns0:surname>Fukuda</ns0:surname></ns0:persName>
		</ns0:author>
		<ns0:author>
			<ns0:persName><ns0:forename type="first">J</ns0:forename><ns0:surname>Hasegawa</ns0:surname></ns0:persName>
		</ns0:author>
		<ns0:author>
			<ns0:persName><ns0:forename type="first">M</ns0:forename><ns0:surname>Ishida</ns0:surname></ns0:persName>
		</ns0:author>
		<ns0:author>
			<ns0:persName><ns0:forename type="first">T</ns0:forename><ns0:surname>Nakajima</ns0:surname></ns0:persName>
		</ns0:author>
		<ns0:author>
			<ns0:persName><ns0:forename type="first">Y</ns0:forename><ns0:surname>Honda</ns0:surname></ns0:persName>
		</ns0:author>
		<ns0:author>
			<ns0:persName><ns0:forename type="first">O</ns0:forename><ns0:surname>Kitao</ns0:surname></ns0:persName>
		</ns0:author>
		<ns0:author>
			<ns0:persName><ns0:forename type="first">H</ns0:forename><ns0:surname>Nakai</ns0:surname></ns0:persName>
		</ns0:author>
		<ns0:author>
			<ns0:persName><ns0:forename type="first">T</ns0:forename><ns0:surname>Vreven</ns0:surname></ns0:persName>
		</ns0:author>
		<ns0:author>
			<ns0:persName><ns0:forename type="first">J</ns0:forename><ns0:forename type="middle">A</ns0:forename><ns0:surname>Montgomery</ns0:surname></ns0:persName>
		</ns0:author>
		<ns0:author>
			<ns0:persName><ns0:forename type="first">J</ns0:forename><ns0:forename type="middle">E</ns0:forename><ns0:surname>Jr; Peralta</ns0:surname></ns0:persName>
		</ns0:author>
		<ns0:author>
			<ns0:persName><ns0:forename type="first">F</ns0:forename><ns0:surname>Ogliaro</ns0:surname></ns0:persName>
		</ns0:author>
		<ns0:author>
			<ns0:persName><ns0:forename type="first">M</ns0:forename><ns0:surname>Bearpark</ns0:surname></ns0:persName>
		</ns0:author>
		<ns0:author>
			<ns0:persName><ns0:forename type="first">J</ns0:forename><ns0:forename type="middle">J</ns0:forename><ns0:surname>Heyd</ns0:surname></ns0:persName>
		</ns0:author>
		<ns0:author>
			<ns0:persName><ns0:forename type="first">E</ns0:forename><ns0:surname>Brothers</ns0:surname></ns0:persName>
		</ns0:author>
		<ns0:author>
			<ns0:persName><ns0:forename type="first">K</ns0:forename><ns0:forename type="middle">N</ns0:forename><ns0:surname>Kudin</ns0:surname></ns0:persName>
		</ns0:author>
		<ns0:author>
			<ns0:persName><ns0:forename type="first">V</ns0:forename><ns0:forename type="middle">N</ns0:forename><ns0:surname>Staroverov</ns0:surname></ns0:persName>
		</ns0:author>
		<ns0:author>
			<ns0:persName><ns0:forename type="first">R</ns0:forename><ns0:surname>Kobayashi</ns0:surname></ns0:persName>
		</ns0:author>
		<ns0:author>
			<ns0:persName><ns0:forename type="first">J</ns0:forename><ns0:surname>Normand</ns0:surname></ns0:persName>
		</ns0:author>
		<ns0:author>
			<ns0:persName><ns0:forename type="first">K</ns0:forename><ns0:surname>Raghavachari</ns0:surname></ns0:persName>
		</ns0:author>
		<ns0:author>
			<ns0:persName><ns0:forename type="first">A</ns0:forename><ns0:surname>Rendell</ns0:surname></ns0:persName>
		</ns0:author>
		<ns0:author>
			<ns0:persName><ns0:forename type="first">J</ns0:forename><ns0:forename type="middle">C</ns0:forename><ns0:surname>Burant</ns0:surname></ns0:persName>
		</ns0:author>
		<ns0:author>
			<ns0:persName><ns0:forename type="first">S</ns0:forename><ns0:forename type="middle">S</ns0:forename><ns0:surname>Iyengar</ns0:surname></ns0:persName>
		</ns0:author>
		<ns0:author>
			<ns0:persName><ns0:forename type="first">J</ns0:forename><ns0:surname>Tomasi</ns0:surname></ns0:persName>
		</ns0:author>
		<ns0:author>
			<ns0:persName><ns0:forename type="first">M</ns0:forename><ns0:surname>Cossi</ns0:surname></ns0:persName>
		</ns0:author>
		<ns0:author>
			<ns0:persName><ns0:forename type="first">N</ns0:forename><ns0:surname>Rega</ns0:surname></ns0:persName>
		</ns0:author>
		<ns0:author>
			<ns0:persName><ns0:forename type="first">J</ns0:forename><ns0:forename type="middle">M</ns0:forename><ns0:surname>Millam</ns0:surname></ns0:persName>
		</ns0:author>
		<ns0:author>
			<ns0:persName><ns0:forename type="first">M</ns0:forename><ns0:surname>Klene</ns0:surname></ns0:persName>
		</ns0:author>
		<ns0:author>
			<ns0:persName><ns0:forename type="first">J</ns0:forename><ns0:forename type="middle">E</ns0:forename><ns0:surname>Knox</ns0:surname></ns0:persName>
		</ns0:author>
		<ns0:author>
			<ns0:persName><ns0:forename type="first">J</ns0:forename><ns0:forename type="middle">B</ns0:forename><ns0:surname>Cross</ns0:surname></ns0:persName>
		</ns0:author>
		<ns0:author>
			<ns0:persName><ns0:forename type="first">V</ns0:forename><ns0:surname>Bakken</ns0:surname></ns0:persName>
		</ns0:author>
		<ns0:author>
			<ns0:persName><ns0:forename type="first">C</ns0:forename><ns0:surname>Adamo</ns0:surname></ns0:persName>
		</ns0:author>
		<ns0:author>
			<ns0:persName><ns0:forename type="first">J</ns0:forename><ns0:surname>Jaramillo</ns0:surname></ns0:persName>
		</ns0:author>
		<ns0:author>
			<ns0:persName><ns0:forename type="first">R</ns0:forename><ns0:surname>Gomperts</ns0:surname></ns0:persName>
		</ns0:author>
		<ns0:author>
			<ns0:persName><ns0:forename type="first">R</ns0:forename><ns0:forename type="middle">E</ns0:forename><ns0:surname>Stratmann</ns0:surname></ns0:persName>
		</ns0:author>
		<ns0:author>
			<ns0:persName><ns0:forename type="first">O</ns0:forename><ns0:surname>Yazyev</ns0:surname></ns0:persName>
		</ns0:author>
		<ns0:author>
			<ns0:persName><ns0:forename type="first">A</ns0:forename><ns0:forename type="middle">J</ns0:forename><ns0:surname>Austin</ns0:surname></ns0:persName>
		</ns0:author>
		<ns0:author>
			<ns0:persName><ns0:forename type="first">R</ns0:forename><ns0:surname>Cammi</ns0:surname></ns0:persName>
		</ns0:author>
		<ns0:author>
			<ns0:persName><ns0:forename type="first">C</ns0:forename><ns0:surname>Pomelli</ns0:surname></ns0:persName>
		</ns0:author>
		<ns0:author>
			<ns0:persName><ns0:forename type="first">J</ns0:forename><ns0:forename type="middle">W</ns0:forename><ns0:surname>Ochterski</ns0:surname></ns0:persName>
		</ns0:author>
		<ns0:author>
			<ns0:persName><ns0:forename type="first">R</ns0:forename><ns0:forename type="middle">L</ns0:forename><ns0:surname>Martin</ns0:surname></ns0:persName>
		</ns0:author>
		<ns0:author>
			<ns0:persName><ns0:forename type="first">K</ns0:forename><ns0:surname>Morokuma</ns0:surname></ns0:persName>
		</ns0:author>
		<ns0:author>
			<ns0:persName><ns0:forename type="first">V</ns0:forename><ns0:forename type="middle">G</ns0:forename><ns0:surname>Zakrzewski</ns0:surname></ns0:persName>
		</ns0:author>
		<ns0:author>
			<ns0:persName><ns0:forename type="first">G</ns0:forename><ns0:forename type="middle">A</ns0:forename><ns0:surname>Voth</ns0:surname></ns0:persName>
		</ns0:author>
		<ns0:author>
			<ns0:persName><ns0:forename type="first">P</ns0:forename><ns0:surname>Salvador</ns0:surname></ns0:persName>
		</ns0:author>
		<ns0:author>
			<ns0:persName><ns0:forename type="first">J</ns0:forename><ns0:forename type="middle">J</ns0:forename><ns0:surname>Dannenberg</ns0:surname></ns0:persName>
		</ns0:author>
		<ns0:author>
			<ns0:persName><ns0:forename type="first">S</ns0:forename><ns0:surname>Dapprich</ns0:surname></ns0:persName>
		</ns0:author>
		<ns0:author>
			<ns0:persName><ns0:forename type="first">A</ns0:forename><ns0:forename type="middle">D</ns0:forename><ns0:surname>Daniels</ns0:surname></ns0:persName>
		</ns0:author>
		<ns0:author>
			<ns0:persName><ns0:forename type="first">O</ns0:forename><ns0:forename type="middle">&#776;</ns0:forename><ns0:surname>Farkas</ns0:surname></ns0:persName>
		</ns0:author>
		<ns0:author>
			<ns0:persName><ns0:forename type="first">J</ns0:forename><ns0:forename type="middle">B</ns0:forename><ns0:surname>Foresman</ns0:surname></ns0:persName>
		</ns0:author>
		<ns0:author>
			<ns0:persName><ns0:forename type="first">J</ns0:forename><ns0:forename type="middle">V</ns0:forename><ns0:surname>Ortiz</ns0:surname></ns0:persName>
		</ns0:author>
		<ns0:author>
			<ns0:persName><ns0:forename type="first">J</ns0:forename><ns0:surname>Cioslowski</ns0:surname></ns0:persName>
		</ns0:author>
		<ns0:author>
			<ns0:persName><ns0:forename type="first">D</ns0:forename><ns0:forename type="middle">J</ns0:forename><ns0:surname>Fox</ns0:surname></ns0:persName>
		</ns0:author>
		<ns0:imprint>
			<ns0:date type="published" when="2009">2009</ns0:date>
			<ns0:publisher>Gaussian, Inc</ns0:publisher>
			<ns0:pubPlace>Wallingford, CT</ns0:pubPlace>
		</ns0:imprint>
	</ns0:monogr>
	<ns0:note>Gaussian 09, revision D.01</ns0:note>
</ns0:biblStruct>

<ns0:biblStruct xml:id="b7">
	<ns0:analytic>
		<ns0:title level="a" type="main">GROMACS fast, flexible, and free</ns0:title>
		<ns0:author>
			<ns0:persName><ns0:forename type="first">D</ns0:forename><ns0:surname>Van Der Spoel</ns0:surname></ns0:persName>
		</ns0:author>
		<ns0:author>
			<ns0:persName><ns0:forename type="first">E</ns0:forename><ns0:surname>Lindahl</ns0:surname></ns0:persName>
		</ns0:author>
		<ns0:author>
			<ns0:persName><ns0:forename type="first">B</ns0:forename><ns0:surname>Hess</ns0:surname></ns0:persName>
		</ns0:author>
		<ns0:author>
			<ns0:persName><ns0:forename type="first">G</ns0:forename><ns0:surname>Groenhof</ns0:surname></ns0:persName>
		</ns0:author>
		<ns0:author>
			<ns0:persName><ns0:forename type="first">A</ns0:forename><ns0:forename type="middle">E</ns0:forename><ns0:surname>Mark</ns0:surname></ns0:persName>
		</ns0:author>
		<ns0:author>
			<ns0:persName><ns0:forename type="first">H</ns0:forename><ns0:forename type="middle">J</ns0:forename><ns0:surname>Berendsen</ns0:surname></ns0:persName>
		</ns0:author>
		<ns0:idno type="DOI">10.1002/jcc.20291</ns0:idno>
	</ns0:analytic>
	<ns0:monogr>
		<ns0:title level="j">J. Comput. Chem</ns0:title>
		<ns0:imprint>
			<ns0:biblScope unit="volume">26</ns0:biblScope>
			<ns0:biblScope unit="page" from="1701" to="1718" />
			<ns0:date type="published" when="2005">2005</ns0:date>
		</ns0:imprint>
	</ns0:monogr>
</ns0:biblStruct>

<ns0:biblStruct xml:id="b8">
	<ns0:monogr>
		<ns0:title />
		<ns0:author>
			<ns0:persName><ns0:forename type="first">J</ns0:forename><ns0:surname>Wang</ns0:surname></ns0:persName>
		</ns0:author>
		<ns0:author>
			<ns0:persName><ns0:forename type="first">R</ns0:forename><ns0:forename type="middle">M</ns0:forename><ns0:surname>Wolf</ns0:surname></ns0:persName>
		</ns0:author>
		<ns0:author>
			<ns0:persName><ns0:forename type="first">J</ns0:forename><ns0:forename type="middle">W</ns0:forename><ns0:surname>Caldwell</ns0:surname></ns0:persName>
		</ns0:author>
		<ns0:author>
			<ns0:persName><ns0:forename type="first">P</ns0:forename><ns0:forename type="middle">A</ns0:forename><ns0:surname>Kollman</ns0:surname></ns0:persName>
		</ns0:author>
		<ns0:author>
			<ns0:persName><ns0:forename type="first">D</ns0:forename><ns0:surname>Case</ns0:surname></ns0:persName>
		</ns0:author>
		<ns0:imprint />
	</ns0:monogr>
</ns0:biblStruct>

<ns0:biblStruct xml:id="b9">
	<ns0:analytic>
		<ns0:title level="a" type="main">Development and testing of a general amber force field</ns0:title>
		<ns0:author>
			<ns0:persName><ns0:forename type="first">A</ns0:forename></ns0:persName>
		</ns0:author>
		<ns0:idno type="DOI">10.1002/jcc.20035</ns0:idno>
	</ns0:analytic>
	<ns0:monogr>
		<ns0:title level="j">J. Comput. Chem</ns0:title>
		<ns0:imprint>
			<ns0:biblScope unit="volume">25</ns0:biblScope>
			<ns0:biblScope unit="page" from="1157" to="1174" />
			<ns0:date type="published" when="2004">2004</ns0:date>
		</ns0:imprint>
	</ns0:monogr>
</ns0:biblStruct>

<ns0:biblStruct xml:id="b10">
	<ns0:analytic>
		<ns0:title level="a" type="main">PACKMOL: a package for building initial configurations for molecular dynamics simulations</ns0:title>
		<ns0:author>
			<ns0:persName><ns0:forename type="first">L</ns0:forename><ns0:surname>Mart&#237;nez</ns0:surname></ns0:persName>
		</ns0:author>
		<ns0:author>
			<ns0:persName><ns0:forename type="first">R</ns0:forename><ns0:surname>Andrade</ns0:surname></ns0:persName>
		</ns0:author>
		<ns0:author>
			<ns0:persName><ns0:forename type="first">E</ns0:forename><ns0:forename type="middle">G</ns0:forename><ns0:surname>Birgin</ns0:surname></ns0:persName>
		</ns0:author>
		<ns0:author>
			<ns0:persName><ns0:forename type="first">J</ns0:forename><ns0:forename type="middle">M</ns0:forename><ns0:surname>Martinez</ns0:surname></ns0:persName>
		</ns0:author>
		<ns0:idno type="DOI">10.1002/jcc.21224</ns0:idno>
	</ns0:analytic>
	<ns0:monogr>
		<ns0:title level="j">J. Comput. Chem</ns0:title>
		<ns0:imprint>
			<ns0:biblScope unit="volume">30</ns0:biblScope>
			<ns0:biblScope unit="page" from="2157" to="2164" />
			<ns0:date type="published" when="2009">2009</ns0:date>
		</ns0:imprint>
	</ns0:monogr>
</ns0:biblStruct>

<ns0:biblStruct xml:id="b11">
	<ns0:analytic>
		<ns0:title level="a" type="main">VMD-visual molecular dynamic</ns0:title>
		<ns0:author>
			<ns0:persName><ns0:forename type="first">W</ns0:forename><ns0:surname>Humphrey</ns0:surname></ns0:persName>
		</ns0:author>
		<ns0:author>
			<ns0:persName><ns0:forename type="first">A</ns0:forename><ns0:surname>Dalke</ns0:surname></ns0:persName>
		</ns0:author>
		<ns0:author>
			<ns0:persName><ns0:forename type="first">K</ns0:forename><ns0:surname>Schulten</ns0:surname></ns0:persName>
		</ns0:author>
		<ns0:idno type="DOI">10.1016/0263-7855(96)00018-5</ns0:idno>
	</ns0:analytic>
	<ns0:monogr>
		<ns0:title level="j">J. Mol. Graphics</ns0:title>
		<ns0:imprint>
			<ns0:biblScope unit="volume">14</ns0:biblScope>
			<ns0:biblScope unit="page" from="33" to="38" />
			<ns0:date type="published" when="1996">1996</ns0:date>
		</ns0:imprint>
	</ns0:monogr>
</ns0:biblStruct>

<ns0:biblStruct xml:id="b12">
	<ns0:analytic>
		<ns0:title level="a" type="main">Revealing noncovalent interactions</ns0:title>
		<ns0:author>
			<ns0:persName><ns0:forename type="first">E</ns0:forename><ns0:forename type="middle">R</ns0:forename><ns0:surname>Johnson</ns0:surname></ns0:persName>
		</ns0:author>
		<ns0:author>
			<ns0:persName><ns0:forename type="first">S</ns0:forename><ns0:surname>Keinan</ns0:surname></ns0:persName>
		</ns0:author>
		<ns0:author>
			<ns0:persName><ns0:forename type="first">P</ns0:forename><ns0:surname>Mori-Sa&#324;chez</ns0:surname></ns0:persName>
		</ns0:author>
		<ns0:author>
			<ns0:persName><ns0:forename type="first">J</ns0:forename><ns0:surname>Contreras-Garc&#237;a</ns0:surname></ns0:persName>
		</ns0:author>
		<ns0:author>
			<ns0:persName><ns0:forename type="first">A</ns0:forename><ns0:forename type="middle">J</ns0:forename><ns0:surname>Cohen</ns0:surname></ns0:persName>
		</ns0:author>
		<ns0:author>
			<ns0:persName><ns0:forename type="first">W</ns0:forename><ns0:forename type="middle">T</ns0:forename><ns0:surname>Yang</ns0:surname></ns0:persName>
		</ns0:author>
		<ns0:idno type="DOI">10.1021/ja100936w</ns0:idno>
	</ns0:analytic>
	<ns0:monogr>
		<ns0:title level="j">J. Am. Chem. Soc</ns0:title>
		<ns0:imprint>
			<ns0:biblScope unit="volume">132</ns0:biblScope>
			<ns0:biblScope unit="page" from="6498" to="6506" />
			<ns0:date type="published" when="2010">2010</ns0:date>
		</ns0:imprint>
	</ns0:monogr>
</ns0:biblStruct>

<ns0:biblStruct xml:id="b13">
	<ns0:analytic>
		<ns0:title level="a" type="main">Noncovalent interaction analysis in fluctuating environments</ns0:title>
		<ns0:author>
			<ns0:persName><ns0:forename type="first">P</ns0:forename><ns0:surname>Wu</ns0:surname></ns0:persName>
		</ns0:author>
		<ns0:author>
			<ns0:persName><ns0:forename type="first">R</ns0:forename><ns0:surname>Chaudret</ns0:surname></ns0:persName>
		</ns0:author>
		<ns0:author>
			<ns0:persName><ns0:forename type="first">X</ns0:forename><ns0:surname>Hu</ns0:surname></ns0:persName>
		</ns0:author>
		<ns0:author>
			<ns0:persName><ns0:forename type="first">W</ns0:forename><ns0:surname>Yang</ns0:surname></ns0:persName>
		</ns0:author>
		<ns0:idno type="DOI">10.1021/ct4001087</ns0:idno>
	</ns0:analytic>
	<ns0:monogr>
		<ns0:title level="j">J. Chem. Theory Comput</ns0:title>
		<ns0:imprint>
			<ns0:biblScope unit="volume">9</ns0:biblScope>
			<ns0:biblScope unit="page" from="2226" to="2234" />
			<ns0:date type="published" when="2013">2013</ns0:date>
		</ns0:imprint>
	</ns0:monogr>
</ns0:biblStruct>

<ns0:biblStruct xml:id="b14">
	<ns0:analytic>
		<ns0:title level="a" type="main">Multiwfn: a multifunctional wavefunction analyzer</ns0:title>
		<ns0:author>
			<ns0:persName><ns0:forename type="first">T</ns0:forename><ns0:surname>Lu</ns0:surname></ns0:persName>
		</ns0:author>
		<ns0:author>
			<ns0:persName><ns0:forename type="first">F</ns0:forename><ns0:surname>Chen</ns0:surname></ns0:persName>
		</ns0:author>
		<ns0:idno type="DOI">10.1002/jcc.22885</ns0:idno>
	</ns0:analytic>
	<ns0:monogr>
		<ns0:title level="j">J. Comput. Chem</ns0:title>
		<ns0:imprint>
			<ns0:biblScope unit="volume">33</ns0:biblScope>
			<ns0:biblScope unit="page" from="580" to="592" />
			<ns0:date type="published" when="2012">2012</ns0:date>
		</ns0:imprint>
	</ns0:monogr>
</ns0:biblStruct>

<ns0:biblStruct xml:id="b15">
	<ns0:analytic>
		<ns0:title level="a" type="main">Effective separation and purification of nitrogen-containing aromatics from the light portion of a high-temperature coal tar using choline chloride and malonic acid: experimental and molecular dynamics simulation</ns0:title>
		<ns0:author>
			<ns0:persName><ns0:forename type="first">W</ns0:forename><ns0:forename type="middle">W</ns0:forename><ns0:surname>Yan</ns0:surname></ns0:persName>
		</ns0:author>
		<ns0:author>
			<ns0:persName><ns0:forename type="first">Z</ns0:forename><ns0:forename type="middle">M</ns0:forename><ns0:surname>Zong</ns0:surname></ns0:persName>
		</ns0:author>
		<ns0:author>
			<ns0:persName><ns0:forename type="first">Z</ns0:forename><ns0:forename type="middle">X</ns0:forename><ns0:surname>Li</ns0:surname></ns0:persName>
		</ns0:author>
		<ns0:author>
			<ns0:persName><ns0:forename type="first">J</ns0:forename><ns0:surname>Li</ns0:surname></ns0:persName>
		</ns0:author>
		<ns0:author>
			<ns0:persName><ns0:forename type="first">G</ns0:forename><ns0:forename type="middle">H</ns0:forename><ns0:surname>Liu</ns0:surname></ns0:persName>
		</ns0:author>
		<ns0:author>
			<ns0:persName><ns0:forename type="first">Z</ns0:forename><ns0:forename type="middle">H</ns0:forename><ns0:surname>Ma</ns0:surname></ns0:persName>
		</ns0:author>
		<ns0:author>
			<ns0:persName><ns0:forename type="first">Y</ns0:forename><ns0:forename type="middle">Y</ns0:forename><ns0:surname>Zhang</ns0:surname></ns0:persName>
		</ns0:author>
		<ns0:author>
			<ns0:persName><ns0:forename type="first">M</ns0:forename><ns0:forename type="middle">L</ns0:forename><ns0:surname>Xu</ns0:surname></ns0:persName>
		</ns0:author>
		<ns0:author>
			<ns0:persName><ns0:forename type="first">F</ns0:forename><ns0:forename type="middle">J</ns0:forename><ns0:surname>Liu</ns0:surname></ns0:persName>
		</ns0:author>
		<ns0:author>
			<ns0:persName><ns0:forename type="first">X</ns0:forename><ns0:forename type="middle">Y</ns0:forename><ns0:surname>Wei</ns0:surname></ns0:persName>
		</ns0:author>
		<ns0:idno type="DOI">10.1021/acssuschemeng.0c02369</ns0:idno>
	</ns0:analytic>
	<ns0:monogr>
		<ns0:title level="j">ACS Sustainable Chem. Eng</ns0:title>
		<ns0:imprint>
			<ns0:biblScope unit="volume">8</ns0:biblScope>
			<ns0:biblScope unit="page" from="9464" to="9471" />
			<ns0:date type="published" when="2020">2020</ns0:date>
		</ns0:imprint>
	</ns0:monogr>
</ns0:biblStruct>

<ns0:biblStruct xml:id="b16">
	<ns0:analytic>
		<ns0:title level="a" type="main">Behavior of ylides containing N, O, and C atoms as hydrogen bond acceptors</ns0:title>
		<ns0:author>
			<ns0:persName><ns0:forename type="first">I</ns0:forename><ns0:surname>Rozas</ns0:surname></ns0:persName>
		</ns0:author>
		<ns0:author>
			<ns0:persName><ns0:forename type="first">I</ns0:forename><ns0:surname>Alkorta</ns0:surname></ns0:persName>
		</ns0:author>
		<ns0:author>
			<ns0:persName><ns0:forename type="first">J</ns0:forename><ns0:surname>Elguero</ns0:surname></ns0:persName>
		</ns0:author>
		<ns0:idno type="DOI">10.1021/ja0017864</ns0:idno>
	</ns0:analytic>
	<ns0:monogr>
		<ns0:title level="j">J. Am. Chem. Soc</ns0:title>
		<ns0:imprint>
			<ns0:biblScope unit="volume">122</ns0:biblScope>
			<ns0:biblScope unit="page" from="11154" to="11161" />
			<ns0:date type="published" when="2000">2000</ns0:date>
		</ns0:imprint>
	</ns0:monogr>
</ns0:biblStruct>

<ns0:biblStruct xml:id="b17">
	<ns0:analytic>
		<ns0:title level="a" type="main">Are bond critical points really critical for hydrogen bonding?</ns0:title>
		<ns0:author>
			<ns0:persName><ns0:forename type="first">J</ns0:forename><ns0:forename type="middle">R</ns0:forename><ns0:surname>Lane</ns0:surname></ns0:persName>
		</ns0:author>
		<ns0:author>
			<ns0:persName><ns0:forename type="first">J</ns0:forename><ns0:surname>Contreras-Garcia</ns0:surname></ns0:persName>
		</ns0:author>
		<ns0:author>
			<ns0:persName><ns0:forename type="first">J</ns0:forename><ns0:forename type="middle">P</ns0:forename><ns0:surname>Piquemal</ns0:surname></ns0:persName>
		</ns0:author>
		<ns0:author>
			<ns0:persName><ns0:forename type="first">B</ns0:forename><ns0:forename type="middle">J</ns0:forename><ns0:surname>Miller</ns0:surname></ns0:persName>
		</ns0:author>
		<ns0:author>
			<ns0:persName><ns0:forename type="first">H</ns0:forename><ns0:forename type="middle">G</ns0:forename><ns0:surname>Kjaergaard</ns0:surname></ns0:persName>
		</ns0:author>
		<ns0:idno type="DOI">10.1021/ct400420r</ns0:idno>
	</ns0:analytic>
	<ns0:monogr>
		<ns0:title level="j">J. Chem. Theory Comput</ns0:title>
		<ns0:imprint>
			<ns0:biblScope unit="volume">9</ns0:biblScope>
			<ns0:biblScope unit="page" from="3263" to="3266" />
			<ns0:date type="published" when="2013">2013</ns0:date>
		</ns0:imprint>
	</ns0:monogr>
</ns0:biblStruct>

<ns0:biblStruct xml:id="b18">
	<ns0:analytic>
		<ns0:title level="a" type="main">Intramolecular hydrogen bonds: the QTAIM and ELF characteristics</ns0:title>
		<ns0:author>
			<ns0:persName><ns0:forename type="first">F</ns0:forename><ns0:surname>Fuster</ns0:surname></ns0:persName>
		</ns0:author>
		<ns0:author>
			<ns0:persName><ns0:forename type="first">S</ns0:forename><ns0:forename type="middle">J</ns0:forename><ns0:surname>Grabowski</ns0:surname></ns0:persName>
		</ns0:author>
		<ns0:idno type="DOI">10.1021/jp2056859</ns0:idno>
	</ns0:analytic>
	<ns0:monogr>
		<ns0:title level="j">J. Phys. Chem. A</ns0:title>
		<ns0:imprint>
			<ns0:biblScope unit="volume">115</ns0:biblScope>
			<ns0:biblScope unit="page" from="10078" to="10086" />
			<ns0:date type="published" when="2011">2011</ns0:date>
		</ns0:imprint>
	</ns0:monogr>
</ns0:biblStruct>

<ns0:biblStruct xml:id="b19">
	<ns0:analytic>
		<ns0:title level="a" type="main">Molecular dynamics simulations on extractive desulfurization of fuels by tetrabutylammonium chloride based deep eutectic solvents</ns0:title>
		<ns0:author>
			<ns0:persName><ns0:forename type="first">D</ns0:forename><ns0:surname>Shah</ns0:surname></ns0:persName>
		</ns0:author>
		<ns0:author>
			<ns0:persName><ns0:forename type="first">D</ns0:forename><ns0:surname>Gapeyenko</ns0:surname></ns0:persName>
		</ns0:author>
		<ns0:author>
			<ns0:persName><ns0:forename type="first">A</ns0:forename><ns0:surname>Urakpayev</ns0:surname></ns0:persName>
		</ns0:author>
		<ns0:author>
			<ns0:persName><ns0:forename type="first">M</ns0:forename><ns0:surname>Torkmahalleh</ns0:surname></ns0:persName>
		</ns0:author>
		<ns0:idno type="DOI">10.1016/j.molliq.2018.10.131</ns0:idno>
	</ns0:analytic>
	<ns0:monogr>
		<ns0:title level="j">J. Mol. Liq</ns0:title>
		<ns0:imprint>
			<ns0:biblScope unit="volume">274</ns0:biblScope>
			<ns0:biblScope unit="page" from="254" to="260" />
			<ns0:date type="published" when="2019">2019</ns0:date>
		</ns0:imprint>
	</ns0:monogr>
</ns0:biblStruct>

<ns0:biblStruct xml:id="b20">
	<ns0:analytic>
		<ns0:title level="a" type="main">Exploring nature and predicting strength of hydrogen bonds: a correlation analysis between atoms-in-molecules descriptors, binding energies, and energy components of symmetry-adapted perturbation theory</ns0:title>
		<ns0:author>
			<ns0:persName><ns0:forename type="first">S</ns0:forename><ns0:surname>Emamian</ns0:surname></ns0:persName>
		</ns0:author>
		<ns0:author>
			<ns0:persName><ns0:forename type="first">T</ns0:forename><ns0:surname>Lu</ns0:surname></ns0:persName>
		</ns0:author>
		<ns0:author>
			<ns0:persName><ns0:forename type="first">H</ns0:forename><ns0:surname>Kruse</ns0:surname></ns0:persName>
		</ns0:author>
		<ns0:author>
			<ns0:persName><ns0:forename type="first">H</ns0:forename><ns0:surname>Emamian</ns0:surname></ns0:persName>
		</ns0:author>
		<ns0:idno type="DOI">10.1002/jcc.26068</ns0:idno>
	</ns0:analytic>
	<ns0:monogr>
		<ns0:title level="j">J. Comput. Chem</ns0:title>
		<ns0:imprint>
			<ns0:biblScope unit="volume">40</ns0:biblScope>
			<ns0:biblScope unit="page" from="2868" to="2881" />
			<ns0:date type="published" when="2019">2019</ns0:date>
		</ns0:imprint>
	</ns0:monogr>
</ns0:biblStruct>

<ns0:biblStruct xml:id="b21">
	<ns0:analytic>
		<ns0:title level="a" type="main">A DFT study of the extractive desulfurization mechanism by [BMIM] + [AlCl 4 ]-ionic liquid</ns0:title>
		<ns0:author>
			<ns0:persName><ns0:forename type="first">H</ns0:forename><ns0:surname>Li</ns0:surname></ns0:persName>
		</ns0:author>
		<ns0:author>
			<ns0:persName><ns0:forename type="first">Y</ns0:forename><ns0:surname>Chang</ns0:surname></ns0:persName>
		</ns0:author>
		<ns0:author>
			<ns0:persName><ns0:forename type="first">W</ns0:forename><ns0:surname>Zhu</ns0:surname></ns0:persName>
		</ns0:author>
		<ns0:author>
			<ns0:persName><ns0:forename type="first">W</ns0:forename><ns0:surname>Jiang</ns0:surname></ns0:persName>
		</ns0:author>
		<ns0:author>
			<ns0:persName><ns0:forename type="first">M</ns0:forename><ns0:surname>Zhang</ns0:surname></ns0:persName>
		</ns0:author>
		<ns0:author>
			<ns0:persName><ns0:forename type="first">J</ns0:forename><ns0:surname>Xia</ns0:surname></ns0:persName>
		</ns0:author>
		<ns0:author>
			<ns0:persName><ns0:forename type="first">S</ns0:forename><ns0:surname>Yin</ns0:surname></ns0:persName>
		</ns0:author>
		<ns0:author>
			<ns0:persName><ns0:forename type="first">H</ns0:forename><ns0:surname>Li</ns0:surname></ns0:persName>
		</ns0:author>
		<ns0:idno type="DOI">10.1021/acs.jpcb.5b00516</ns0:idno>
	</ns0:analytic>
	<ns0:monogr>
		<ns0:title level="j">J. Phys. Chem. B</ns0:title>
		<ns0:imprint>
			<ns0:biblScope unit="volume">119</ns0:biblScope>
			<ns0:biblScope unit="page" from="5995" to="6009" />
			<ns0:date type="published" when="2015">2015</ns0:date>
		</ns0:imprint>
	</ns0:monogr>
</ns0:biblStruct>

<ns0:biblStruct xml:id="b22">
	<ns0:analytic>
		<ns0:title level="a" type="main">Chemoselective aerobic photo-oxidation of 9H-fluorenes for the synthesis of 9-fluorenones</ns0:title>
		<ns0:author>
			<ns0:persName><ns0:forename type="first">M</ns0:forename><ns0:surname>Kojima</ns0:surname></ns0:persName>
		</ns0:author>
		<ns0:author>
			<ns0:persName><ns0:forename type="first">K</ns0:forename><ns0:surname>Oisaki</ns0:surname></ns0:persName>
		</ns0:author>
		<ns0:author>
			<ns0:persName><ns0:forename type="first">M</ns0:forename><ns0:surname>Kanai</ns0:surname></ns0:persName>
		</ns0:author>
		<ns0:idno type="DOI">10.1016/j.tetlet.2014.06.038</ns0:idno>
	</ns0:analytic>
	<ns0:monogr>
		<ns0:title level="j">Tetrahedron Lett</ns0:title>
		<ns0:imprint>
			<ns0:biblScope unit="volume">55</ns0:biblScope>
			<ns0:biblScope unit="page" from="4736" to="4738" />
			<ns0:date type="published" when="2014">2014</ns0:date>
		</ns0:imprint>
	</ns0:monogr>
</ns0:biblStruct>

<ns0:biblStruct xml:id="b23">
	<ns0:analytic>
		<ns0:title level="a" type="main">Bonded phase conformation and solvation effects on the stationary phase structure in reversed-phase liquid chromatography</ns0:title>
		<ns0:author>
			<ns0:persName><ns0:forename type="first">T</ns0:forename><ns0:forename type="middle">C</ns0:forename><ns0:surname>Schunk</ns0:surname></ns0:persName>
		</ns0:author>
		<ns0:author>
			<ns0:persName><ns0:forename type="first">M</ns0:forename><ns0:forename type="middle">F</ns0:forename><ns0:surname>Burke</ns0:surname></ns0:persName>
		</ns0:author>
		<ns0:idno type="DOI">10.1016/0021-9673(93)80806-J</ns0:idno>
	</ns0:analytic>
	<ns0:monogr>
		<ns0:title level="j">J. Chromatogr. A</ns0:title>
		<ns0:imprint>
			<ns0:biblScope unit="volume">656</ns0:biblScope>
			<ns0:biblScope unit="page" from="289" to="316" />
			<ns0:date type="published" when="1993">1993</ns0:date>
		</ns0:imprint>
	</ns0:monogr>
</ns0:biblStruct>

<ns0:biblStruct xml:id="b24">
	<ns0:analytic>
		<ns0:title level="a" type="main">Chemometric-assisted method development in hydrophilic interaction liquid chromatography: A review</ns0:title>
		<ns0:author>
			<ns0:persName><ns0:forename type="first">M</ns0:forename><ns0:surname>Taraji</ns0:surname></ns0:persName>
		</ns0:author>
		<ns0:author>
			<ns0:persName><ns0:forename type="first">P</ns0:forename><ns0:forename type="middle">R</ns0:forename><ns0:surname>Haddad</ns0:surname></ns0:persName>
		</ns0:author>
		<ns0:author>
			<ns0:persName><ns0:forename type="first">R</ns0:forename><ns0:forename type="middle">I J</ns0:forename><ns0:surname>Amos</ns0:surname></ns0:persName>
		</ns0:author>
		<ns0:author>
			<ns0:persName><ns0:forename type="first">M</ns0:forename><ns0:surname>Talebi</ns0:surname></ns0:persName>
		</ns0:author>
		<ns0:author>
			<ns0:persName><ns0:forename type="first">R</ns0:forename><ns0:surname>Szucs</ns0:surname></ns0:persName>
		</ns0:author>
		<ns0:author>
			<ns0:persName><ns0:forename type="first">J</ns0:forename><ns0:forename type="middle">W</ns0:forename><ns0:surname>Dolan</ns0:surname></ns0:persName>
		</ns0:author>
		<ns0:author>
			<ns0:persName><ns0:forename type="first">C</ns0:forename><ns0:forename type="middle">A</ns0:forename><ns0:surname>Pohl</ns0:surname></ns0:persName>
		</ns0:author>
		<ns0:idno type="DOI">10.1016/j.aca.2017.09.041</ns0:idno>
	</ns0:analytic>
	<ns0:monogr>
		<ns0:title level="j">Anal. Chim. Acta</ns0:title>
		<ns0:imprint>
			<ns0:biblScope unit="volume">1000</ns0:biblScope>
			<ns0:biblScope unit="page" from="20" to="24" />
			<ns0:date type="published" when="2018">2018</ns0:date>
		</ns0:imprint>
	</ns0:monogr>
</ns0:biblStruct>

				</ns0:listBibl>
			</ns0:div>
		</ns0:back>
	</ns0:text>
</ns0:TEI>