<ns0:TEI xmlns:ns0="http://www.tei-c.org/ns/1.0" xmlns:xsi="http://www.w3.org/2001/XMLSchema-instance" xml:space="preserve" xsi:schemaLocation="http://www.tei-c.org/ns/1.0 https://raw.githubusercontent.com/kermitt2/grobid/master/grobid-home/schemas/xsd/Grobid.xsd">
	<ns0:teiHeader xml:lang="en">
		<ns0:fileDesc>
			<ns0:titleStmt>
				<ns0:title level="a" type="main">Phase Transformations of a Conformational Solvatomorphic Steroid: [23(23E,25R]-23(28)-(3'-acetoxybenzyliden)-5&#61537;spirostan-3&#946;-ol acetate</ns0:title>
			</ns0:titleStmt>
			<ns0:publicationStmt>
				<ns0:publisher />
				<ns0:availability status="unknown"><ns0:licence /></ns0:availability>
			</ns0:publicationStmt>
			<ns0:sourceDesc>
				<ns0:biblStruct>
					<ns0:analytic>
						<ns0:author>
							<ns0:persName><ns0:forename type="first">Manuel</ns0:forename><ns0:forename type="middle">A</ns0:forename><ns0:surname>Ramos-Enriquez</ns0:surname></ns0:persName>
							<ns0:affiliation key="aff0">
								<ns0:orgName type="department">Facultad de Qu&#237;mica</ns0:orgName>
								<ns0:orgName type="institution">Universidad Nacional Aut&#243;noma de M&#233;xico</ns0:orgName>
								<ns0:address>
									<ns0:addrLine>Ciudad Universitaria</ns0:addrLine>
									<ns0:postCode>04510</ns0:postCode>
									<ns0:settlement>Ciudad de M&#233;xico</ns0:settlement>
									<ns0:country key="MX">M&#233;xico</ns0:country>
								</ns0:address>
							</ns0:affiliation>
						</ns0:author>
						<ns0:author>
							<ns0:persName><ns0:forename type="first">Abraham</ns0:forename><ns0:surname>Colin-Molina</ns0:surname></ns0:persName>
							<ns0:affiliation key="aff1">
								<ns0:orgName type="institution" key="instit1">Instituto de Qu&#237;mica</ns0:orgName>
								<ns0:orgName type="institution" key="instit2">Universidad Nacional Aut&#243;noma de M&#233;xico</ns0:orgName>
								<ns0:address>
									<ns0:addrLine>Circuito Exterior, Ciudad Universitaria</ns0:addrLine>
									<ns0:postCode>04510</ns0:postCode>
									<ns0:settlement>Ciudad de M&#233;xico</ns0:settlement>
									<ns0:country key="MX">M&#233;xico</ns0:country>
								</ns0:address>
							</ns0:affiliation>
						</ns0:author>
						<ns0:author>
							<ns0:persName><ns0:forename type="first">Marcos</ns0:forename><ns0:surname>Flores-&#193;lamo</ns0:surname></ns0:persName>
							<ns0:affiliation key="aff0">
								<ns0:orgName type="department">Facultad de Qu&#237;mica</ns0:orgName>
								<ns0:orgName type="institution">Universidad Nacional Aut&#243;noma de M&#233;xico</ns0:orgName>
								<ns0:address>
									<ns0:addrLine>Ciudad Universitaria</ns0:addrLine>
									<ns0:postCode>04510</ns0:postCode>
									<ns0:settlement>Ciudad de M&#233;xico</ns0:settlement>
									<ns0:country key="MX">M&#233;xico</ns0:country>
								</ns0:address>
							</ns0:affiliation>
						</ns0:author>
						<ns0:author>
							<ns0:persName><ns0:forename type="first">Braulio</ns0:forename><ns0:surname>Rodr&#237;guez-Molina</ns0:surname></ns0:persName>
							<ns0:affiliation key="aff1">
								<ns0:orgName type="institution" key="instit1">Instituto de Qu&#237;mica</ns0:orgName>
								<ns0:orgName type="institution" key="instit2">Universidad Nacional Aut&#243;noma de M&#233;xico</ns0:orgName>
								<ns0:address>
									<ns0:addrLine>Circuito Exterior, Ciudad Universitaria</ns0:addrLine>
									<ns0:postCode>04510</ns0:postCode>
									<ns0:settlement>Ciudad de M&#233;xico</ns0:settlement>
									<ns0:country key="MX">M&#233;xico</ns0:country>
								</ns0:address>
							</ns0:affiliation>
						</ns0:author>
						<ns0:author>
							<ns0:persName><ns0:forename type="first">Mart&#237;n</ns0:forename><ns0:forename type="middle">A</ns0:forename><ns0:surname>Iglesias-Arteaga</ns0:surname></ns0:persName>
							<ns0:affiliation key="aff0">
								<ns0:orgName type="department">Facultad de Qu&#237;mica</ns0:orgName>
								<ns0:orgName type="institution">Universidad Nacional Aut&#243;noma de M&#233;xico</ns0:orgName>
								<ns0:address>
									<ns0:addrLine>Ciudad Universitaria</ns0:addrLine>
									<ns0:postCode>04510</ns0:postCode>
									<ns0:settlement>Ciudad de M&#233;xico</ns0:settlement>
									<ns0:country key="MX">M&#233;xico</ns0:country>
								</ns0:address>
							</ns0:affiliation>
						</ns0:author>
						<ns0:title level="a" type="main">Phase Transformations of a Conformational Solvatomorphic Steroid: [23(23E,25R]-23(28)-(3'-acetoxybenzyliden)-5&#61537;spirostan-3&#946;-ol acetate</ns0:title>
					</ns0:analytic>
					<ns0:monogr>
						<ns0:imprint>
							<ns0:date />
						</ns0:imprint>
					</ns0:monogr>
					<ns0:idno type="DOI">10.1021/acs.cgd.0c00808</ns0:idno>
				</ns0:biblStruct>
			</ns0:sourceDesc>
		</ns0:fileDesc>
		<ns0:encodingDesc>
			<ns0:appInfo>
				<ns0:application version="0.7.3" ident="GROBID" when="2023-07-24T14:21+0000">
					<ns0:desc>GROBID - A machine learning software for extracting information from scholarly documents</ns0:desc>
					<ns0:ref target="https://github.com/kermitt2/grobid" />
				</ns0:application>
			</ns0:appInfo>
		</ns0:encodingDesc>
		<ns0:profileDesc>
			<ns0:abstract>
<ns0:div><ns0:p>23(23E,25R]-23(28)-(3'-acetoxybenzyliden)-5&#61537;-spirostan-3&#946;-ol acetate herein described showed a high tendency to crystallize, growing two solvent-free forms and six solvates that were solved by X-ray diffraction experiments. Molecules in each crystal showed important differences in their crystal packing and molecular conformations, especially in the positions adopted by the benzylidene moiety. Calorimetric and powder X-ray diffraction experiments revealed that after desolvation all but one of the solvates undergo a phase transition towards a crystalline solvent free form. The analysis of these arrays, phase transitions and the accompanying conformational changes can help to understand the interplay among the solvent, the framework flexibility and the intermolecular interactions in the solid-state structure of biologically active molecules.</ns0:p></ns0:div>
			</ns0:abstract>
		</ns0:profileDesc>
	</ns0:teiHeader>
	<ns0:text xml:lang="en">
		<ns0:back>

			<ns0:div type="acknowledgement">
<ns0:div><ns0:head>ACKNOWLEDGMENTS</ns0:head><ns0:p>The authors acknowledge the financial support provided by Direcci&#243;n General de Asuntos del Personal Acad&#233;mico (Projects PAPIIT-IN218820 and PAPIIT-IN209119), CONACyT (Grant A1-S-8019) and the Faculty of Chemistry (PAIP-5000-9063). Thanks are due to CONACYT-M&#233;xico for the scholarship granted to M.A.R-E and A.C-M. We thank Dr.</ns0:p><ns0:p>Carmen Garc&#237;a Gonz&#225;lez, Dr. Beatriz Quiroz, and M. Sc. Alejandra Nu&#241;ez Pineda for their technical assistance. The authors thank UNAM for support related to UNAM's BGSI node.</ns0:p></ns0:div>
			</ns0:div>


			<ns0:div type="availability">
<ns0:div><ns0:p>ACS Paragon Plus Environment Crystal Growth &amp; Design ACS Paragon Plus Environment Crystal Growth &amp; Design ACS Paragon Plus Environment Crystal Growth &amp; Design</ns0:p></ns0:div>
			</ns0:div>

			<ns0:div type="annex">
<ns0:div><ns0:head>ASSOCIATED CONTENT</ns0:head></ns0:div>
<ns0:div><ns0:head>Supporting Information</ns0:head><ns0:p>Copies of the 1 H and <ns0:ref type="bibr" target="#b12">13</ns0:ref> C NMR spectra of compound 2. CIF files. Results of DSC, TGA and LeBail adjustment of PXRD pattern of all solvates.</ns0:p></ns0:div>
<ns0:div><ns0:head>AUTHOR INFORMATION</ns0:head></ns0:div>
<ns0:div><ns0:head>Corresponding Authors</ns0:head><ns0:p>martin.iglesias@unam.mx brodriguez@iquimica.unam.mx </ns0:p></ns0:div>
<ns0:div><ns0:head>"For Table of Contents Use</ns0:head></ns0:div>
<ns0:div><ns0:head>Synopsis</ns0:head><ns0:p>The title compound showed a high tendency to crystallize, growing two solvent-free forms and six different solvates that were solved by X-ray diffraction experiments. Calorimetric and powder X-ray diffraction experiments revealed that on desolvation all but one of the solvates undergo a phase transition towards the same crystalline solvent free form.</ns0:p></ns0:div>
<ns0:div><ns0:head>ACS Paragon Plus Environment</ns0:head><ns0:p>Crystal Growth &amp; Design</ns0:p></ns0:div>			</ns0:div>
			<ns0:div type="references">

				<ns0:listBibl>

<ns0:biblStruct xml:id="b0">
	<ns0:monogr>
		<ns0:title level="m" type="main">Steroid Chemistry at a Glance</ns0:title>
		<ns0:author>
			<ns0:persName><ns0:forename type="first">D</ns0:forename><ns0:surname>Lednicer</ns0:surname></ns0:persName>
		</ns0:author>
		<ns0:imprint>
			<ns0:date type="published" when="2011">2011</ns0:date>
			<ns0:publisher>John Wiley &amp; Sons, Inc</ns0:publisher>
			<ns0:pubPlace>UK</ns0:pubPlace>
		</ns0:imprint>
	</ns0:monogr>
</ns0:biblStruct>

<ns0:biblStruct xml:id="b1">
	<ns0:analytic>
		<ns0:title level="a" type="main">Steroid-based anion receptors and transporters</ns0:title>
		<ns0:author>
			<ns0:persName><ns0:forename type="first">P</ns0:forename><ns0:forename type="middle">R</ns0:forename><ns0:surname>Brotherhood</ns0:surname></ns0:persName>
		</ns0:author>
		<ns0:author>
			<ns0:persName><ns0:forename type="first">A</ns0:forename><ns0:forename type="middle">P</ns0:forename><ns0:surname>Davis</ns0:surname></ns0:persName>
		</ns0:author>
	</ns0:analytic>
	<ns0:monogr>
		<ns0:title level="j">Chem. Soc. Rev</ns0:title>
		<ns0:imprint>
			<ns0:biblScope unit="volume">39</ns0:biblScope>
			<ns0:biblScope unit="page" from="3633" to="3647" />
			<ns0:date type="published" when="2011">2011</ns0:date>
		</ns0:imprint>
	</ns0:monogr>
</ns0:biblStruct>

<ns0:biblStruct xml:id="b2">
	<ns0:analytic>
		<ns0:title level="a" type="main">Crystal structure of head-to-head dimers of cholic and deoxycholic acid derivatives with different symmetric bridges</ns0:title>
		<ns0:author>
			<ns0:persName><ns0:forename type="first">M</ns0:forename><ns0:surname>Meijide</ns0:surname></ns0:persName>
		</ns0:author>
		<ns0:author>
			<ns0:persName><ns0:forename type="first">J</ns0:forename><ns0:forename type="middle">V</ns0:forename><ns0:surname>Trillo</ns0:surname></ns0:persName>
		</ns0:author>
		<ns0:author>
			<ns0:persName><ns0:forename type="first">S</ns0:forename><ns0:surname>De Frutos</ns0:surname></ns0:persName>
		</ns0:author>
		<ns0:author>
			<ns0:persName><ns0:forename type="first">L</ns0:forename><ns0:surname>Galantini</ns0:surname></ns0:persName>
		</ns0:author>
		<ns0:author>
			<ns0:persName><ns0:forename type="first">N</ns0:forename><ns0:forename type="middle">V</ns0:forename><ns0:surname>Pavel</ns0:surname></ns0:persName>
		</ns0:author>
		<ns0:author>
			<ns0:persName><ns0:forename type="first">V</ns0:forename><ns0:forename type="middle">H</ns0:forename><ns0:surname>Soto</ns0:surname></ns0:persName>
		</ns0:author>
		<ns0:author>
			<ns0:persName><ns0:forename type="first">A</ns0:forename><ns0:surname>Jover</ns0:surname></ns0:persName>
		</ns0:author>
		<ns0:author>
			<ns0:persName><ns0:forename type="first">A</ns0:forename><ns0:surname>V&#225;zquez-Tato</ns0:surname></ns0:persName>
		</ns0:author>
	</ns0:analytic>
	<ns0:monogr>
		<ns0:title level="j">Steroids</ns0:title>
		<ns0:imprint>
			<ns0:biblScope unit="volume">78</ns0:biblScope>
			<ns0:biblScope unit="page" from="247" to="254" />
			<ns0:date type="published" when="2013">2013</ns0:date>
		</ns0:imprint>
	</ns0:monogr>
</ns0:biblStruct>

<ns0:biblStruct xml:id="b3">
	<ns0:analytic>
		<ns0:title level="a" type="main">Crystalline arrays of side chain modified bile acids derivatives. Two novel self-assemblies based on &#960;-&#960; and belly-to-belly interactions</ns0:title>
		<ns0:author>
			<ns0:persName><ns0:forename type="first">M</ns0:forename><ns0:forename type="middle">C</ns0:forename><ns0:surname>Mayorquin-Torres</ns0:surname></ns0:persName>
		</ns0:author>
		<ns0:author>
			<ns0:persName><ns0:forename type="first">R</ns0:forename><ns0:surname>Arcos-Ramos</ns0:surname></ns0:persName>
		</ns0:author>
		<ns0:author>
			<ns0:persName><ns0:forename type="first">M</ns0:forename><ns0:surname>Flores-&#193;lamo</ns0:surname></ns0:persName>
		</ns0:author>
		<ns0:author>
			<ns0:persName><ns0:forename type="middle">M A</ns0:forename><ns0:surname>Iglesias Arteaga</ns0:surname></ns0:persName>
		</ns0:author>
	</ns0:analytic>
	<ns0:monogr>
		<ns0:title level="j">Steroids</ns0:title>
		<ns0:imprint>
			<ns0:biblScope unit="volume">115</ns0:biblScope>
			<ns0:biblScope unit="page" from="169" to="176" />
			<ns0:date type="published" when="2016">2016</ns0:date>
		</ns0:imprint>
	</ns0:monogr>
</ns0:biblStruct>

<ns0:biblStruct xml:id="b4">
	<ns0:analytic>
		<ns0:title level="a" type="main">Thermodynamic Evaluation of Aromatic CH/&#960; Interactions and Rotational Entropy in a Molecular Rotor</ns0:title>
		<ns0:author>
			<ns0:persName><ns0:forename type="first">S</ns0:forename><ns0:surname>P&#233;rez-Estrada</ns0:surname></ns0:persName>
		</ns0:author>
		<ns0:author>
			<ns0:persName><ns0:forename type="first">B</ns0:forename><ns0:surname>Rodr&#237;guez-Molina</ns0:surname></ns0:persName>
		</ns0:author>
		<ns0:author>
			<ns0:persName><ns0:forename type="first">L</ns0:forename><ns0:surname>Xiao</ns0:surname></ns0:persName>
		</ns0:author>
		<ns0:author>
			<ns0:persName><ns0:forename type="first">R</ns0:forename><ns0:surname>Santillan</ns0:surname></ns0:persName>
		</ns0:author>
		<ns0:author>
			<ns0:persName><ns0:forename type="first">G</ns0:forename><ns0:surname>Jim&#233;nez-Os&#233;s</ns0:surname></ns0:persName>
		</ns0:author>
		<ns0:author>
			<ns0:persName><ns0:forename type="first">K</ns0:forename><ns0:forename type="middle">N</ns0:forename><ns0:surname>Houk</ns0:surname></ns0:persName>
		</ns0:author>
		<ns0:author>
			<ns0:persName><ns0:forename type="first">M</ns0:forename><ns0:forename type="middle">A</ns0:forename><ns0:surname>Garcia-Garibay</ns0:surname></ns0:persName>
		</ns0:author>
	</ns0:analytic>
	<ns0:monogr>
		<ns0:title level="j">J. Am. Chem. Soc</ns0:title>
		<ns0:imprint>
			<ns0:biblScope unit="volume">137</ns0:biblScope>
			<ns0:biblScope unit="page" from="2175" to="2178" />
			<ns0:date type="published" when="2015">2015</ns0:date>
		</ns0:imprint>
	</ns0:monogr>
</ns0:biblStruct>

<ns0:biblStruct xml:id="b5">
	<ns0:analytic>
		<ns0:title level="a" type="main">Macrocyclic Molecular Rotors with Bridged Steroidal Frameworks</ns0:title>
		<ns0:author>
			<ns0:persName><ns0:forename type="first">D</ns0:forename><ns0:surname>Czajkowska-Szczykowska</ns0:surname></ns0:persName>
		</ns0:author>
		<ns0:author>
			<ns0:persName><ns0:forename type="first">B</ns0:forename><ns0:surname>Rodr&#237;guez-Molina</ns0:surname></ns0:persName>
		</ns0:author>
		<ns0:author>
			<ns0:persName><ns0:forename type="first">N</ns0:forename><ns0:forename type="middle">E</ns0:forename><ns0:surname>Maga&#241;a-Vergara</ns0:surname></ns0:persName>
		</ns0:author>
		<ns0:author>
			<ns0:persName><ns0:forename type="first">R</ns0:forename><ns0:surname>Santillan</ns0:surname></ns0:persName>
		</ns0:author>
		<ns0:author>
			<ns0:persName><ns0:forename type="first">J</ns0:forename><ns0:forename type="middle">W</ns0:forename><ns0:surname>Morzycki</ns0:surname></ns0:persName>
		</ns0:author>
		<ns0:author>
			<ns0:persName><ns0:forename type="first">M</ns0:forename><ns0:forename type="middle">A</ns0:forename><ns0:surname>Garcia-Garibay</ns0:surname></ns0:persName>
		</ns0:author>
	</ns0:analytic>
	<ns0:monogr>
		<ns0:title level="j">J. Org. Chem</ns0:title>
		<ns0:imprint>
			<ns0:biblScope unit="volume">77</ns0:biblScope>
			<ns0:biblScope unit="page" from="9970" to="9978" />
			<ns0:date type="published" when="2012">2012</ns0:date>
		</ns0:imprint>
	</ns0:monogr>
</ns0:biblStruct>

<ns0:biblStruct xml:id="b6">
	<ns0:analytic>
		<ns0:title level="a" type="main">Synthesis, Characterization, and Solid State Dynamic Studies of a Hydrogen Bond-Hindered Steroidal Molecular Rotor with a Flexible Axis</ns0:title>
		<ns0:author>
			<ns0:persName><ns0:forename type="first">M</ns0:forename><ns0:forename type="middle">C</ns0:forename><ns0:surname>Mayorqu&#237;n-Torres</ns0:surname></ns0:persName>
		</ns0:author>
		<ns0:author>
			<ns0:persName><ns0:forename type="first">A</ns0:forename><ns0:surname>Colin-Molina</ns0:surname></ns0:persName>
		</ns0:author>
		<ns0:author>
			<ns0:persName><ns0:forename type="first">S</ns0:forename><ns0:surname>P&#233;rez-Estrada</ns0:surname></ns0:persName>
		</ns0:author>
		<ns0:author>
			<ns0:persName><ns0:forename type="first">A</ns0:forename><ns0:surname>Galano</ns0:surname></ns0:persName>
		</ns0:author>
		<ns0:author>
			<ns0:persName><ns0:forename type="first">B</ns0:forename><ns0:surname>Rodr&#237;guez-Molina</ns0:surname></ns0:persName>
		</ns0:author>
		<ns0:author>
			<ns0:persName><ns0:forename type="first">M</ns0:forename><ns0:forename type="middle">A</ns0:forename><ns0:surname>Iglesias-Arteaga</ns0:surname></ns0:persName>
		</ns0:author>
	</ns0:analytic>
	<ns0:monogr>
		<ns0:title level="j">J. Org. Chem</ns0:title>
		<ns0:imprint>
			<ns0:biblScope unit="volume">83</ns0:biblScope>
			<ns0:biblScope unit="page" from="3768" to="3779" />
			<ns0:date type="published" when="2018">2018</ns0:date>
		</ns0:imprint>
	</ns0:monogr>
</ns0:biblStruct>

<ns0:biblStruct xml:id="b7">
	<ns0:analytic>
		<ns0:title level="a" type="main">Synthesis and Solid State Dynamics of a Crystalline Steroid Molecular Rotor Without the Alkyne Axle: Steroid Dimers Based on a 1,4-Di(1,3-dioxan-2-yl)benzene Moiety</ns0:title>
		<ns0:author>
			<ns0:persName><ns0:forename type="first">K</ns0:forename><ns0:surname>Vargas-Romero</ns0:surname></ns0:persName>
		</ns0:author>
		<ns0:author>
			<ns0:persName><ns0:forename type="first">F</ns0:forename><ns0:forename type="middle">C</ns0:forename><ns0:surname>Mart&#237;nez-Torres</ns0:surname></ns0:persName>
		</ns0:author>
		<ns0:author>
			<ns0:persName><ns0:forename type="first">A</ns0:forename><ns0:surname>Aguilar-Granda</ns0:surname></ns0:persName>
		</ns0:author>
		<ns0:author>
			<ns0:persName><ns0:forename type="first">S</ns0:forename><ns0:forename type="middle">:</ns0:forename><ns0:surname>P&#233;rez-Estrada</ns0:surname></ns0:persName>
		</ns0:author>
		<ns0:author>
			<ns0:persName><ns0:forename type="first">M</ns0:forename><ns0:surname>Flores-&#193;lamo</ns0:surname></ns0:persName>
		</ns0:author>
		<ns0:author>
			<ns0:persName><ns0:forename type="first">B</ns0:forename><ns0:surname>Rodr&#237;guez-Molina</ns0:surname></ns0:persName>
		</ns0:author>
		<ns0:author>
			<ns0:persName><ns0:forename type="first">M</ns0:forename><ns0:forename type="middle">A</ns0:forename><ns0:surname>Iglesias-Arteaga</ns0:surname></ns0:persName>
		</ns0:author>
		<ns0:idno type="DOI">10.1021/acs.joc.0c00867</ns0:idno>
	</ns0:analytic>
	<ns0:monogr>
		<ns0:title level="j">J. Org. Chem</ns0:title>
		<ns0:imprint>
			<ns0:date type="published" when="2020-06-01">2020. June 1-2020</ns0:date>
		</ns0:imprint>
	</ns0:monogr>
</ns0:biblStruct>

<ns0:biblStruct xml:id="b8">
	<ns0:analytic>
		<ns0:title level="a" type="main">Solvates and polymorphic modifications of steroid hormones. I</ns0:title>
		<ns0:author>
			<ns0:persName><ns0:forename type="first">M</ns0:forename><ns0:surname>Kuhnert-Brandst&#228;tter</ns0:surname></ns0:persName>
		</ns0:author>
		<ns0:author>
			<ns0:persName><ns0:forename type="first">P</ns0:forename><ns0:surname>Gasser</ns0:surname></ns0:persName>
		</ns0:author>
	</ns0:analytic>
	<ns0:monogr>
		<ns0:title level="j">Microchem. J</ns0:title>
		<ns0:imprint>
			<ns0:biblScope unit="volume">16</ns0:biblScope>
			<ns0:biblScope unit="page" from="419" to="428" />
			<ns0:date type="published" when="1971">1971</ns0:date>
		</ns0:imprint>
	</ns0:monogr>
</ns0:biblStruct>

<ns0:biblStruct xml:id="b9">
	<ns0:analytic>
		<ns0:title level="a" type="main">Polymorphe Modifikationen und Solvate von Fluocortolonpivalat</ns0:title>
		<ns0:author>
			<ns0:persName><ns0:forename type="first">M</ns0:forename><ns0:surname>Kuhnert-Brandst&#228;tter</ns0:surname></ns0:persName>
		</ns0:author>
		<ns0:author>
			<ns0:persName><ns0:forename type="first">P</ns0:forename><ns0:surname>Gasser</ns0:surname></ns0:persName>
		</ns0:author>
	</ns0:analytic>
	<ns0:monogr>
		<ns0:title level="j">Arch. Pharm</ns0:title>
		<ns0:imprint>
			<ns0:biblScope unit="volume">304</ns0:biblScope>
			<ns0:biblScope unit="page" from="926" to="932" />
			<ns0:date type="published" when="1971">1971</ns0:date>
		</ns0:imprint>
	</ns0:monogr>
</ns0:biblStruct>

<ns0:biblStruct xml:id="b10">
	<ns0:analytic>
		<ns0:title level="a" type="main">Chemistry of Steroidal Sapogenins -New Advances in a Classical Field</ns0:title>
		<ns0:author>
			<ns0:persName><ns0:forename type="first">I</ns0:forename><ns0:surname>Jastrzebska</ns0:surname></ns0:persName>
		</ns0:author>
	</ns0:analytic>
	<ns0:monogr>
		<ns0:title level="j">Curr. Org. Chem</ns0:title>
		<ns0:imprint>
			<ns0:biblScope unit="volume">16</ns0:biblScope>
			<ns0:biblScope unit="page" from="353" to="372" />
			<ns0:date type="published" when="2012">2012</ns0:date>
		</ns0:imprint>
	</ns0:monogr>
</ns0:biblStruct>

<ns0:biblStruct xml:id="b11">
	<ns0:analytic>
		<ns0:title level="a" type="main">Synthesis and in vitro anticancer activity of 23(23')E-benzylidenespirostanols derived from steroid sapogeninas</ns0:title>
		<ns0:author>
			<ns0:persName><ns0:forename type="first">M</ns0:forename><ns0:forename type="middle">A</ns0:forename><ns0:surname>Ramos-Enr&#237;quez</ns0:surname></ns0:persName>
		</ns0:author>
		<ns0:author>
			<ns0:persName><ns0:forename type="first">K</ns0:forename><ns0:surname>Vargas-Romero</ns0:surname></ns0:persName>
		</ns0:author>
		<ns0:author>
			<ns0:persName><ns0:forename type="first">L</ns0:forename><ns0:surname>R&#225;rov&#225;</ns0:surname></ns0:persName>
		</ns0:author>
		<ns0:author>
			<ns0:persName><ns0:forename type="first">M</ns0:forename><ns0:surname>Strnad</ns0:surname></ns0:persName>
		</ns0:author>
		<ns0:author>
			<ns0:persName><ns0:forename type="first">M</ns0:forename><ns0:forename type="middle">A</ns0:forename><ns0:surname>Iglesias-Arteaga</ns0:surname></ns0:persName>
		</ns0:author>
	</ns0:analytic>
	<ns0:monogr>
		<ns0:title level="j">Steroids</ns0:title>
		<ns0:imprint>
			<ns0:biblScope unit="volume">128</ns0:biblScope>
			<ns0:biblScope unit="page" from="85" to="88" />
			<ns0:date type="published" when="2017">2017</ns0:date>
		</ns0:imprint>
	</ns0:monogr>
</ns0:biblStruct>

<ns0:biblStruct xml:id="b12">
	<ns0:analytic>
		<ns0:title level="a" type="main">Investigations on the polymorphism and pseudopolymorphism of triamcinolone diacetate</ns0:title>
		<ns0:author>
			<ns0:persName><ns0:forename type="first">V</ns0:forename><ns0:surname>Suitchmezian</ns0:surname></ns0:persName>
		</ns0:author>
		<ns0:author>
			<ns0:persName><ns0:forename type="first">I</ns0:forename><ns0:surname>Je&#223;</ns0:surname></ns0:persName>
		</ns0:author>
		<ns0:author>
			<ns0:persName><ns0:forename type="middle">C</ns0:forename><ns0:surname>N&#228;ther</ns0:surname></ns0:persName>
		</ns0:author>
	</ns0:analytic>
	<ns0:monogr>
		<ns0:title level="j">Int. J. Pharm</ns0:title>
		<ns0:imprint>
			<ns0:biblScope unit="volume">323</ns0:biblScope>
			<ns0:biblScope unit="page" from="101" to="109" />
			<ns0:date type="published" when="2006">2006</ns0:date>
		</ns0:imprint>
	</ns0:monogr>
</ns0:biblStruct>

<ns0:biblStruct xml:id="b13">
	<ns0:analytic>
		<ns0:title level="a" type="main">Solid state characterization of mometasone furoate anhydrous and monohydrate forms</ns0:title>
		<ns0:author>
			<ns0:persName><ns0:forename type="first">X</ns0:forename><ns0:surname>Chen</ns0:surname></ns0:persName>
		</ns0:author>
		<ns0:author>
			<ns0:persName><ns0:forename type="first">M</ns0:forename><ns0:surname>Carillo</ns0:surname></ns0:persName>
		</ns0:author>
		<ns0:author>
			<ns0:persName><ns0:forename type="first">R</ns0:forename><ns0:forename type="middle">C</ns0:forename><ns0:surname>Haltiwanger</ns0:surname></ns0:persName>
		</ns0:author>
		<ns0:author>
			<ns0:persName><ns0:forename type="first">P</ns0:forename><ns0:surname>Bradley</ns0:surname></ns0:persName>
		</ns0:author>
	</ns0:analytic>
	<ns0:monogr>
		<ns0:title level="j">J. Pharm. Sci</ns0:title>
		<ns0:imprint>
			<ns0:biblScope unit="volume">94</ns0:biblScope>
			<ns0:biblScope unit="page" from="2496" to="2509" />
			<ns0:date type="published" when="2005">2005</ns0:date>
		</ns0:imprint>
	</ns0:monogr>
</ns0:biblStruct>

<ns0:biblStruct xml:id="b14">
	<ns0:analytic>
		<ns0:title level="a" type="main">Screening, preparation and characterization of diosgenin versatile solvates</ns0:title>
		<ns0:author>
			<ns0:persName><ns0:forename type="first">N</ns0:forename><ns0:surname>Gong</ns0:surname></ns0:persName>
		</ns0:author>
		<ns0:author>
			<ns0:persName><ns0:forename type="first">Y</ns0:forename><ns0:surname>Wang</ns0:surname></ns0:persName>
		</ns0:author>
		<ns0:author>
			<ns0:persName><ns0:forename type="first">B</ns0:forename><ns0:surname>Zhang</ns0:surname></ns0:persName>
		</ns0:author>
		<ns0:author>
			<ns0:persName><ns0:forename type="first">D</ns0:forename><ns0:surname>Yang</ns0:surname></ns0:persName>
		</ns0:author>
		<ns0:author>
			<ns0:persName><ns0:forename type="first">G</ns0:forename><ns0:surname>Du</ns0:surname></ns0:persName>
		</ns0:author>
		<ns0:author>
			<ns0:persName><ns0:forename type="first">Y</ns0:forename><ns0:surname>Lu</ns0:surname></ns0:persName>
		</ns0:author>
	</ns0:analytic>
	<ns0:monogr>
		<ns0:title level="j">Steroids</ns0:title>
		<ns0:imprint>
			<ns0:biblScope unit="volume">143</ns0:biblScope>
			<ns0:biblScope unit="page" from="18" to="24" />
			<ns0:date type="published" when="2019">2019</ns0:date>
		</ns0:imprint>
	</ns0:monogr>
</ns0:biblStruct>

<ns0:biblStruct xml:id="b15">
	<ns0:analytic>
		<ns0:title />
		<ns0:author>
			<ns0:persName><ns0:forename type="first">C</ns0:forename><ns0:surname>Guguta</ns0:surname></ns0:persName>
		</ns0:author>
		<ns0:author>
			<ns0:persName><ns0:forename type="first">I;</ns0:forename><ns0:surname>Eeuwijk</ns0:surname></ns0:persName>
		</ns0:author>
		<ns0:author>
			<ns0:persName><ns0:forename type="first">J</ns0:forename><ns0:forename type="middle">M</ns0:forename><ns0:surname>Smits</ns0:surname></ns0:persName>
		</ns0:author>
		<ns0:author>
			<ns0:persName><ns0:surname>De Gelder</ns0:surname></ns0:persName>
		</ns0:author>
	</ns0:analytic>
	<ns0:monogr>
		<ns0:title level="j">R. Structural Diversity of Ethinyl Estradiol Solvates. Cryst. Growth Des</ns0:title>
		<ns0:imprint>
			<ns0:biblScope unit="volume">8</ns0:biblScope>
			<ns0:biblScope unit="page" from="823" to="831" />
			<ns0:date type="published" when="2008">2008</ns0:date>
		</ns0:imprint>
	</ns0:monogr>
</ns0:biblStruct>

<ns0:biblStruct xml:id="b16">
	<ns0:analytic>
		<ns0:title level="a" type="main">Molecular Recognition of Steroid Hormones in the Solid State: Stark Differences in Cocrystallization of &#946;-Estradiol and Estrone</ns0:title>
		<ns0:author>
			<ns0:persName><ns0:forename type="first">K</ns0:forename><ns0:forename type="middle">J</ns0:forename><ns0:surname>Ardila-Fierro</ns0:surname></ns0:persName>
		</ns0:author>
		<ns0:author>
			<ns0:persName><ns0:forename type="first">V</ns0:forename><ns0:surname>Andr&#233;</ns0:surname></ns0:persName>
		</ns0:author>
		<ns0:author>
			<ns0:persName><ns0:forename type="first">D</ns0:forename><ns0:surname>Tan</ns0:surname></ns0:persName>
		</ns0:author>
		<ns0:author>
			<ns0:persName><ns0:forename type="first">M</ns0:forename><ns0:forename type="middle">T</ns0:forename><ns0:surname>Duarte</ns0:surname></ns0:persName>
		</ns0:author>
		<ns0:author>
			<ns0:persName><ns0:forename type="first">R</ns0:forename><ns0:forename type="middle">W</ns0:forename><ns0:surname>Lancaster</ns0:surname></ns0:persName>
		</ns0:author>
		<ns0:author>
			<ns0:persName><ns0:forename type="first">P</ns0:forename><ns0:forename type="middle">G</ns0:forename><ns0:surname>Karamertzanis</ns0:surname></ns0:persName>
		</ns0:author>
		<ns0:author>
			<ns0:persName><ns0:forename type="first">T</ns0:forename><ns0:surname>Fri&#353;&#269;i&#263;</ns0:surname></ns0:persName>
		</ns0:author>
	</ns0:analytic>
	<ns0:monogr>
		<ns0:title level="j">Cryst. Growth Des</ns0:title>
		<ns0:imprint>
			<ns0:biblScope unit="volume">15</ns0:biblScope>
			<ns0:biblScope unit="page" from="1492" to="1501" />
			<ns0:date type="published" when="2015">2015</ns0:date>
		</ns0:imprint>
	</ns0:monogr>
</ns0:biblStruct>

<ns0:biblStruct xml:id="b17">
	<ns0:analytic>
		<ns0:title level="a" type="main">On the Formation of Droperidol Solvates: Characterization of Structure and Properties</ns0:title>
		<ns0:author>
			<ns0:persName><ns0:forename type="first">A</ns0:forename><ns0:surname>Be&#773; Rzi&#326;&#353;</ns0:surname></ns0:persName>
		</ns0:author>
		<ns0:author>
			<ns0:persName><ns0:forename type="first">E</ns0:forename><ns0:surname>Skarbulis</ns0:surname></ns0:persName>
		</ns0:author>
		<ns0:author>
			<ns0:persName><ns0:forename type="first">T</ns0:forename><ns0:surname>Rekis</ns0:surname></ns0:persName>
		</ns0:author>
		<ns0:author>
			<ns0:persName><ns0:forename type="first">A</ns0:forename><ns0:surname>Acti&#326;s</ns0:surname></ns0:persName>
		</ns0:author>
	</ns0:analytic>
	<ns0:monogr>
		<ns0:title level="j">Cryst. Growth Des</ns0:title>
		<ns0:imprint>
			<ns0:biblScope unit="volume">14</ns0:biblScope>
			<ns0:biblScope unit="page" from="2654" to="2664" />
			<ns0:date type="published" when="2014">2014</ns0:date>
		</ns0:imprint>
	</ns0:monogr>
</ns0:biblStruct>

<ns0:biblStruct xml:id="b18">
	<ns0:analytic>
		<ns0:title level="a" type="main">Solvatomorphism of Reichardt's dye</ns0:title>
		<ns0:author>
			<ns0:persName><ns0:forename type="first">S</ns0:forename><ns0:forename type="middle">J</ns0:forename><ns0:surname>Pike</ns0:surname></ns0:persName>
		</ns0:author>
		<ns0:author>
			<ns0:persName><ns0:forename type="first">A</ns0:forename><ns0:forename type="middle">D</ns0:forename><ns0:surname>Bond</ns0:surname></ns0:persName>
		</ns0:author>
		<ns0:author>
			<ns0:persName><ns0:forename type="first">C</ns0:forename><ns0:forename type="middle">A</ns0:forename><ns0:surname>Hunter</ns0:surname></ns0:persName>
		</ns0:author>
	</ns0:analytic>
	<ns0:monogr>
		<ns0:title level="j">CrystEngComm</ns0:title>
		<ns0:imprint>
			<ns0:biblScope unit="volume">20</ns0:biblScope>
			<ns0:biblScope unit="page" from="2912" to="2915" />
			<ns0:date type="published" when="2018">2018</ns0:date>
		</ns0:imprint>
	</ns0:monogr>
</ns0:biblStruct>

<ns0:biblStruct xml:id="b19">
	<ns0:analytic>
		<ns0:title level="a" type="main">Molecular recognition and solvatomorphism of a cyclic peptoid: formation of a stable 1D porous framework</ns0:title>
		<ns0:author>
			<ns0:persName><ns0:forename type="first">E</ns0:forename><ns0:surname>Macedi</ns0:surname></ns0:persName>
		</ns0:author>
		<ns0:author>
			<ns0:persName><ns0:forename type="first">A</ns0:forename><ns0:surname>Meli</ns0:surname></ns0:persName>
		</ns0:author>
		<ns0:author>
			<ns0:persName><ns0:forename type="first">F</ns0:forename><ns0:surname>Riccardis</ns0:surname></ns0:persName>
		</ns0:author>
		<ns0:author>
			<ns0:persName><ns0:forename type="first">P</ns0:forename><ns0:surname>Rossi</ns0:surname></ns0:persName>
		</ns0:author>
		<ns0:author>
			<ns0:persName><ns0:forename type="first">V</ns0:forename><ns0:forename type="middle">J</ns0:forename><ns0:surname>Smith</ns0:surname></ns0:persName>
		</ns0:author>
		<ns0:author>
			<ns0:persName><ns0:forename type="first">L</ns0:forename><ns0:forename type="middle">J</ns0:forename><ns0:surname>Barbour</ns0:surname></ns0:persName>
		</ns0:author>
		<ns0:author>
			<ns0:persName><ns0:forename type="first">I</ns0:forename><ns0:surname>Izzo</ns0:surname></ns0:persName>
		</ns0:author>
		<ns0:author>
			<ns0:persName><ns0:forename type="first">C</ns0:forename><ns0:surname>Tedesco</ns0:surname></ns0:persName>
		</ns0:author>
	</ns0:analytic>
	<ns0:monogr>
		<ns0:title level="j">CrystEngComm</ns0:title>
		<ns0:imprint>
			<ns0:biblScope unit="volume">19</ns0:biblScope>
			<ns0:biblScope unit="page" from="4704" to="4708" />
			<ns0:date type="published" when="2017">2017</ns0:date>
		</ns0:imprint>
	</ns0:monogr>
</ns0:biblStruct>

<ns0:biblStruct xml:id="b20">
	<ns0:analytic>
		<ns0:title level="a" type="main">A Versatile Tripodal Host with Cylindrical Conformation: Solvatomorphism, Inclusion Behavior, and Separation of Guests</ns0:title>
		<ns0:author>
			<ns0:persName><ns0:forename type="first">W</ns0:forename><ns0:surname>Wei</ns0:surname></ns0:persName>
		</ns0:author>
		<ns0:author>
			<ns0:persName><ns0:forename type="first">G</ns0:forename><ns0:surname>Wang</ns0:surname></ns0:persName>
		</ns0:author>
		<ns0:author>
			<ns0:persName><ns0:forename type="first">Y</ns0:forename><ns0:surname>Zhang</ns0:surname></ns0:persName>
		</ns0:author>
		<ns0:author>
			<ns0:persName><ns0:forename type="first">F</ns0:forename><ns0:surname>Jiang</ns0:surname></ns0:persName>
		</ns0:author>
		<ns0:author>
			<ns0:persName><ns0:forename type="first">M</ns0:forename><ns0:surname>Wu</ns0:surname></ns0:persName>
		</ns0:author>
		<ns0:author>
			<ns0:persName><ns0:forename type="first">M</ns0:forename><ns0:surname>Hong</ns0:surname></ns0:persName>
		</ns0:author>
	</ns0:analytic>
	<ns0:monogr>
		<ns0:title level="j">Chem. Eur. J</ns0:title>
		<ns0:imprint>
			<ns0:biblScope unit="volume">17</ns0:biblScope>
			<ns0:biblScope unit="page" from="2189" to="2198" />
			<ns0:date type="published" when="2011">2011</ns0:date>
		</ns0:imprint>
	</ns0:monogr>
</ns0:biblStruct>

<ns0:biblStruct xml:id="b21">
	<ns0:analytic>
		<ns0:title />
		<ns0:author>
			<ns0:persName><ns0:forename type="first">A</ns0:forename><ns0:forename type="middle">J</ns0:forename><ns0:surname>Cruz-Cabeza</ns0:surname></ns0:persName>
		</ns0:author>
		<ns0:author>
			<ns0:persName><ns0:forename type="first">J</ns0:forename><ns0:surname>Bernstein</ns0:surname></ns0:persName>
		</ns0:author>
		<ns0:author>
			<ns0:persName><ns0:surname>Polymorphism</ns0:surname></ns0:persName>
		</ns0:author>
	</ns0:analytic>
	<ns0:monogr>
		<ns0:title level="j">Chem. Rev</ns0:title>
		<ns0:imprint>
			<ns0:biblScope unit="volume">114</ns0:biblScope>
			<ns0:biblScope unit="page" from="2170" to="2191" />
			<ns0:date type="published" when="2014">2014</ns0:date>
		</ns0:imprint>
	</ns0:monogr>
</ns0:biblStruct>

<ns0:biblStruct xml:id="b22">
	<ns0:analytic>
		<ns0:title level="a" type="main">Crystalline Host-Guest Assemblies of Steroidal and Related Molecules: Diversity, Hierarchy, and Supramolecular Chirality Acc</ns0:title>
		<ns0:author>
			<ns0:persName><ns0:forename type="first">M</ns0:forename><ns0:surname>Miyata</ns0:surname></ns0:persName>
		</ns0:author>
		<ns0:author>
			<ns0:persName><ns0:forename type="first">N</ns0:forename><ns0:surname>Tohnai</ns0:surname></ns0:persName>
		</ns0:author>
		<ns0:author>
			<ns0:persName><ns0:forename type="first">I</ns0:forename><ns0:surname>Hisake</ns0:surname></ns0:persName>
		</ns0:author>
	</ns0:analytic>
	<ns0:monogr>
		<ns0:title level="j">Chem. Res</ns0:title>
		<ns0:imprint>
			<ns0:biblScope unit="volume">40</ns0:biblScope>
			<ns0:biblScope unit="page" from="694" to="702" />
			<ns0:date type="published" when="2007">2007</ns0:date>
		</ns0:imprint>
	</ns0:monogr>
</ns0:biblStruct>

<ns0:biblStruct xml:id="b23">
	<ns0:analytic>
		<ns0:title level="a" type="main">Controlled Expansion of a Molecular Cavity in a Steroid Host Compound</ns0:title>
		<ns0:author>
			<ns0:persName><ns0:forename type="first">K</ns0:forename><ns0:surname>Sada</ns0:surname></ns0:persName>
		</ns0:author>
		<ns0:author>
			<ns0:persName><ns0:forename type="first">M</ns0:forename><ns0:surname>Sugahara</ns0:surname></ns0:persName>
		</ns0:author>
		<ns0:author>
			<ns0:persName><ns0:forename type="first">K;</ns0:forename><ns0:surname>Kato</ns0:surname></ns0:persName>
		</ns0:author>
		<ns0:author>
			<ns0:persName><ns0:forename type="first">M</ns0:forename><ns0:surname>Miyata</ns0:surname></ns0:persName>
		</ns0:author>
	</ns0:analytic>
	<ns0:monogr>
		<ns0:title level="j">J. Am. Chem. Soc</ns0:title>
		<ns0:editor>
			<ns0:persName><ns0:forename type="first">R</ns0:forename><ns0:surname>Hilfiker</ns0:surname></ns0:persName>
		</ns0:editor>
		<ns0:editor>
			<ns0:persName><ns0:surname>Ed</ns0:surname></ns0:persName>
		</ns0:editor>
		<ns0:imprint>
			<ns0:biblScope unit="volume">123</ns0:biblScope>
			<ns0:biblScope unit="page" from="4386" to="4392" />
			<ns0:date type="published" when="2001">2001. 2006</ns0:date>
			<ns0:publisher>WILEY-VCH Verlag GmbH &amp; Co. KGaA</ns0:publisher>
			<ns0:pubPlace>Weinheim, Germany</ns0:pubPlace>
		</ns0:imprint>
	</ns0:monogr>
	<ns0:note>25 Polymorphism: in the Pharmaceutical Industry</ns0:note>
</ns0:biblStruct>

<ns0:biblStruct xml:id="b24">
	<ns0:analytic>
		<ns0:title level="a" type="main">Crystallographic data have been deposited with the Cambridge Crystallographic Data Center as supplementary material numbers CCDC 1958937 (Form II)</ns0:title>
	</ns0:analytic>
	<ns0:monogr>
		<ns0:title level="m">CCDC 1958939 (Form IV), CCDC 1958940 (Form V), CCDC 1958941 (Form VI), CCDC 1958942 (Form VII), CCDC 1958943 (Form I) and CCDC 1958944 (Form VIII)</ns0:title>
		<ns0:imprint />
	</ns0:monogr>
	<ns0:note>Copies of the data can be obtained free of charge on application to CCDC, 12 Union Road, Cambridge CB2 1EZ, UK. . Email:deposit@ccdc.cam.ac.uk</ns0:note>
</ns0:biblStruct>

<ns0:biblStruct xml:id="b25">
	<ns0:analytic>
		<ns0:title level="a" type="main">Packing Problems: High Z&#8242; Crystal Structures and Their Relationship to Cocrystals, Inclusion Compounds, and Polymorphism</ns0:title>
		<ns0:author>
			<ns0:persName><ns0:forename type="first">K</ns0:forename><ns0:forename type="middle">M</ns0:forename><ns0:surname>Steed</ns0:surname></ns0:persName>
		</ns0:author>
		<ns0:author>
			<ns0:persName><ns0:forename type="first">J</ns0:forename><ns0:forename type="middle">W</ns0:forename><ns0:surname>Steed</ns0:surname></ns0:persName>
		</ns0:author>
	</ns0:analytic>
	<ns0:monogr>
		<ns0:title level="j">Chem. Rev</ns0:title>
		<ns0:imprint>
			<ns0:biblScope unit="volume">115</ns0:biblScope>
			<ns0:biblScope unit="page" from="2895" to="2933" />
			<ns0:date type="published" when="2015">2015</ns0:date>
		</ns0:imprint>
	</ns0:monogr>
</ns0:biblStruct>

<ns0:biblStruct xml:id="b26">
	<ns0:analytic>
		<ns0:title />
		<ns0:author>
			<ns0:persName><ns0:forename type="first">K</ns0:forename><ns0:surname>Nakano</ns0:surname></ns0:persName>
		</ns0:author>
		<ns0:author>
			<ns0:persName><ns0:forename type="first">K</ns0:forename><ns0:surname>Sada</ns0:surname></ns0:persName>
		</ns0:author>
		<ns0:author>
			<ns0:persName><ns0:forename type="first">K</ns0:forename><ns0:surname>Nakagawa</ns0:surname></ns0:persName>
		</ns0:author>
		<ns0:author>
			<ns0:persName><ns0:forename type="first">K</ns0:forename><ns0:surname>Aburaya</ns0:surname></ns0:persName>
		</ns0:author>
		<ns0:author>
			<ns0:persName><ns0:forename type="first">N</ns0:forename><ns0:surname>Yoswathananont</ns0:surname></ns0:persName>
		</ns0:author>
		<ns0:author>
			<ns0:persName><ns0:forename type="first">N</ns0:forename><ns0:surname>Tohnai</ns0:surname></ns0:persName>
		</ns0:author>
		<ns0:author>
			<ns0:persName><ns0:forename type="first">M</ns0:forename><ns0:surname>Miyata</ns0:surname></ns0:persName>
		</ns0:author>
	</ns0:analytic>
	<ns0:monogr>
		<ns0:title level="j">Chem. Eur. J</ns0:title>
		<ns0:imprint>
			<ns0:biblScope unit="volume">11</ns0:biblScope>
			<ns0:biblScope unit="page" from="1725" to="1733" />
			<ns0:date type="published" when="2005">2005</ns0:date>
		</ns0:imprint>
	</ns0:monogr>
</ns0:biblStruct>

<ns0:biblStruct xml:id="b27">
	<ns0:analytic>
		<ns0:title level="a" type="main">PLATON SQUEEZE: a tool for the calculation of the disordered solvent contribution to the calculated structure factors</ns0:title>
		<ns0:author>
			<ns0:persName><ns0:forename type="first">A</ns0:forename><ns0:forename type="middle">L</ns0:forename><ns0:surname>Spek</ns0:surname></ns0:persName>
		</ns0:author>
	</ns0:analytic>
	<ns0:monogr>
		<ns0:title level="j">Acta Cryst</ns0:title>
		<ns0:imprint>
			<ns0:biblScope unit="volume">71</ns0:biblScope>
			<ns0:biblScope unit="page" from="9" to="18" />
			<ns0:date type="published" when="2015">2015</ns0:date>
		</ns0:imprint>
	</ns0:monogr>
	<ns0:note>C</ns0:note>
</ns0:biblStruct>

<ns0:biblStruct xml:id="b28">
	<ns0:analytic>
		<ns0:title level="a" type="main">Tracking the Structural Changes in a Series of Cholesterol Solvates Cryst</ns0:title>
		<ns0:author>
			<ns0:persName><ns0:forename type="first">R</ns0:forename><ns0:forename type="middle">J</ns0:forename><ns0:surname>Galloway</ns0:surname></ns0:persName>
		</ns0:author>
		<ns0:author>
			<ns0:persName><ns0:forename type="first">S</ns0:forename><ns0:forename type="middle">A</ns0:forename><ns0:surname>Raza</ns0:surname></ns0:persName>
		</ns0:author>
		<ns0:author>
			<ns0:persName><ns0:forename type="first">R</ns0:forename><ns0:forename type="middle">C</ns0:forename><ns0:surname>Young</ns0:surname></ns0:persName>
		</ns0:author>
		<ns0:author>
			<ns0:persName><ns0:forename type="first">I</ns0:forename><ns0:forename type="middle">D H</ns0:forename><ns0:surname>Oswald</ns0:surname></ns0:persName>
		</ns0:author>
	</ns0:analytic>
	<ns0:monogr>
		<ns0:title level="j">Growth Des</ns0:title>
		<ns0:imprint>
			<ns0:biblScope unit="volume">12</ns0:biblScope>
			<ns0:biblScope unit="page" from="231" to="239" />
			<ns0:date type="published" when="2012">2012</ns0:date>
		</ns0:imprint>
	</ns0:monogr>
</ns0:biblStruct>

<ns0:biblStruct xml:id="b29">
	<ns0:analytic>
		<ns0:title level="a" type="main">CrystalCMP: an easy-to-use tool for fast comparison of molecular packing</ns0:title>
		<ns0:author>
			<ns0:persName><ns0:forename type="first">J</ns0:forename><ns0:surname>Rohl&#237;&#269;ek</ns0:surname></ns0:persName>
		</ns0:author>
		<ns0:author>
			<ns0:persName><ns0:forename type="first">E</ns0:forename><ns0:surname>Sko&#345;epov&#225;</ns0:surname></ns0:persName>
		</ns0:author>
		<ns0:author>
			<ns0:persName><ns0:forename type="first">M</ns0:forename><ns0:surname>Babor</ns0:surname></ns0:persName>
		</ns0:author>
		<ns0:author>
			<ns0:persName><ns0:forename type="first">J</ns0:forename><ns0:surname>&#268;ejka</ns0:surname></ns0:persName>
		</ns0:author>
	</ns0:analytic>
	<ns0:monogr>
		<ns0:title level="j">J. Appl. Crystallogr</ns0:title>
		<ns0:imprint>
			<ns0:biblScope unit="volume">49</ns0:biblScope>
			<ns0:biblScope unit="page" from="2172" to="2183" />
			<ns0:date type="published" when="2016">2016</ns0:date>
		</ns0:imprint>
	</ns0:monogr>
</ns0:biblStruct>

<ns0:biblStruct xml:id="b30">
	<ns0:monogr>
		<ns0:title level="m" type="main">If this flexible portion is not considered in the comparison, the crystals can be considered completely isostructural based on their crystallographic parameters</ns0:title>
		<ns0:imprint />
	</ns0:monogr>
</ns0:biblStruct>

				</ns0:listBibl>
			</ns0:div>
		</ns0:back>
	</ns0:text>
</ns0:TEI>