<ns0:TEI xmlns:ns0="http://www.tei-c.org/ns/1.0" xmlns:xsi="http://www.w3.org/2001/XMLSchema-instance" xml:space="preserve" xsi:schemaLocation="http://www.tei-c.org/ns/1.0 https://raw.githubusercontent.com/kermitt2/grobid/master/grobid-home/schemas/xsd/Grobid.xsd">
	<ns0:teiHeader xml:lang="en">
		<ns0:fileDesc>
			<ns0:titleStmt>
				<ns0:title level="a" type="main">Controllable Manipulation of the Surface Superstructures and Stoichiometry of Single-Crystal CoO(001)</ns0:title>
			</ns0:titleStmt>
			<ns0:publicationStmt>
				<ns0:publisher />
				<ns0:availability status="unknown"><ns0:licence /></ns0:availability>
				<ns0:date type="published" when="2020-03-06">March 6, 2020</ns0:date>
			</ns0:publicationStmt>
			<ns0:sourceDesc>
				<ns0:biblStruct>
					<ns0:analytic>
						<ns0:author>
							<ns0:persName><ns0:forename type="first">Shandong</ns0:forename><ns0:surname>Qi</ns0:surname></ns0:persName>
						</ns0:author>
						<ns0:author>
							<ns0:persName><ns0:forename type="first">Zhengfeng</ns0:forename><ns0:surname>Ren</ns0:surname></ns0:persName>
						</ns0:author>
						<ns0:author>
							<ns0:persName><ns0:forename type="first">Min</ns0:forename><ns0:surname>Yu</ns0:surname></ns0:persName>
						</ns0:author>
						<ns0:author>
							<ns0:persName><ns0:forename type="first">Hua</ns0:forename><ns0:surname>Zhou</ns0:surname></ns0:persName>
						</ns0:author>
						<ns0:author>
							<ns0:persName><ns0:forename type="first">Shishen</ns0:forename><ns0:surname>Yan</ns0:surname></ns0:persName>
						</ns0:author>
						<ns0:author>
							<ns0:persName><ns0:forename type="first">Shujun</ns0:forename><ns0:surname>Hu</ns0:surname></ns0:persName>
						</ns0:author>
						<ns0:author>
							<ns0:persName><ns0:forename type="first">Mingchun</ns0:forename><ns0:surname>Xu</ns0:surname></ns0:persName>
						</ns0:author>
						<ns0:title level="a" type="main">Controllable Manipulation of the Surface Superstructures and Stoichiometry of Single-Crystal CoO(001)</ns0:title>
					</ns0:analytic>
					<ns0:monogr>
						<ns0:imprint>
							<ns0:date type="published" when="2020-03-06">March 6, 2020</ns0:date>
						</ns0:imprint>
					</ns0:monogr>
					<ns0:idno type="DOI">10.1021/acs.cgd.0c00170</ns0:idno>
					<ns0:note type="submission">Received: February 11, 2020 Revised: March 6, 2020</ns0:note>
				</ns0:biblStruct>
			</ns0:sourceDesc>
		</ns0:fileDesc>
		<ns0:encodingDesc>
			<ns0:appInfo>
				<ns0:application version="0.7.3" ident="GROBID" when="2023-07-24T17:16+0000">
					<ns0:desc>GROBID - A machine learning software for extracting information from scholarly documents</ns0:desc>
					<ns0:ref target="https://github.com/kermitt2/grobid" />
				</ns0:application>
			</ns0:appInfo>
		</ns0:encodingDesc>
		<ns0:profileDesc>
			<ns0:abstract>
<ns0:div><ns0:p>The surface stoichiometry of transition-metal oxides plays a vital role in their physical and chemical properties. However, the controllable manipulation of the surface stoichiometry on the host still remains a challenge. Herein, the surface stoichiometry of singlecrystal CoO(001) surfaces was manipulated in combination with highenergy Ar + ion sputtering and high-temperature annealing. Two types of superstructures with large periodic lattices ( 10 10 ) &#215; R18.4&#176;and</ns0:p><ns0:p>R45&#176;were detected by microchannel plate-low-energy electron diffraction (MCP-LEED). The presence of the superstructure associated with the defects (here more likely to be oxygen vacancies), rather than the reconstruction, was further verified by the vibrational frequency fingerprint of CO probing molecules, which were characterized by the p-polarized infrared reflection absorption spectroscopy (IRRAS). Furthermore, numerous steps along the &#10216;110&#10217; and &#10216;11&#773; 0&#10217; directions and the resulting rectangular pits were observed by atomic force microscopy on the surface. The presence of these structures was also supported by the IRRAS.</ns0:p></ns0:div>
			</ns0:abstract>
		</ns0:profileDesc>
	</ns0:teiHeader>
	<ns0:text xml:lang="en">
		<ns0:back>

			<ns0:div type="funding">
<ns0:div><ns0:head>&#9632; ACKNOWLEDGMENTS</ns0:head><ns0:p>This work was supported by the National Science Foundation of China (Grant No. 21273132) and by the Shandong Provincial National Science Foundation, China (Grant No. ZR2018MA041).</ns0:p></ns0:div>
			</ns0:div>

			<ns0:div type="references">

				<ns0:listBibl>

<ns0:biblStruct xml:id="b0">
	<ns0:monogr>
		<ns0:title level="m" type="main">Email: hushujun@sdu.edu.cn Mingchun Xu -School of Physics</ns0:title>
		<ns0:author>
			<ns0:persName><ns0:forename type="first">P</ns0:forename><ns0:forename type="middle">R</ns0:forename><ns0:surname>Shandong</ns0:surname></ns0:persName>
		</ns0:author>
		<ns0:author>
			<ns0:persName><ns0:surname>China</ns0:surname></ns0:persName>
		</ns0:author>
		<ns0:idno>orcid.org/0000-0002- 7675-9318</ns0:idno>
		<ns0:imprint>
			<ns0:date>250100. Jinan 250100. 250100. 250100</ns0:date>
			<ns0:pubPlace>Jinan; Shandong, P. R. China; Jinan; Shandong; Jinan; Shandong, P. R. China</ns0:pubPlace>
		</ns0:imprint>
		<ns0:respStmt>
			<ns0:orgName>Shujun Hu -School of Physics, Shandong University ; Shandong University ; Shandong Qi -School of Physics, Shandong University ; China Zhengfeng Ren -School of Physics, Shandong University</ns0:orgName>
		</ns0:respStmt>
	</ns0:monogr>
	<ns0:note>Email: xumingchun@sdu.edu.cn Authors</ns0:note>
</ns0:biblStruct>

<ns0:biblStruct xml:id="b1">
	<ns0:monogr>
		<ns0:title />
		<ns0:idno type="DOI">10.1021/acs.cgd.0c00170?ref=pdf</ns0:idno>
		<ns0:ptr target="https://pubs.acs.org/10.1021/acs.cgd.0c00170" />
		<ns0:imprint />
	</ns0:monogr>
	<ns0:note>Complete contact information is available at</ns0:note>
</ns0:biblStruct>

<ns0:biblStruct xml:id="b2">
	<ns0:monogr>
		<ns0:title level="m" type="main">Notes The authors declare no competing financial interest. REFERENCES</ns0:title>
		<ns0:imprint />
	</ns0:monogr>
</ns0:biblStruct>

<ns0:biblStruct xml:id="b3">
	<ns0:analytic>
		<ns0:title level="a" type="main">Transition metal oxides for organic electronics: energetics, device physics and applications</ns0:title>
		<ns0:author>
			<ns0:persName><ns0:forename type="first">J</ns0:forename><ns0:surname>Meyer</ns0:surname></ns0:persName>
		</ns0:author>
		<ns0:author>
			<ns0:persName><ns0:forename type="first">S</ns0:forename><ns0:surname>Hamwi</ns0:surname></ns0:persName>
		</ns0:author>
		<ns0:author>
			<ns0:persName><ns0:forename type="first">M</ns0:forename><ns0:surname>Kroger</ns0:surname></ns0:persName>
		</ns0:author>
		<ns0:author>
			<ns0:persName><ns0:forename type="first">W</ns0:forename><ns0:surname>Kowalsky</ns0:surname></ns0:persName>
		</ns0:author>
		<ns0:author>
			<ns0:persName><ns0:forename type="first">T</ns0:forename><ns0:surname>Riedl</ns0:surname></ns0:persName>
		</ns0:author>
		<ns0:author>
			<ns0:persName><ns0:forename type="first">A</ns0:forename><ns0:surname>Kahn</ns0:surname></ns0:persName>
		</ns0:author>
		<ns0:idno type="DOI">10.1002/adma.201201630</ns0:idno>
	</ns0:analytic>
	<ns0:monogr>
		<ns0:title level="j">Adv. Mater</ns0:title>
		<ns0:imprint>
			<ns0:biblScope unit="volume">24</ns0:biblScope>
			<ns0:biblScope unit="page" from="5408" to="54027" />
			<ns0:date type="published" when="2012">2012</ns0:date>
		</ns0:imprint>
	</ns0:monogr>
</ns0:biblStruct>

<ns0:biblStruct xml:id="b4">
	<ns0:analytic>
		<ns0:title level="a" type="main">Transition Metal Oxide Anodes for Electrochemical Energy Storage in Lithium-and Sodium-Ion Batteries</ns0:title>
		<ns0:author>
			<ns0:persName><ns0:forename type="first">S</ns0:forename><ns0:surname>Fang</ns0:surname></ns0:persName>
		</ns0:author>
		<ns0:author>
			<ns0:persName><ns0:forename type="first">D</ns0:forename><ns0:surname>Bresser</ns0:surname></ns0:persName>
		</ns0:author>
		<ns0:author>
			<ns0:persName><ns0:forename type="first">S</ns0:forename><ns0:surname>Passerini</ns0:surname></ns0:persName>
		</ns0:author>
		<ns0:idno type="DOI">10.1002/aenm.201902485</ns0:idno>
	</ns0:analytic>
	<ns0:monogr>
		<ns0:title level="j">Adv. Energy Mater</ns0:title>
		<ns0:imprint>
			<ns0:biblScope unit="volume">10</ns0:biblScope>
			<ns0:date type="published" when="2020">2020. 1902485</ns0:date>
		</ns0:imprint>
	</ns0:monogr>
</ns0:biblStruct>

<ns0:biblStruct xml:id="b5">
	<ns0:analytic>
		<ns0:title level="a" type="main">Fundamentals of TiO 2 Photocatalysis: Concepts, Mechanisms, and Challenges</ns0:title>
		<ns0:author>
			<ns0:persName><ns0:forename type="first">Q</ns0:forename><ns0:surname>Guo</ns0:surname></ns0:persName>
		</ns0:author>
		<ns0:author>
			<ns0:persName><ns0:forename type="first">C</ns0:forename><ns0:surname>Zhou</ns0:surname></ns0:persName>
		</ns0:author>
		<ns0:author>
			<ns0:persName><ns0:forename type="first">Z</ns0:forename><ns0:surname>Ma</ns0:surname></ns0:persName>
		</ns0:author>
		<ns0:author>
			<ns0:persName><ns0:forename type="first">X</ns0:forename><ns0:surname>Yang</ns0:surname></ns0:persName>
		</ns0:author>
		<ns0:idno type="DOI">10.1002/adma.201901997</ns0:idno>
	</ns0:analytic>
	<ns0:monogr>
		<ns0:title level="j">Adv. Mater</ns0:title>
		<ns0:imprint>
			<ns0:biblScope unit="volume">31</ns0:biblScope>
			<ns0:biblScope unit="page" from="11020" to="11041" />
			<ns0:date type="published" when="2019">2019</ns0:date>
		</ns0:imprint>
	</ns0:monogr>
</ns0:biblStruct>

<ns0:biblStruct xml:id="b6">
	<ns0:analytic>
		<ns0:title level="a" type="main">Tuning the relative concentration ratio of bulk defects to surface defects in TiO 2 nanocrystals leads to high photocatalytic efficiency</ns0:title>
		<ns0:author>
			<ns0:persName><ns0:forename type="first">M</ns0:forename><ns0:surname>Kong</ns0:surname></ns0:persName>
		</ns0:author>
		<ns0:author>
			<ns0:persName><ns0:forename type="first">Y</ns0:forename><ns0:surname>Li</ns0:surname></ns0:persName>
		</ns0:author>
		<ns0:author>
			<ns0:persName><ns0:forename type="first">X</ns0:forename><ns0:surname>Chen</ns0:surname></ns0:persName>
		</ns0:author>
		<ns0:author>
			<ns0:persName><ns0:forename type="first">T</ns0:forename><ns0:surname>Tian</ns0:surname></ns0:persName>
		</ns0:author>
		<ns0:author>
			<ns0:persName><ns0:forename type="first">P</ns0:forename><ns0:surname>Fang</ns0:surname></ns0:persName>
		</ns0:author>
		<ns0:author>
			<ns0:persName><ns0:forename type="first">F</ns0:forename><ns0:surname>Zheng</ns0:surname></ns0:persName>
		</ns0:author>
		<ns0:author>
			<ns0:persName><ns0:forename type="first">X</ns0:forename><ns0:surname>Zhao</ns0:surname></ns0:persName>
		</ns0:author>
		<ns0:idno type="DOI">10.1021/ja207826q</ns0:idno>
	</ns0:analytic>
	<ns0:monogr>
		<ns0:title level="j">J. Am. Chem. Soc</ns0:title>
		<ns0:imprint>
			<ns0:biblScope unit="page">133</ns0:biblScope>
			<ns0:date type="published" when="2011">2011. 16414</ns0:date>
		</ns0:imprint>
	</ns0:monogr>
</ns0:biblStruct>

<ns0:biblStruct xml:id="b7">
	<ns0:analytic>
		<ns0:title level="a" type="main">A polarity-induced defect mechanism for conductivity and magnetism at polar-nonpolar oxide interfaces</ns0:title>
		<ns0:author>
			<ns0:persName><ns0:forename type="first">L</ns0:forename><ns0:surname>Yu</ns0:surname></ns0:persName>
		</ns0:author>
		<ns0:author>
			<ns0:persName><ns0:forename type="first">A</ns0:forename><ns0:surname>Zunger</ns0:surname></ns0:persName>
		</ns0:author>
		<ns0:idno type="DOI">10.1038/ncomms6118</ns0:idno>
	</ns0:analytic>
	<ns0:monogr>
		<ns0:title level="j">Nat. Commun</ns0:title>
		<ns0:imprint>
			<ns0:biblScope unit="volume">5</ns0:biblScope>
			<ns0:biblScope unit="page">5118</ns0:biblScope>
			<ns0:date type="published" when="2014">2014</ns0:date>
		</ns0:imprint>
	</ns0:monogr>
</ns0:biblStruct>

<ns0:biblStruct xml:id="b8">
	<ns0:analytic>
		<ns0:title level="a" type="main">Single-Crystalline Ultrathin Co 3 O 4 Nanosheets with Massive Vacancy Defects for Enhanced Electrocatalysis</ns0:title>
		<ns0:author>
			<ns0:persName><ns0:forename type="first">Z</ns0:forename><ns0:surname>Cai</ns0:surname></ns0:persName>
		</ns0:author>
		<ns0:author>
			<ns0:persName><ns0:forename type="first">Y</ns0:forename><ns0:surname>Bi</ns0:surname></ns0:persName>
		</ns0:author>
		<ns0:author>
			<ns0:persName><ns0:forename type="first">E</ns0:forename><ns0:surname>Hu</ns0:surname></ns0:persName>
		</ns0:author>
		<ns0:author>
			<ns0:persName><ns0:forename type="first">W</ns0:forename><ns0:surname>Liu</ns0:surname></ns0:persName>
		</ns0:author>
		<ns0:author>
			<ns0:persName><ns0:forename type="first">N</ns0:forename><ns0:surname>Dwarica</ns0:surname></ns0:persName>
		</ns0:author>
		<ns0:author>
			<ns0:persName><ns0:forename type="first">Y</ns0:forename><ns0:surname>Tian</ns0:surname></ns0:persName>
		</ns0:author>
		<ns0:author>
			<ns0:persName><ns0:forename type="first">X</ns0:forename><ns0:surname>Li</ns0:surname></ns0:persName>
		</ns0:author>
		<ns0:author>
			<ns0:persName><ns0:forename type="first">Y</ns0:forename><ns0:surname>Kuang</ns0:surname></ns0:persName>
		</ns0:author>
		<ns0:author>
			<ns0:persName><ns0:forename type="first">Y</ns0:forename><ns0:surname>Li</ns0:surname></ns0:persName>
		</ns0:author>
		<ns0:author>
			<ns0:persName><ns0:forename type="first">X.-Q</ns0:forename><ns0:surname>Yang</ns0:surname></ns0:persName>
		</ns0:author>
		<ns0:author>
			<ns0:persName><ns0:forename type="first">H</ns0:forename><ns0:surname>Wang</ns0:surname></ns0:persName>
		</ns0:author>
		<ns0:author>
			<ns0:persName><ns0:forename type="first">X</ns0:forename><ns0:surname>Sun</ns0:surname></ns0:persName>
		</ns0:author>
		<ns0:idno type="DOI">10.1002/aenm.201701694</ns0:idno>
	</ns0:analytic>
	<ns0:monogr>
		<ns0:title level="j">Adv. Energy Mater</ns0:title>
		<ns0:imprint>
			<ns0:biblScope unit="volume">8</ns0:biblScope>
			<ns0:biblScope unit="page">1701694</ns0:biblScope>
			<ns0:date type="published" when="2018">2018</ns0:date>
		</ns0:imprint>
	</ns0:monogr>
</ns0:biblStruct>

<ns0:biblStruct xml:id="b9">
	<ns0:analytic>
		<ns0:title level="a" type="main">Atomic resolved imaging of cleaved NiO(100) surfaces by NC-AFM</ns0:title>
		<ns0:author>
			<ns0:persName><ns0:forename type="first">H</ns0:forename><ns0:surname>Hosoi</ns0:surname></ns0:persName>
		</ns0:author>
		<ns0:author>
			<ns0:persName><ns0:forename type="first">K</ns0:forename><ns0:surname>Sueoka</ns0:surname></ns0:persName>
		</ns0:author>
		<ns0:author>
			<ns0:persName><ns0:forename type="first">K</ns0:forename><ns0:surname>Hayakawa</ns0:surname></ns0:persName>
		</ns0:author>
		<ns0:author>
			<ns0:persName><ns0:forename type="first">K</ns0:forename><ns0:surname>Mukasa</ns0:surname></ns0:persName>
		</ns0:author>
		<ns0:idno type="DOI">10.1016/S0169-4332(99)00529-2</ns0:idno>
	</ns0:analytic>
	<ns0:monogr>
		<ns0:title level="j">Appl. Surf. Sci</ns0:title>
		<ns0:imprint>
			<ns0:biblScope unit="volume">157</ns0:biblScope>
			<ns0:biblScope unit="page" from="218" to="221" />
			<ns0:date type="published" when="2000">2000</ns0:date>
		</ns0:imprint>
	</ns0:monogr>
</ns0:biblStruct>

<ns0:biblStruct xml:id="b10">
	<ns0:analytic>
		<ns0:title level="a" type="main">Defects in ZnO</ns0:title>
		<ns0:author>
			<ns0:persName><ns0:forename type="first">M</ns0:forename><ns0:forename type="middle">D</ns0:forename><ns0:surname>Mccluskey</ns0:surname></ns0:persName>
		</ns0:author>
		<ns0:author>
			<ns0:persName><ns0:forename type="first">S</ns0:forename><ns0:forename type="middle">J</ns0:forename><ns0:surname>Jokela</ns0:surname></ns0:persName>
		</ns0:author>
		<ns0:idno type="DOI">10.1063/1.3216464</ns0:idno>
	</ns0:analytic>
	<ns0:monogr>
		<ns0:title level="j">J. Appl. Phys</ns0:title>
		<ns0:imprint>
			<ns0:biblScope unit="volume">106</ns0:biblScope>
			<ns0:biblScope unit="page" from="1" to="25" />
			<ns0:date type="published" when="2009">2009</ns0:date>
		</ns0:imprint>
	</ns0:monogr>
</ns0:biblStruct>

<ns0:biblStruct xml:id="b11">
	<ns0:analytic>
		<ns0:title level="a" type="main">Investigation of surface synergetic oxygen vacancy in CuO-CoO binary metal oxides supported on gamma-Al 2 O 3 for NO removal by CO</ns0:title>
		<ns0:author>
			<ns0:persName><ns0:forename type="first">Y</ns0:forename><ns0:surname>Lv</ns0:surname></ns0:persName>
		</ns0:author>
		<ns0:author>
			<ns0:persName><ns0:forename type="first">L</ns0:forename><ns0:surname>Liu</ns0:surname></ns0:persName>
		</ns0:author>
		<ns0:author>
			<ns0:persName><ns0:forename type="first">H</ns0:forename><ns0:surname>Zhang</ns0:surname></ns0:persName>
		</ns0:author>
		<ns0:author>
			<ns0:persName><ns0:forename type="first">X</ns0:forename><ns0:surname>Yao</ns0:surname></ns0:persName>
		</ns0:author>
		<ns0:author>
			<ns0:persName><ns0:forename type="first">F</ns0:forename><ns0:surname>Gao</ns0:surname></ns0:persName>
		</ns0:author>
		<ns0:author>
			<ns0:persName><ns0:forename type="first">K</ns0:forename><ns0:surname>Yao</ns0:surname></ns0:persName>
		</ns0:author>
		<ns0:author>
			<ns0:persName><ns0:forename type="first">L</ns0:forename><ns0:surname>Dong</ns0:surname></ns0:persName>
		</ns0:author>
		<ns0:author>
			<ns0:persName><ns0:forename type="first">Y</ns0:forename><ns0:surname>Chen</ns0:surname></ns0:persName>
		</ns0:author>
		<ns0:idno type="DOI">10.1016/j.jcis.2012.08.061</ns0:idno>
	</ns0:analytic>
	<ns0:monogr>
		<ns0:title level="j">J. Colloid Interface Sci</ns0:title>
		<ns0:imprint>
			<ns0:biblScope unit="volume">390</ns0:biblScope>
			<ns0:biblScope unit="page" from="158" to="169" />
			<ns0:date type="published" when="2013">2013</ns0:date>
		</ns0:imprint>
	</ns0:monogr>
</ns0:biblStruct>

<ns0:biblStruct xml:id="b12">
	<ns0:analytic>
		<ns0:title level="a" type="main">Adsorption and Photodesorption of CO from Charged Point Defects on TiO 2 (110)</ns0:title>
		<ns0:author>
			<ns0:persName><ns0:forename type="first">R</ns0:forename><ns0:surname>Mu</ns0:surname></ns0:persName>
		</ns0:author>
		<ns0:author>
			<ns0:persName><ns0:forename type="first">A</ns0:forename><ns0:surname>Dahal</ns0:surname></ns0:persName>
		</ns0:author>
		<ns0:author>
			<ns0:persName><ns0:forename type="first">Z</ns0:forename><ns0:forename type="middle">T</ns0:forename><ns0:surname>Wang</ns0:surname></ns0:persName>
		</ns0:author>
		<ns0:author>
			<ns0:persName><ns0:forename type="first">Z</ns0:forename><ns0:surname>Dohnalek</ns0:surname></ns0:persName>
		</ns0:author>
		<ns0:author>
			<ns0:persName><ns0:forename type="first">G</ns0:forename><ns0:forename type="middle">A</ns0:forename><ns0:surname>Kimmel</ns0:surname></ns0:persName>
		</ns0:author>
		<ns0:author>
			<ns0:persName><ns0:forename type="first">N</ns0:forename><ns0:forename type="middle">G</ns0:forename><ns0:surname>Petrik</ns0:surname></ns0:persName>
		</ns0:author>
		<ns0:author>
			<ns0:persName><ns0:forename type="first">I</ns0:forename><ns0:surname>Lyubinetsky</ns0:surname></ns0:persName>
		</ns0:author>
		<ns0:idno type="DOI">10.1021/acs.jpclett.7b02052</ns0:idno>
	</ns0:analytic>
	<ns0:monogr>
		<ns0:title level="j">J. Phys. Chem. Lett</ns0:title>
		<ns0:imprint>
			<ns0:biblScope unit="volume">8</ns0:biblScope>
			<ns0:biblScope unit="page" from="4565" to="4572" />
			<ns0:date type="published" when="2017">2017</ns0:date>
		</ns0:imprint>
	</ns0:monogr>
</ns0:biblStruct>

<ns0:biblStruct xml:id="b13">
	<ns0:analytic>
		<ns0:title level="a" type="main">Atomic-level insights in optimizing reaction paths for hydroformylation reaction over Rh/CoO single-atom catalyst</ns0:title>
		<ns0:author>
			<ns0:persName><ns0:forename type="first">L</ns0:forename><ns0:surname>Wang</ns0:surname></ns0:persName>
		</ns0:author>
		<ns0:author>
			<ns0:persName><ns0:forename type="first">W</ns0:forename><ns0:surname>Zhang</ns0:surname></ns0:persName>
		</ns0:author>
		<ns0:author>
			<ns0:persName><ns0:forename type="first">S</ns0:forename><ns0:surname>Wang</ns0:surname></ns0:persName>
		</ns0:author>
		<ns0:author>
			<ns0:persName><ns0:forename type="first">Z</ns0:forename><ns0:surname>Gao</ns0:surname></ns0:persName>
		</ns0:author>
		<ns0:author>
			<ns0:persName><ns0:forename type="first">Z</ns0:forename><ns0:surname>Luo</ns0:surname></ns0:persName>
		</ns0:author>
		<ns0:author>
			<ns0:persName><ns0:forename type="first">X</ns0:forename><ns0:surname>Wang</ns0:surname></ns0:persName>
		</ns0:author>
		<ns0:author>
			<ns0:persName><ns0:forename type="first">R</ns0:forename><ns0:surname>Zeng</ns0:surname></ns0:persName>
		</ns0:author>
		<ns0:author>
			<ns0:persName><ns0:forename type="first">A</ns0:forename><ns0:surname>Li</ns0:surname></ns0:persName>
		</ns0:author>
		<ns0:author>
			<ns0:persName><ns0:forename type="first">H</ns0:forename><ns0:surname>Li</ns0:surname></ns0:persName>
		</ns0:author>
		<ns0:author>
			<ns0:persName><ns0:forename type="first">M</ns0:forename><ns0:surname>Wang</ns0:surname></ns0:persName>
		</ns0:author>
		<ns0:author>
			<ns0:persName><ns0:forename type="first">X</ns0:forename><ns0:surname>Zheng</ns0:surname></ns0:persName>
		</ns0:author>
		<ns0:author>
			<ns0:persName><ns0:forename type="first">J</ns0:forename><ns0:surname>Zhu</ns0:surname></ns0:persName>
		</ns0:author>
		<ns0:author>
			<ns0:persName><ns0:forename type="first">W</ns0:forename><ns0:surname>Zhang</ns0:surname></ns0:persName>
		</ns0:author>
		<ns0:author>
			<ns0:persName><ns0:forename type="first">C</ns0:forename><ns0:surname>Ma</ns0:surname></ns0:persName>
		</ns0:author>
		<ns0:author>
			<ns0:persName><ns0:forename type="first">R</ns0:forename><ns0:surname>Si</ns0:surname></ns0:persName>
		</ns0:author>
		<ns0:author>
			<ns0:persName><ns0:forename type="first">J</ns0:forename><ns0:surname>Zeng</ns0:surname></ns0:persName>
		</ns0:author>
		<ns0:idno type="DOI">10.1038/ncomms14036</ns0:idno>
	</ns0:analytic>
	<ns0:monogr>
		<ns0:title level="j">Nat. Commun</ns0:title>
		<ns0:imprint>
			<ns0:date type="published" when="2016">2016, 7, 14036</ns0:date>
		</ns0:imprint>
	</ns0:monogr>
</ns0:biblStruct>

<ns0:biblStruct xml:id="b14">
	<ns0:analytic>
		<ns0:title level="a" type="main">Single-site catalyst promoters accelerate metal-catalyzed nitroarene hydrogenation</ns0:title>
		<ns0:author>
			<ns0:persName><ns0:forename type="first">L</ns0:forename><ns0:surname>Wang</ns0:surname></ns0:persName>
		</ns0:author>
		<ns0:author>
			<ns0:persName><ns0:forename type="first">E</ns0:forename><ns0:surname>Guan</ns0:surname></ns0:persName>
		</ns0:author>
		<ns0:author>
			<ns0:persName><ns0:forename type="first">J</ns0:forename><ns0:surname>Zhang</ns0:surname></ns0:persName>
		</ns0:author>
		<ns0:author>
			<ns0:persName><ns0:forename type="first">J</ns0:forename><ns0:surname>Yang</ns0:surname></ns0:persName>
		</ns0:author>
		<ns0:author>
			<ns0:persName><ns0:forename type="first">Y</ns0:forename><ns0:surname>Zhu</ns0:surname></ns0:persName>
		</ns0:author>
		<ns0:author>
			<ns0:persName><ns0:forename type="first">Y</ns0:forename><ns0:surname>Han</ns0:surname></ns0:persName>
		</ns0:author>
		<ns0:author>
			<ns0:persName><ns0:forename type="first">M</ns0:forename><ns0:surname>Yang</ns0:surname></ns0:persName>
		</ns0:author>
		<ns0:author>
			<ns0:persName><ns0:forename type="first">C</ns0:forename><ns0:surname>Cen</ns0:surname></ns0:persName>
		</ns0:author>
		<ns0:author>
			<ns0:persName><ns0:forename type="first">G</ns0:forename><ns0:surname>Fu</ns0:surname></ns0:persName>
		</ns0:author>
		<ns0:author>
			<ns0:persName><ns0:forename type="first">B</ns0:forename><ns0:forename type="middle">C</ns0:forename><ns0:surname>Gates</ns0:surname></ns0:persName>
		</ns0:author>
		<ns0:author>
			<ns0:persName><ns0:forename type="first">F</ns0:forename><ns0:forename type="middle">S</ns0:forename><ns0:surname>Xiao</ns0:surname></ns0:persName>
		</ns0:author>
		<ns0:idno type="DOI">10.1038/s41467-018-03810-y</ns0:idno>
	</ns0:analytic>
	<ns0:monogr>
		<ns0:title level="j">Nat. Commun</ns0:title>
		<ns0:imprint>
			<ns0:biblScope unit="volume">9</ns0:biblScope>
			<ns0:biblScope unit="page">1362</ns0:biblScope>
			<ns0:date type="published" when="2018">2018</ns0:date>
		</ns0:imprint>
	</ns0:monogr>
</ns0:biblStruct>

<ns0:biblStruct xml:id="b15">
	<ns0:analytic>
		<ns0:title level="a" type="main">Unraveling Charge State of Supported Au Single-Atoms during CO Oxidation</ns0:title>
		<ns0:author>
			<ns0:persName><ns0:forename type="first">X</ns0:forename><ns0:surname>Zhou</ns0:surname></ns0:persName>
		</ns0:author>
		<ns0:author>
			<ns0:persName><ns0:forename type="first">Q</ns0:forename><ns0:surname>Shen</ns0:surname></ns0:persName>
		</ns0:author>
		<ns0:author>
			<ns0:persName><ns0:forename type="first">K</ns0:forename><ns0:surname>Yuan</ns0:surname></ns0:persName>
		</ns0:author>
		<ns0:author>
			<ns0:persName><ns0:forename type="first">W</ns0:forename><ns0:surname>Yang</ns0:surname></ns0:persName>
		</ns0:author>
		<ns0:author>
			<ns0:persName><ns0:forename type="first">Q</ns0:forename><ns0:surname>Chen</ns0:surname></ns0:persName>
		</ns0:author>
		<ns0:author>
			<ns0:persName><ns0:forename type="first">Z</ns0:forename><ns0:surname>Geng</ns0:surname></ns0:persName>
		</ns0:author>
		<ns0:author>
			<ns0:persName><ns0:forename type="first">J</ns0:forename><ns0:surname>Zhang</ns0:surname></ns0:persName>
		</ns0:author>
		<ns0:author>
			<ns0:persName><ns0:forename type="first">X</ns0:forename><ns0:surname>Shao</ns0:surname></ns0:persName>
		</ns0:author>
		<ns0:author>
			<ns0:persName><ns0:forename type="first">W</ns0:forename><ns0:surname>Chen</ns0:surname></ns0:persName>
		</ns0:author>
		<ns0:author>
			<ns0:persName><ns0:forename type="first">G</ns0:forename><ns0:surname>Xu</ns0:surname></ns0:persName>
		</ns0:author>
		<ns0:author>
			<ns0:persName><ns0:forename type="first">X</ns0:forename><ns0:surname>Yang</ns0:surname></ns0:persName>
		</ns0:author>
		<ns0:author>
			<ns0:persName><ns0:forename type="first">K</ns0:forename><ns0:surname>Wu</ns0:surname></ns0:persName>
		</ns0:author>
		<ns0:idno type="DOI">10.1021/jacs.7b10394</ns0:idno>
	</ns0:analytic>
	<ns0:monogr>
		<ns0:title level="j">J. Am. Chem. Soc</ns0:title>
		<ns0:imprint>
			<ns0:biblScope unit="volume">140</ns0:biblScope>
			<ns0:biblScope unit="page" from="554" to="557" />
			<ns0:date type="published" when="2018">2018</ns0:date>
		</ns0:imprint>
	</ns0:monogr>
</ns0:biblStruct>

<ns0:biblStruct xml:id="b16">
	<ns0:analytic>
		<ns0:title level="a" type="main">Adsorption of bromobenzene on periodically stepped and nonstepped NiO(100)</ns0:title>
		<ns0:author>
			<ns0:persName><ns0:forename type="first">S</ns0:forename><ns0:forename type="middle">C</ns0:forename><ns0:surname>Petitto</ns0:surname></ns0:persName>
		</ns0:author>
		<ns0:author>
			<ns0:persName><ns0:forename type="first">E</ns0:forename><ns0:forename type="middle">M</ns0:forename><ns0:surname>Marsh</ns0:surname></ns0:persName>
		</ns0:author>
		<ns0:author>
			<ns0:persName><ns0:forename type="first">M</ns0:forename><ns0:forename type="middle">A</ns0:forename><ns0:surname>Langell</ns0:surname></ns0:persName>
		</ns0:author>
		<ns0:idno type="DOI">10.1021/jp053834i</ns0:idno>
	</ns0:analytic>
	<ns0:monogr>
		<ns0:title level="j">J. Phys. Chem. B</ns0:title>
		<ns0:imprint>
			<ns0:biblScope unit="volume">110</ns0:biblScope>
			<ns0:biblScope unit="page" from="1309" to="1318" />
			<ns0:date type="published" when="2006">2006</ns0:date>
		</ns0:imprint>
	</ns0:monogr>
</ns0:biblStruct>

<ns0:biblStruct xml:id="b17">
	<ns0:analytic>
		<ns0:title level="a" type="main">Effects of plasma treatment on evolution of surface step-terrace structure of critically cleaned c-plane sapphire substrates: An AFM study</ns0:title>
		<ns0:author>
			<ns0:persName><ns0:forename type="first">D</ns0:forename><ns0:surname>Zhang</ns0:surname></ns0:persName>
		</ns0:author>
		<ns0:author>
			<ns0:persName><ns0:forename type="first">Y</ns0:forename><ns0:surname>Gan</ns0:surname></ns0:persName>
		</ns0:author>
		<ns0:idno type="DOI">10.1016/j.apsusc.2013.08.038</ns0:idno>
	</ns0:analytic>
	<ns0:monogr>
		<ns0:title level="j">Appl. Surf. Sci</ns0:title>
		<ns0:imprint>
			<ns0:biblScope unit="volume">285</ns0:biblScope>
			<ns0:biblScope unit="page" from="211" to="214" />
			<ns0:date type="published" when="2013">2013</ns0:date>
		</ns0:imprint>
	</ns0:monogr>
</ns0:biblStruct>

<ns0:biblStruct xml:id="b18">
	<ns0:analytic>
		<ns0:title level="a" type="main">Novel mesoscale defect structure on NiO(100) surfaces by atomic force microscopy</ns0:title>
		<ns0:author>
			<ns0:persName><ns0:forename type="first">S</ns0:forename><ns0:forename type="middle">C</ns0:forename><ns0:surname>Petitto</ns0:surname></ns0:persName>
		</ns0:author>
		<ns0:author>
			<ns0:persName><ns0:forename type="first">C</ns0:forename><ns0:forename type="middle">L</ns0:forename><ns0:surname>Berrie</ns0:surname></ns0:persName>
		</ns0:author>
		<ns0:author>
			<ns0:persName><ns0:forename type="first">M</ns0:forename><ns0:forename type="middle">A</ns0:forename><ns0:surname>Langell</ns0:surname></ns0:persName>
		</ns0:author>
		<ns0:idno type="DOI">10.1016/j.susc.2006.06.005</ns0:idno>
	</ns0:analytic>
	<ns0:monogr>
		<ns0:title level="j">Surf. Sci</ns0:title>
		<ns0:imprint>
			<ns0:biblScope unit="volume">600</ns0:biblScope>
			<ns0:biblScope unit="page" from="229" to="235" />
			<ns0:date type="published" when="2006">2006</ns0:date>
		</ns0:imprint>
	</ns0:monogr>
</ns0:biblStruct>

<ns0:biblStruct xml:id="b19">
	<ns0:analytic>
		<ns0:title level="a" type="main">Corrosion behavior of alumina ceramics in aqueous HCl and H 2 SO 4 solutions</ns0:title>
		<ns0:author>
			<ns0:persName><ns0:forename type="first">L</ns0:forename><ns0:surname>Jelac&#462;</ns0:surname></ns0:persName>
		</ns0:author>
		<ns0:author>
			<ns0:persName><ns0:forename type="first">M</ns0:forename><ns0:forename type="middle">F</ns0:forename><ns0:surname>Kurajica</ns0:surname></ns0:persName>
		</ns0:author>
		<ns0:author>
			<ns0:persName><ns0:forename type="first">S</ns0:forename></ns0:persName>
		</ns0:author>
		<ns0:idno type="DOI">10.1016/j.corsci.2007.10.008</ns0:idno>
	</ns0:analytic>
	<ns0:monogr>
		<ns0:title level="j">Corros. Sci</ns0:title>
		<ns0:imprint>
			<ns0:biblScope unit="volume">50</ns0:biblScope>
			<ns0:biblScope unit="page" from="872" to="878" />
			<ns0:date type="published" when="2008">2008</ns0:date>
		</ns0:imprint>
	</ns0:monogr>
</ns0:biblStruct>

<ns0:biblStruct xml:id="b20">
	<ns0:analytic>
		<ns0:title level="a" type="main">The defect structure of nickel oxide surfaces as revealed by photoelectron spectroscopy</ns0:title>
		<ns0:author>
			<ns0:persName><ns0:forename type="first">M</ns0:forename><ns0:forename type="middle">W</ns0:forename><ns0:surname>Roberts</ns0:surname></ns0:persName>
		</ns0:author>
		<ns0:author>
			<ns0:persName><ns0:forename type="first">R</ns0:forename><ns0:forename type="middle">S C</ns0:forename><ns0:surname>Smart</ns0:surname></ns0:persName>
		</ns0:author>
		<ns0:idno type="DOI">10.1039/f19848002957</ns0:idno>
	</ns0:analytic>
	<ns0:monogr>
		<ns0:title level="j">J. Chem. Soc., Faraday Trans. 1</ns0:title>
		<ns0:imprint>
			<ns0:biblScope unit="volume">80</ns0:biblScope>
			<ns0:biblScope unit="page" from="2957" to="2968" />
			<ns0:date type="published" when="1984">1984</ns0:date>
		</ns0:imprint>
	</ns0:monogr>
</ns0:biblStruct>

<ns0:biblStruct xml:id="b21">
	<ns0:analytic>
		<ns0:title level="a" type="main">Annealing-induced microfaceting of the CoO(100) surface investigated by LEED and STM</ns0:title>
		<ns0:author>
			<ns0:persName><ns0:forename type="first">S</ns0:forename><ns0:surname>Weichel</ns0:surname></ns0:persName>
		</ns0:author>
		<ns0:author>
			<ns0:persName><ns0:forename type="first">P</ns0:forename><ns0:forename type="middle">J</ns0:forename><ns0:surname>Moller</ns0:surname></ns0:persName>
		</ns0:author>
		<ns0:idno type="DOI">10.1016/S0039-6028(97)00820-0</ns0:idno>
	</ns0:analytic>
	<ns0:monogr>
		<ns0:title level="j">Surf. Sci</ns0:title>
		<ns0:imprint>
			<ns0:biblScope unit="volume">399</ns0:biblScope>
			<ns0:biblScope unit="page" from="219" to="224" />
			<ns0:date type="published" when="1998">1998</ns0:date>
		</ns0:imprint>
	</ns0:monogr>
</ns0:biblStruct>

<ns0:biblStruct xml:id="b22">
	<ns0:analytic>
		<ns0:title level="a" type="main">Patterning a surface on the nanometric scale by ion sputtering</ns0:title>
		<ns0:author>
			<ns0:persName><ns0:forename type="first">S</ns0:forename><ns0:surname>Rusponi</ns0:surname></ns0:persName>
		</ns0:author>
		<ns0:author>
			<ns0:persName><ns0:forename type="first">G</ns0:forename><ns0:surname>Costantini</ns0:surname></ns0:persName>
		</ns0:author>
		<ns0:author>
			<ns0:persName><ns0:forename type="first">F</ns0:forename><ns0:forename type="middle">B</ns0:forename><ns0:surname>De Mongeot</ns0:surname></ns0:persName>
		</ns0:author>
		<ns0:author>
			<ns0:persName><ns0:forename type="first">C</ns0:forename><ns0:surname>Boragno</ns0:surname></ns0:persName>
		</ns0:author>
		<ns0:author>
			<ns0:persName><ns0:forename type="first">U</ns0:forename><ns0:surname>Valbusa</ns0:surname></ns0:persName>
		</ns0:author>
		<ns0:idno type="DOI">10.1063/1.125337</ns0:idno>
	</ns0:analytic>
	<ns0:monogr>
		<ns0:title level="j">Appl. Phys. Lett</ns0:title>
		<ns0:imprint>
			<ns0:biblScope unit="volume">75</ns0:biblScope>
			<ns0:biblScope unit="page" from="3318" to="3320" />
			<ns0:date type="published" when="1999">1999</ns0:date>
		</ns0:imprint>
	</ns0:monogr>
</ns0:biblStruct>

<ns0:biblStruct xml:id="b23">
	<ns0:analytic>
		<ns0:title level="a" type="main">Making waves: Kinetic processes controlling surface evolution during low energy ion sputtering</ns0:title>
		<ns0:author>
			<ns0:persName><ns0:forename type="first">W</ns0:forename><ns0:forename type="middle">L</ns0:forename><ns0:surname>Chan</ns0:surname></ns0:persName>
		</ns0:author>
		<ns0:author>
			<ns0:persName><ns0:forename type="first">E</ns0:forename><ns0:surname>Chason</ns0:surname></ns0:persName>
		</ns0:author>
		<ns0:idno type="DOI">10.1063/1.2749198</ns0:idno>
	</ns0:analytic>
	<ns0:monogr>
		<ns0:title level="j">J. Appl. Phys</ns0:title>
		<ns0:imprint>
			<ns0:biblScope unit="volume">101</ns0:biblScope>
			<ns0:biblScope unit="page">121301</ns0:biblScope>
			<ns0:date type="published" when="2007">2007</ns0:date>
		</ns0:imprint>
	</ns0:monogr>
</ns0:biblStruct>

<ns0:biblStruct xml:id="b24">
	<ns0:analytic>
		<ns0:title level="a" type="main">Structural analysis of FeO(111)/Ag(001): undulation of hexagonal oxide monolayers due to square lattice metal substrates</ns0:title>
		<ns0:author>
			<ns0:persName><ns0:forename type="first">D</ns0:forename><ns0:surname>Bruns</ns0:surname></ns0:persName>
		</ns0:author>
		<ns0:author>
			<ns0:persName><ns0:forename type="first">I</ns0:forename><ns0:surname>Kiesel</ns0:surname></ns0:persName>
		</ns0:author>
		<ns0:author>
			<ns0:persName><ns0:forename type="first">S</ns0:forename><ns0:surname>Jentsch</ns0:surname></ns0:persName>
		</ns0:author>
		<ns0:author>
			<ns0:persName><ns0:forename type="first">S</ns0:forename><ns0:surname>Lindemann</ns0:surname></ns0:persName>
		</ns0:author>
		<ns0:author>
			<ns0:persName><ns0:forename type="first">C</ns0:forename><ns0:surname>Otte</ns0:surname></ns0:persName>
		</ns0:author>
		<ns0:author>
			<ns0:persName><ns0:forename type="first">T</ns0:forename><ns0:surname>Schemme</ns0:surname></ns0:persName>
		</ns0:author>
		<ns0:author>
			<ns0:persName><ns0:forename type="first">T</ns0:forename><ns0:surname>Kuschel</ns0:surname></ns0:persName>
		</ns0:author>
		<ns0:author>
			<ns0:persName><ns0:forename type="first">J</ns0:forename><ns0:surname>Wollschlager</ns0:surname></ns0:persName>
		</ns0:author>
		<ns0:idno type="DOI">10.1088/0953-8984/26/31/315001</ns0:idno>
	</ns0:analytic>
	<ns0:monogr>
		<ns0:title level="j">J. Phys.: Condens. Matter</ns0:title>
		<ns0:imprint>
			<ns0:biblScope unit="volume">26</ns0:biblScope>
			<ns0:biblScope unit="page">315001</ns0:biblScope>
			<ns0:date type="published" when="2014">2014</ns0:date>
		</ns0:imprint>
	</ns0:monogr>
</ns0:biblStruct>

<ns0:biblStruct xml:id="b25">
	<ns0:analytic>
		<ns0:title level="a" type="main">) CoO(100)-like monolayer on Pd(100): Experiment and theory</ns0:title>
		<ns0:author>
			<ns0:persName><ns0:forename type="first">F</ns0:forename><ns0:surname>Allegretti</ns0:surname></ns0:persName>
		</ns0:author>
		<ns0:author>
			<ns0:persName><ns0:forename type="first">G</ns0:forename><ns0:surname>Parteder</ns0:surname></ns0:persName>
		</ns0:author>
		<ns0:author>
			<ns0:persName><ns0:forename type="first">L</ns0:forename><ns0:surname>Gragnaniello</ns0:surname></ns0:persName>
		</ns0:author>
		<ns0:author>
			<ns0:persName><ns0:forename type="first">S</ns0:forename><ns0:surname>Surnev</ns0:surname></ns0:persName>
		</ns0:author>
		<ns0:author>
			<ns0:persName><ns0:forename type="first">F</ns0:forename><ns0:forename type="middle">P</ns0:forename><ns0:surname>Netzer</ns0:surname></ns0:persName>
		</ns0:author>
		<ns0:author>
			<ns0:persName><ns0:forename type="first">A</ns0:forename><ns0:surname>Barolo</ns0:surname></ns0:persName>
		</ns0:author>
		<ns0:author>
			<ns0:persName><ns0:forename type="first">S</ns0:forename><ns0:surname>Agnoli</ns0:surname></ns0:persName>
		</ns0:author>
		<ns0:author>
			<ns0:persName><ns0:forename type="first">G</ns0:forename><ns0:surname>Granozzi</ns0:surname></ns0:persName>
		</ns0:author>
		<ns0:author>
			<ns0:persName><ns0:forename type="first">C</ns0:forename><ns0:surname>Franchini</ns0:surname></ns0:persName>
		</ns0:author>
		<ns0:author>
			<ns0:persName><ns0:forename type="first">R</ns0:forename><ns0:surname>Podloucky</ns0:surname></ns0:persName>
		</ns0:author>
		<ns0:author>
			<ns0:persName><ns0:surname>Strained</ns0:surname></ns0:persName>
		</ns0:author>
		<ns0:idno type="DOI">10.1016/j.susc.2009.12.018</ns0:idno>
	</ns0:analytic>
	<ns0:monogr>
		<ns0:title level="j">Surf. Sci</ns0:title>
		<ns0:imprint>
			<ns0:biblScope unit="volume">604</ns0:biblScope>
			<ns0:biblScope unit="issue">4 &#215; 2</ns0:biblScope>
			<ns0:biblScope unit="page" from="529" to="534" />
			<ns0:date type="published" when="2010">2010</ns0:date>
		</ns0:imprint>
	</ns0:monogr>
</ns0:biblStruct>

<ns0:biblStruct xml:id="b26">
	<ns0:analytic>
		<ns0:title level="a" type="main">) phase on Pd(100)</ns0:title>
		<ns0:author>
			<ns0:persName><ns0:forename type="first">L</ns0:forename><ns0:surname>Gragnaniello</ns0:surname></ns0:persName>
		</ns0:author>
		<ns0:author>
			<ns0:persName><ns0:forename type="first">G</ns0:forename><ns0:surname>Barcaro</ns0:surname></ns0:persName>
		</ns0:author>
		<ns0:author>
			<ns0:persName><ns0:forename type="first">L</ns0:forename><ns0:surname>Sementa</ns0:surname></ns0:persName>
		</ns0:author>
		<ns0:author>
			<ns0:persName><ns0:forename type="first">F</ns0:forename><ns0:surname>Allegretti</ns0:surname></ns0:persName>
		</ns0:author>
		<ns0:author>
			<ns0:persName><ns0:forename type="first">G</ns0:forename><ns0:surname>Parteder</ns0:surname></ns0:persName>
		</ns0:author>
		<ns0:author>
			<ns0:persName><ns0:forename type="first">S</ns0:forename><ns0:surname>Surnev</ns0:surname></ns0:persName>
		</ns0:author>
		<ns0:author>
			<ns0:persName><ns0:forename type="first">W</ns0:forename><ns0:surname>Steurer</ns0:surname></ns0:persName>
		</ns0:author>
		<ns0:author>
			<ns0:persName><ns0:forename type="first">A</ns0:forename><ns0:surname>Fortunelli</ns0:surname></ns0:persName>
		</ns0:author>
		<ns0:author>
			<ns0:persName><ns0:forename type="first">F</ns0:forename><ns0:forename type="middle">P</ns0:forename><ns0:surname>Netzer</ns0:surname></ns0:persName>
		</ns0:author>
		<ns0:idno type="DOI">10.1063/1.3578187</ns0:idno>
	</ns0:analytic>
	<ns0:monogr>
		<ns0:title level="m">The two-dimensional cobalt oxide</ns0:title>
		<ns0:imprint>
			<ns0:date type="published" when="2011">2011. 184706</ns0:date>
			<ns0:biblScope unit="volume">134</ns0:biblScope>
		</ns0:imprint>
	</ns0:monogr>
</ns0:biblStruct>

<ns0:biblStruct xml:id="b27">
	<ns0:analytic>
		<ns0:title level="a" type="main">Epitaxial cobalt oxide films on Ir(100)-the importance of crystallographic analyses</ns0:title>
		<ns0:author>
			<ns0:persName><ns0:forename type="first">K</ns0:forename><ns0:surname>Heinz</ns0:surname></ns0:persName>
		</ns0:author>
		<ns0:author>
			<ns0:persName><ns0:forename type="first">L</ns0:forename><ns0:surname>Hammer</ns0:surname></ns0:persName>
		</ns0:author>
		<ns0:idno type="DOI">10.1088/0953-8984/25/17/173001</ns0:idno>
	</ns0:analytic>
	<ns0:monogr>
		<ns0:title level="j">J. Phys.: Condens. Matter</ns0:title>
		<ns0:imprint>
			<ns0:biblScope unit="volume">25</ns0:biblScope>
			<ns0:date type="published" when="2013">2013. 173001</ns0:date>
		</ns0:imprint>
	</ns0:monogr>
</ns0:biblStruct>

<ns0:biblStruct xml:id="b28">
	<ns0:analytic>
		<ns0:title level="a" type="main">Selforganized chromium oxide monolayers on Fe(001)</ns0:title>
		<ns0:author>
			<ns0:persName><ns0:forename type="first">A</ns0:forename><ns0:surname>Picone</ns0:surname></ns0:persName>
		</ns0:author>
		<ns0:author>
			<ns0:persName><ns0:forename type="first">G</ns0:forename><ns0:surname>Fratesi</ns0:surname></ns0:persName>
		</ns0:author>
		<ns0:author>
			<ns0:persName><ns0:forename type="first">M</ns0:forename><ns0:surname>Riva</ns0:surname></ns0:persName>
		</ns0:author>
		<ns0:author>
			<ns0:persName><ns0:forename type="first">G</ns0:forename><ns0:surname>Bussetti</ns0:surname></ns0:persName>
		</ns0:author>
		<ns0:author>
			<ns0:persName><ns0:forename type="first">A</ns0:forename><ns0:surname>Calloni</ns0:surname></ns0:persName>
		</ns0:author>
		<ns0:author>
			<ns0:persName><ns0:forename type="first">A</ns0:forename><ns0:surname>Brambilla</ns0:surname></ns0:persName>
		</ns0:author>
		<ns0:author>
			<ns0:persName><ns0:forename type="first">M</ns0:forename><ns0:forename type="middle">I</ns0:forename><ns0:surname>Trioni</ns0:surname></ns0:persName>
		</ns0:author>
		<ns0:author>
			<ns0:persName><ns0:forename type="first">L</ns0:forename><ns0:surname>Duo</ns0:surname></ns0:persName>
		</ns0:author>
		<ns0:author>
			<ns0:persName><ns0:forename type="first">F</ns0:forename><ns0:surname>Ciccacci</ns0:surname></ns0:persName>
		</ns0:author>
		<ns0:author>
			<ns0:persName><ns0:forename type="first">M</ns0:forename><ns0:surname>Finazzi</ns0:surname></ns0:persName>
		</ns0:author>
		<ns0:idno type="DOI">10.1103/PhysRevB.87.085403</ns0:idno>
	</ns0:analytic>
	<ns0:monogr>
		<ns0:title level="j">Phys. Rev. B: Condens. Matter Mater. Phys</ns0:title>
		<ns0:imprint>
			<ns0:biblScope unit="volume">87</ns0:biblScope>
			<ns0:biblScope unit="issue">085403</ns0:biblScope>
			<ns0:date type="published" when="2013">2013</ns0:date>
		</ns0:imprint>
	</ns0:monogr>
</ns0:biblStruct>

<ns0:biblStruct xml:id="b29">
	<ns0:analytic>
		<ns0:author>
			<ns0:persName><ns0:forename type="first">L</ns0:forename><ns0:surname>Liao</ns0:surname></ns0:persName>
			<ns0:affiliation>
				<ns0:orgName type="collaboration">XXX-XXX E a nanocrystalline CoO photocatalyst</ns0:orgName>
			</ns0:affiliation>
		</ns0:author>
		<ns0:author>
			<ns0:persName><ns0:forename type="first">Q</ns0:forename><ns0:surname>Zhang</ns0:surname></ns0:persName>
			<ns0:affiliation>
				<ns0:orgName type="collaboration">XXX-XXX E a nanocrystalline CoO photocatalyst</ns0:orgName>
			</ns0:affiliation>
		</ns0:author>
		<ns0:author>
			<ns0:persName><ns0:forename type="first">Z</ns0:forename><ns0:surname>Su</ns0:surname></ns0:persName>
			<ns0:affiliation>
				<ns0:orgName type="collaboration">XXX-XXX E a nanocrystalline CoO photocatalyst</ns0:orgName>
			</ns0:affiliation>
		</ns0:author>
		<ns0:author>
			<ns0:persName><ns0:forename type="first">Z</ns0:forename><ns0:surname>Zhao</ns0:surname></ns0:persName>
			<ns0:affiliation>
				<ns0:orgName type="collaboration">XXX-XXX E a nanocrystalline CoO photocatalyst</ns0:orgName>
			</ns0:affiliation>
		</ns0:author>
		<ns0:author>
			<ns0:persName><ns0:forename type="first">Y</ns0:forename><ns0:surname>Wang</ns0:surname></ns0:persName>
			<ns0:affiliation>
				<ns0:orgName type="collaboration">XXX-XXX E a nanocrystalline CoO photocatalyst</ns0:orgName>
			</ns0:affiliation>
		</ns0:author>
		<ns0:author>
			<ns0:persName><ns0:forename type="first">Y</ns0:forename><ns0:surname>Li</ns0:surname></ns0:persName>
			<ns0:affiliation>
				<ns0:orgName type="collaboration">XXX-XXX E a nanocrystalline CoO photocatalyst</ns0:orgName>
			</ns0:affiliation>
		</ns0:author>
		<ns0:author>
			<ns0:persName><ns0:forename type="first">X</ns0:forename><ns0:surname>Lu</ns0:surname></ns0:persName>
			<ns0:affiliation>
				<ns0:orgName type="collaboration">XXX-XXX E a nanocrystalline CoO photocatalyst</ns0:orgName>
			</ns0:affiliation>
		</ns0:author>
		<ns0:author>
			<ns0:persName><ns0:forename type="first">D</ns0:forename><ns0:surname>Wei</ns0:surname></ns0:persName>
			<ns0:affiliation>
				<ns0:orgName type="collaboration">XXX-XXX E a nanocrystalline CoO photocatalyst</ns0:orgName>
			</ns0:affiliation>
		</ns0:author>
		<ns0:author>
			<ns0:persName><ns0:forename type="first">G</ns0:forename><ns0:surname>Feng</ns0:surname></ns0:persName>
			<ns0:affiliation>
				<ns0:orgName type="collaboration">XXX-XXX E a nanocrystalline CoO photocatalyst</ns0:orgName>
			</ns0:affiliation>
		</ns0:author>
		<ns0:author>
			<ns0:persName><ns0:forename type="first">Q</ns0:forename><ns0:surname>Yu</ns0:surname></ns0:persName>
			<ns0:affiliation>
				<ns0:orgName type="collaboration">XXX-XXX E a nanocrystalline CoO photocatalyst</ns0:orgName>
			</ns0:affiliation>
		</ns0:author>
		<ns0:author>
			<ns0:persName><ns0:forename type="first">X</ns0:forename><ns0:surname>Cai</ns0:surname></ns0:persName>
			<ns0:affiliation>
				<ns0:orgName type="collaboration">XXX-XXX E a nanocrystalline CoO photocatalyst</ns0:orgName>
			</ns0:affiliation>
		</ns0:author>
		<ns0:author>
			<ns0:persName><ns0:forename type="first">J</ns0:forename><ns0:surname>Zhao</ns0:surname></ns0:persName>
			<ns0:affiliation>
				<ns0:orgName type="collaboration">XXX-XXX E a nanocrystalline CoO photocatalyst</ns0:orgName>
			</ns0:affiliation>
		</ns0:author>
		<ns0:author>
			<ns0:persName><ns0:forename type="first">Z</ns0:forename><ns0:surname>Ren</ns0:surname></ns0:persName>
			<ns0:affiliation>
				<ns0:orgName type="collaboration">XXX-XXX E a nanocrystalline CoO photocatalyst</ns0:orgName>
			</ns0:affiliation>
		</ns0:author>
		<ns0:author>
			<ns0:persName><ns0:forename type="first">H</ns0:forename><ns0:surname>Fang</ns0:surname></ns0:persName>
			<ns0:affiliation>
				<ns0:orgName type="collaboration">XXX-XXX E a nanocrystalline CoO photocatalyst</ns0:orgName>
			</ns0:affiliation>
		</ns0:author>
		<ns0:author>
			<ns0:persName><ns0:forename type="first">F</ns0:forename><ns0:surname>Robles-Hernandez</ns0:surname></ns0:persName>
			<ns0:affiliation>
				<ns0:orgName type="collaboration">XXX-XXX E a nanocrystalline CoO photocatalyst</ns0:orgName>
			</ns0:affiliation>
		</ns0:author>
		<ns0:author>
			<ns0:persName><ns0:forename type="first">S</ns0:forename><ns0:surname>Baldelli</ns0:surname></ns0:persName>
			<ns0:affiliation>
				<ns0:orgName type="collaboration">XXX-XXX E a nanocrystalline CoO photocatalyst</ns0:orgName>
			</ns0:affiliation>
		</ns0:author>
		<ns0:author>
			<ns0:persName><ns0:forename type="first">J</ns0:forename><ns0:surname>Bao</ns0:surname></ns0:persName>
			<ns0:affiliation>
				<ns0:orgName type="collaboration">XXX-XXX E a nanocrystalline CoO photocatalyst</ns0:orgName>
			</ns0:affiliation>
		</ns0:author>
		<ns0:idno type="DOI">10.1038/nnano.2013.272</ns0:idno>
		<ns0:ptr target="https://dx.doi.org/10.1021/acs.cgd.0c00170Cryst" />
	</ns0:analytic>
	<ns0:monogr>
		<ns0:title level="m">Efficient solar water-splitting using</ns0:title>
		<ns0:imprint>
			<ns0:date type="published" when="2014">2014</ns0:date>
			<ns0:biblScope unit="volume">XXX</ns0:biblScope>
			<ns0:biblScope unit="page" from="69" to="73" />
		</ns0:imprint>
	</ns0:monogr>
	<ns0:note>Nat. Nanotechnol</ns0:note>
</ns0:biblStruct>

<ns0:biblStruct xml:id="b30">
	<ns0:analytic>
		<ns0:title level="a" type="main">CoO and g-C 3 N 4 complement each other for highly efficient overall water splitting under visible light</ns0:title>
		<ns0:author>
			<ns0:persName><ns0:forename type="first">F</ns0:forename><ns0:surname>Guo</ns0:surname></ns0:persName>
		</ns0:author>
		<ns0:author>
			<ns0:persName><ns0:forename type="first">W</ns0:forename><ns0:surname>Shi</ns0:surname></ns0:persName>
		</ns0:author>
		<ns0:author>
			<ns0:persName><ns0:forename type="first">C</ns0:forename><ns0:surname>Zhu</ns0:surname></ns0:persName>
		</ns0:author>
		<ns0:author>
			<ns0:persName><ns0:forename type="first">H</ns0:forename><ns0:surname>Li</ns0:surname></ns0:persName>
		</ns0:author>
		<ns0:author>
			<ns0:persName><ns0:forename type="first">Z</ns0:forename><ns0:surname>Kang</ns0:surname></ns0:persName>
		</ns0:author>
		<ns0:idno type="DOI">10.1016/j.apcatb.2017.12.064</ns0:idno>
	</ns0:analytic>
	<ns0:monogr>
		<ns0:title level="j">Appl. Catal., B</ns0:title>
		<ns0:imprint>
			<ns0:biblScope unit="volume">226</ns0:biblScope>
			<ns0:biblScope unit="page" from="412" to="420" />
			<ns0:date type="published" when="2018">2018</ns0:date>
		</ns0:imprint>
	</ns0:monogr>
</ns0:biblStruct>

<ns0:biblStruct xml:id="b31">
	<ns0:analytic>
		<ns0:title level="a" type="main">Amorphization of cobalt monoxide nanocrystals and related explosive gas sensing applications</ns0:title>
		<ns0:author>
			<ns0:persName><ns0:forename type="first">L</ns0:forename><ns0:forename type="middle">H</ns0:forename><ns0:surname>Li</ns0:surname></ns0:persName>
		</ns0:author>
		<ns0:author>
			<ns0:persName><ns0:forename type="first">J</ns0:forename><ns0:surname>Xiao</ns0:surname></ns0:persName>
		</ns0:author>
		<ns0:author>
			<ns0:persName><ns0:forename type="first">G</ns0:forename><ns0:forename type="middle">W</ns0:forename><ns0:surname>Yang</ns0:surname></ns0:persName>
		</ns0:author>
		<ns0:idno type="DOI">10.1088/0957-4484/26/41/415501</ns0:idno>
	</ns0:analytic>
	<ns0:monogr>
		<ns0:title level="j">Nanotechnology</ns0:title>
		<ns0:imprint>
			<ns0:biblScope unit="volume">26</ns0:biblScope>
			<ns0:biblScope unit="page">415501</ns0:biblScope>
			<ns0:date type="published" when="2015">2015</ns0:date>
		</ns0:imprint>
	</ns0:monogr>
</ns0:biblStruct>

<ns0:biblStruct xml:id="b32">
	<ns0:analytic>
		<ns0:title level="a" type="main">Hydrothermal synthesis of hierarchical CoO/SnO 2 nanostructures for ethanol gas sensor</ns0:title>
		<ns0:author>
			<ns0:persName><ns0:forename type="first">Q</ns0:forename><ns0:surname>Wang</ns0:surname></ns0:persName>
		</ns0:author>
		<ns0:author>
			<ns0:persName><ns0:forename type="first">X</ns0:forename><ns0:surname>Kou</ns0:surname></ns0:persName>
		</ns0:author>
		<ns0:author>
			<ns0:persName><ns0:forename type="first">C</ns0:forename><ns0:surname>Liu</ns0:surname></ns0:persName>
		</ns0:author>
		<ns0:author>
			<ns0:persName><ns0:forename type="first">L</ns0:forename><ns0:surname>Zhao</ns0:surname></ns0:persName>
		</ns0:author>
		<ns0:author>
			<ns0:persName><ns0:forename type="first">T</ns0:forename><ns0:surname>Lin</ns0:surname></ns0:persName>
		</ns0:author>
		<ns0:author>
			<ns0:persName><ns0:forename type="first">F</ns0:forename><ns0:surname>Liu</ns0:surname></ns0:persName>
		</ns0:author>
		<ns0:author>
			<ns0:persName><ns0:forename type="first">X</ns0:forename><ns0:surname>Yang</ns0:surname></ns0:persName>
		</ns0:author>
		<ns0:author>
			<ns0:persName><ns0:forename type="first">J</ns0:forename><ns0:surname>Lin</ns0:surname></ns0:persName>
		</ns0:author>
		<ns0:author>
			<ns0:persName><ns0:forename type="first">G</ns0:forename><ns0:surname>Lu</ns0:surname></ns0:persName>
		</ns0:author>
		<ns0:idno type="DOI">10.1016/j.jcis.2017.11.073</ns0:idno>
	</ns0:analytic>
	<ns0:monogr>
		<ns0:title level="j">J. Colloid Interface Sci</ns0:title>
		<ns0:imprint>
			<ns0:biblScope unit="volume">513</ns0:biblScope>
			<ns0:biblScope unit="page" from="760" to="766" />
			<ns0:date type="published" when="2018">2018</ns0:date>
		</ns0:imprint>
	</ns0:monogr>
</ns0:biblStruct>

<ns0:biblStruct xml:id="b33">
	<ns0:analytic>
		<ns0:title level="a" type="main">Binder-free carbon-coated nanocotton transition metal oxides integrated anodes by laser surface ablation for lithium-ion batteries</ns0:title>
		<ns0:author>
			<ns0:persName><ns0:forename type="first">P</ns0:forename><ns0:surname>Liang</ns0:surname></ns0:persName>
		</ns0:author>
		<ns0:author>
			<ns0:persName><ns0:forename type="first">H</ns0:forename><ns0:surname>Zhang</ns0:surname></ns0:persName>
		</ns0:author>
		<ns0:author>
			<ns0:persName><ns0:forename type="first">B</ns0:forename><ns0:surname>Pan</ns0:surname></ns0:persName>
		</ns0:author>
		<ns0:author>
			<ns0:persName><ns0:forename type="first">Y</ns0:forename><ns0:surname>Su</ns0:surname></ns0:persName>
		</ns0:author>
		<ns0:author>
			<ns0:persName><ns0:forename type="first">C.-A</ns0:forename><ns0:surname>Wang</ns0:surname></ns0:persName>
		</ns0:author>
		<ns0:author>
			<ns0:persName><ns0:forename type="first">M</ns0:forename><ns0:surname>Zhong</ns0:surname></ns0:persName>
		</ns0:author>
		<ns0:idno type="DOI">10.1002/sia.6661</ns0:idno>
	</ns0:analytic>
	<ns0:monogr>
		<ns0:title level="j">Surf. Interface Anal</ns0:title>
		<ns0:imprint>
			<ns0:biblScope unit="volume">51</ns0:biblScope>
			<ns0:biblScope unit="page" from="874" to="881" />
			<ns0:date type="published" when="2019">2019</ns0:date>
		</ns0:imprint>
	</ns0:monogr>
</ns0:biblStruct>

<ns0:biblStruct xml:id="b34">
	<ns0:analytic>
		<ns0:title level="a" type="main">Hierarchical N-doped graphene coated 1D cobalt oxide microrods for robust and fast lithium storage at elevated temperature</ns0:title>
		<ns0:author>
			<ns0:persName><ns0:forename type="first">N</ns0:forename><ns0:surname>Wu</ns0:surname></ns0:persName>
		</ns0:author>
		<ns0:author>
			<ns0:persName><ns0:forename type="first">J</ns0:forename><ns0:surname>Shen</ns0:surname></ns0:persName>
		</ns0:author>
		<ns0:author>
			<ns0:persName><ns0:forename type="first">L</ns0:forename><ns0:surname>Sun</ns0:surname></ns0:persName>
		</ns0:author>
		<ns0:author>
			<ns0:persName><ns0:forename type="first">M</ns0:forename><ns0:surname>Yuan</ns0:surname></ns0:persName>
		</ns0:author>
		<ns0:author>
			<ns0:persName><ns0:forename type="first">Y</ns0:forename><ns0:surname>Shao</ns0:surname></ns0:persName>
		</ns0:author>
		<ns0:author>
			<ns0:persName><ns0:forename type="first">J</ns0:forename><ns0:surname>Ma</ns0:surname></ns0:persName>
		</ns0:author>
		<ns0:author>
			<ns0:persName><ns0:forename type="first">G</ns0:forename><ns0:surname>Liu</ns0:surname></ns0:persName>
		</ns0:author>
		<ns0:author>
			<ns0:persName><ns0:forename type="first">D</ns0:forename><ns0:surname>Guo</ns0:surname></ns0:persName>
		</ns0:author>
		<ns0:author>
			<ns0:persName><ns0:forename type="first">X</ns0:forename><ns0:surname>Liu</ns0:surname></ns0:persName>
		</ns0:author>
		<ns0:author>
			<ns0:persName><ns0:forename type="first">Y.-B</ns0:forename><ns0:surname>He</ns0:surname></ns0:persName>
		</ns0:author>
		<ns0:idno type="DOI">10.1016/j.electacta.2019.04.115</ns0:idno>
	</ns0:analytic>
	<ns0:monogr>
		<ns0:title level="j">Electrochim. Acta</ns0:title>
		<ns0:imprint>
			<ns0:biblScope unit="volume">310</ns0:biblScope>
			<ns0:biblScope unit="page" from="70" to="77" />
			<ns0:date type="published" when="2019">2019</ns0:date>
		</ns0:imprint>
	</ns0:monogr>
</ns0:biblStruct>

<ns0:biblStruct xml:id="b35">
	<ns0:analytic>
		<ns0:title level="a" type="main">UHV-FTIRS studies on molecular competitive adsorption: 12 CO, 13 CO and CO 2 on reduced TiO 2 (110) surfaces</ns0:title>
		<ns0:author>
			<ns0:persName><ns0:forename type="first">M</ns0:forename><ns0:surname>Xu</ns0:surname></ns0:persName>
		</ns0:author>
		<ns0:author>
			<ns0:persName><ns0:forename type="first">Y</ns0:forename><ns0:surname>Cao</ns0:surname></ns0:persName>
		</ns0:author>
		<ns0:author>
			<ns0:persName><ns0:forename type="first">R</ns0:forename><ns0:surname>Xu</ns0:surname></ns0:persName>
		</ns0:author>
		<ns0:author>
			<ns0:persName><ns0:forename type="first">S</ns0:forename><ns0:surname>Hu</ns0:surname></ns0:persName>
		</ns0:author>
		<ns0:author>
			<ns0:persName><ns0:forename type="first">S</ns0:forename><ns0:surname>Yan</ns0:surname></ns0:persName>
		</ns0:author>
		<ns0:idno type="DOI">10.1039/C4CP03158J</ns0:idno>
	</ns0:analytic>
	<ns0:monogr>
		<ns0:title level="j">Phys. Chem. Chem. Phys</ns0:title>
		<ns0:imprint>
			<ns0:biblScope unit="volume">16</ns0:biblScope>
			<ns0:biblScope unit="page" from="23711" to="23715" />
			<ns0:date type="published" when="2014">2014</ns0:date>
		</ns0:imprint>
	</ns0:monogr>
</ns0:biblStruct>

<ns0:biblStruct xml:id="b36">
	<ns0:analytic>
		<ns0:title />
		<ns0:author>
			<ns0:persName><ns0:forename type="first">K</ns0:forename><ns0:forename type="middle">E</ns0:forename><ns0:surname>Hermann</ns0:surname></ns0:persName>
		</ns0:author>
		<ns0:author>
			<ns0:persName><ns0:forename type="first">M</ns0:forename><ns0:forename type="middle">A</ns0:forename><ns0:surname>Van Hove</ns0:surname></ns0:persName>
		</ns0:author>
		<ns0:author>
			<ns0:persName><ns0:surname>Leedpat</ns0:surname></ns0:persName>
		</ns0:author>
		<ns0:ptr target="http://www.fhi-berlin.mpg.de/KHsoftware/LEEDpat/index.html.(35)Clarke" />
	</ns0:analytic>
	<ns0:monogr>
		<ns0:title level="j">L. J. Surface crystallography</ns0:title>
		<ns0:imprint>
			<ns0:date type="published" when="1985">Version 4.2; 2014. 1985</ns0:date>
			<ns0:publisher>Chichester</ns0:publisher>
			<ns0:pubPlace>UK</ns0:pubPlace>
		</ns0:imprint>
	</ns0:monogr>
	<ns0:note>an introduction to low energy electron diffraction</ns0:note>
</ns0:biblStruct>

<ns0:biblStruct xml:id="b37">
	<ns0:analytic>
		<ns0:title level="a" type="main">Electronic properties of CoO(100) surfaces: Defects and chemisorption</ns0:title>
		<ns0:author>
			<ns0:persName><ns0:forename type="first">J</ns0:forename><ns0:forename type="middle">L</ns0:forename><ns0:surname>Mackay</ns0:surname></ns0:persName>
		</ns0:author>
		<ns0:author>
			<ns0:persName><ns0:forename type="first">V</ns0:forename><ns0:forename type="middle">E</ns0:forename><ns0:surname>Henrich</ns0:surname></ns0:persName>
		</ns0:author>
		<ns0:idno type="DOI">10.1103/PhysRevB.39.6156</ns0:idno>
	</ns0:analytic>
	<ns0:monogr>
		<ns0:title level="j">Phys. Rev. B: Condens. Matter Mater. Phys</ns0:title>
		<ns0:imprint>
			<ns0:biblScope unit="volume">39</ns0:biblScope>
			<ns0:biblScope unit="page" from="6156" to="6168" />
			<ns0:date type="published" when="1989">1989</ns0:date>
		</ns0:imprint>
	</ns0:monogr>
</ns0:biblStruct>

<ns0:biblStruct xml:id="b38">
	<ns0:analytic>
		<ns0:title level="a" type="main">Direct observation of defect-induced surface covalency in ionic CoO(100)</ns0:title>
		<ns0:author>
			<ns0:persName><ns0:forename type="first">S.-P</ns0:forename><ns0:surname>Jeng</ns0:surname></ns0:persName>
		</ns0:author>
		<ns0:author>
			<ns0:persName><ns0:forename type="first">V</ns0:forename><ns0:forename type="middle">E</ns0:forename><ns0:surname>Henrich</ns0:surname></ns0:persName>
		</ns0:author>
		<ns0:idno type="DOI">10.1016/0038-1098(90)90778-A</ns0:idno>
	</ns0:analytic>
	<ns0:monogr>
		<ns0:title level="j">Solid State Commun</ns0:title>
		<ns0:imprint>
			<ns0:biblScope unit="volume">75</ns0:biblScope>
			<ns0:biblScope unit="page" from="1013" to="1017" />
			<ns0:date type="published" when="1990">1990</ns0:date>
		</ns0:imprint>
	</ns0:monogr>
</ns0:biblStruct>

<ns0:biblStruct xml:id="b39">
	<ns0:analytic>
		<ns0:title level="a" type="main">Preferential sputtering in the 3d transition metal monoxides</ns0:title>
		<ns0:author>
			<ns0:persName><ns0:forename type="first">M</ns0:forename><ns0:forename type="middle">A</ns0:forename><ns0:surname>Langell</ns0:surname></ns0:persName>
		</ns0:author>
		<ns0:idno type="DOI">10.1016/S0039-6028(87)80052-3</ns0:idno>
	</ns0:analytic>
	<ns0:monogr>
		<ns0:title level="j">Surf. Sci</ns0:title>
		<ns0:imprint>
			<ns0:biblScope unit="volume">186</ns0:biblScope>
			<ns0:biblScope unit="page" from="323" to="338" />
			<ns0:date type="published" when="1987">1987</ns0:date>
		</ns0:imprint>
	</ns0:monogr>
</ns0:biblStruct>

<ns0:biblStruct xml:id="b40">
	<ns0:analytic>
		<ns0:title level="a" type="main">Incongruent sputtering in metal oxides</ns0:title>
		<ns0:author>
			<ns0:persName><ns0:forename type="first">M</ns0:forename><ns0:forename type="middle">A</ns0:forename><ns0:surname>Langell</ns0:surname></ns0:persName>
		</ns0:author>
		<ns0:idno type="DOI">10.1016/0168-583X(87)90495-2</ns0:idno>
	</ns0:analytic>
	<ns0:monogr>
		<ns0:title level="j">Nucl. Instrum. Methods Phys. Res., Sect. B</ns0:title>
		<ns0:imprint>
			<ns0:biblScope unit="volume">28</ns0:biblScope>
			<ns0:biblScope unit="page" from="502" to="508" />
			<ns0:date type="published" when="1987">1987</ns0:date>
		</ns0:imprint>
	</ns0:monogr>
</ns0:biblStruct>

<ns0:biblStruct xml:id="b41">
	<ns0:analytic>
		<ns0:title level="a" type="main">CO Adsorption at 77 K on CoO/MgO and NiO/MgO Solid-Solutions: A Fourier-Transform Infrared Study</ns0:title>
		<ns0:author>
			<ns0:persName><ns0:forename type="first">D</ns0:forename><ns0:surname>Scarano</ns0:surname></ns0:persName>
		</ns0:author>
		<ns0:author>
			<ns0:persName><ns0:forename type="first">G</ns0:forename><ns0:surname>Spoto</ns0:surname></ns0:persName>
		</ns0:author>
		<ns0:author>
			<ns0:persName><ns0:forename type="first">S</ns0:forename><ns0:surname>Bordiga</ns0:surname></ns0:persName>
		</ns0:author>
		<ns0:author>
			<ns0:persName><ns0:forename type="first">S</ns0:forename><ns0:surname>Coluccia</ns0:surname></ns0:persName>
		</ns0:author>
		<ns0:author>
			<ns0:persName><ns0:forename type="first">A</ns0:forename><ns0:surname>Zecchina</ns0:surname></ns0:persName>
		</ns0:author>
		<ns0:idno type="DOI">10.1039/ft9928800291</ns0:idno>
	</ns0:analytic>
	<ns0:monogr>
		<ns0:title level="j">J. Chem. Soc., Faraday Trans</ns0:title>
		<ns0:imprint>
			<ns0:biblScope unit="volume">88</ns0:biblScope>
			<ns0:biblScope unit="page" from="291" to="296" />
			<ns0:date type="published" when="1992">1992</ns0:date>
		</ns0:imprint>
	</ns0:monogr>
</ns0:biblStruct>

<ns0:biblStruct xml:id="b42">
	<ns0:analytic>
		<ns0:title level="a" type="main">A resonant-photoemission study</ns0:title>
		<ns0:author>
			<ns0:persName><ns0:forename type="first">S.-P</ns0:forename><ns0:surname>Jeng</ns0:surname></ns0:persName>
			<ns0:affiliation>
				<ns0:orgName type="collaboration">2 chemisorption on CoO</ns0:orgName>
			</ns0:affiliation>
		</ns0:author>
		<ns0:author>
			<ns0:persName><ns0:forename type="first">Z</ns0:forename><ns0:surname>Zhang</ns0:surname></ns0:persName>
			<ns0:affiliation>
				<ns0:orgName type="collaboration">2 chemisorption on CoO</ns0:orgName>
			</ns0:affiliation>
		</ns0:author>
		<ns0:author>
			<ns0:persName><ns0:forename type="first">V</ns0:forename><ns0:forename type="middle">E</ns0:forename><ns0:surname>Henrich</ns0:surname></ns0:persName>
			<ns0:affiliation>
				<ns0:orgName type="collaboration">2 chemisorption on CoO</ns0:orgName>
			</ns0:affiliation>
		</ns0:author>
		<ns0:idno type="DOI">10.1103/PhysRevB.44.3266</ns0:idno>
	</ns0:analytic>
	<ns0:monogr>
		<ns0:title level="j">Phys. Rev. B: Condens. Matter Mater. Phys</ns0:title>
		<ns0:imprint>
			<ns0:biblScope unit="volume">44</ns0:biblScope>
			<ns0:biblScope unit="issue">100</ns0:biblScope>
			<ns0:biblScope unit="page" from="3266" to="3271" />
			<ns0:date type="published" when="1991">1991</ns0:date>
		</ns0:imprint>
	</ns0:monogr>
</ns0:biblStruct>

<ns0:biblStruct xml:id="b43">
	<ns0:analytic>
		<ns0:title level="a" type="main">Carbon monoxide MgO from dispersed solids to single crystals: a review and new advances</ns0:title>
		<ns0:author>
			<ns0:persName><ns0:forename type="first">G</ns0:forename><ns0:surname>Spoto</ns0:surname></ns0:persName>
		</ns0:author>
		<ns0:author>
			<ns0:persName><ns0:forename type="first">E</ns0:forename><ns0:forename type="middle">N</ns0:forename><ns0:surname>Gribov</ns0:surname></ns0:persName>
		</ns0:author>
		<ns0:author>
			<ns0:persName><ns0:forename type="first">G</ns0:forename><ns0:surname>Ricchiardi</ns0:surname></ns0:persName>
		</ns0:author>
		<ns0:author>
			<ns0:persName><ns0:forename type="first">A</ns0:forename><ns0:surname>Damin</ns0:surname></ns0:persName>
		</ns0:author>
		<ns0:author>
			<ns0:persName><ns0:forename type="first">D</ns0:forename><ns0:surname>Scarano</ns0:surname></ns0:persName>
		</ns0:author>
		<ns0:author>
			<ns0:persName><ns0:forename type="first">S</ns0:forename><ns0:surname>Bordiga</ns0:surname></ns0:persName>
		</ns0:author>
		<ns0:author>
			<ns0:persName><ns0:forename type="first">C</ns0:forename><ns0:surname>Lamberti</ns0:surname></ns0:persName>
		</ns0:author>
		<ns0:author>
			<ns0:persName><ns0:forename type="first">A</ns0:forename><ns0:surname>Zecchina</ns0:surname></ns0:persName>
		</ns0:author>
		<ns0:idno type="DOI">10.1016/j.progsurf.2004.05.014</ns0:idno>
	</ns0:analytic>
	<ns0:monogr>
		<ns0:title level="j">Prog. Surf. Sci</ns0:title>
		<ns0:imprint>
			<ns0:biblScope unit="volume">76</ns0:biblScope>
			<ns0:biblScope unit="page" from="71" to="146" />
			<ns0:date type="published" when="2004">2004</ns0:date>
		</ns0:imprint>
	</ns0:monogr>
</ns0:biblStruct>

<ns0:biblStruct xml:id="b44">
	<ns0:monogr>
		<ns0:title level="m" type="main">Surface Sites of Nanomaterials: Investigation of Local Structures by In Situ IR Spectroscopy</ns0:title>
		<ns0:author>
			<ns0:persName><ns0:forename type="first">V</ns0:forename><ns0:surname>Aina</ns0:surname></ns0:persName>
		</ns0:author>
		<ns0:author>
			<ns0:persName><ns0:forename type="first">G</ns0:forename><ns0:surname>Alberto</ns0:surname></ns0:persName>
		</ns0:author>
		<ns0:author>
			<ns0:persName><ns0:forename type="first">C</ns0:forename><ns0:surname>Deiana</ns0:surname></ns0:persName>
		</ns0:author>
		<ns0:author>
			<ns0:persName><ns0:forename type="first">Y</ns0:forename><ns0:surname>Sakhno</ns0:surname></ns0:persName>
		</ns0:author>
		<ns0:author>
			<ns0:persName><ns0:forename type="first">A</ns0:forename><ns0:surname>Damin</ns0:surname></ns0:persName>
		</ns0:author>
		<ns0:author>
			<ns0:persName><ns0:forename type="first">G</ns0:forename><ns0:surname>Martra</ns0:surname></ns0:persName>
		</ns0:author>
		<ns0:idno type="DOI">10.1007/978-1-4614-7675-7_12</ns0:idno>
		<ns0:imprint>
			<ns0:date type="published" when="2013">2013</ns0:date>
			<ns0:publisher>Springer Proc. Phys</ns0:publisher>
			<ns0:biblScope unit="volume">146</ns0:biblScope>
			<ns0:biblScope unit="page" from="145" to="163" />
		</ns0:imprint>
	</ns0:monogr>
</ns0:biblStruct>

<ns0:biblStruct xml:id="b45">
	<ns0:analytic>
		<ns0:title level="a" type="main">Adsorption and Activation of CO on Co 3 O 4 (111) Thin Films</ns0:title>
		<ns0:author>
			<ns0:persName><ns0:forename type="first">P</ns0:forename><ns0:surname>Ferstl</ns0:surname></ns0:persName>
		</ns0:author>
		<ns0:author>
			<ns0:persName><ns0:forename type="first">S</ns0:forename><ns0:surname>Mehl</ns0:surname></ns0:persName>
		</ns0:author>
		<ns0:author>
			<ns0:persName><ns0:forename type="first">M</ns0:forename><ns0:forename type="middle">A</ns0:forename><ns0:surname>Arman</ns0:surname></ns0:persName>
		</ns0:author>
		<ns0:author>
			<ns0:persName><ns0:forename type="first">M</ns0:forename><ns0:surname>Schuler</ns0:surname></ns0:persName>
		</ns0:author>
		<ns0:author>
			<ns0:persName><ns0:forename type="first">A</ns0:forename><ns0:surname>Toghan</ns0:surname></ns0:persName>
		</ns0:author>
		<ns0:author>
			<ns0:persName><ns0:forename type="first">B</ns0:forename><ns0:surname>Laszlo</ns0:surname></ns0:persName>
		</ns0:author>
		<ns0:author>
			<ns0:persName><ns0:forename type="first">Y</ns0:forename><ns0:surname>Lykhach</ns0:surname></ns0:persName>
		</ns0:author>
		<ns0:author>
			<ns0:persName><ns0:forename type="first">O</ns0:forename><ns0:surname>Brummel</ns0:surname></ns0:persName>
		</ns0:author>
		<ns0:author>
			<ns0:persName><ns0:forename type="first">E</ns0:forename><ns0:surname>Lundgren</ns0:surname></ns0:persName>
		</ns0:author>
		<ns0:author>
			<ns0:persName><ns0:forename type="first">J</ns0:forename><ns0:surname>Knudsen</ns0:surname></ns0:persName>
		</ns0:author>
		<ns0:author>
			<ns0:persName><ns0:forename type="first">L</ns0:forename><ns0:surname>Hammer</ns0:surname></ns0:persName>
		</ns0:author>
		<ns0:author>
			<ns0:persName><ns0:forename type="first">M</ns0:forename><ns0:forename type="middle">A</ns0:forename><ns0:surname>Schneider</ns0:surname></ns0:persName>
		</ns0:author>
		<ns0:author>
			<ns0:persName><ns0:forename type="first">J</ns0:forename><ns0:surname>Libuda</ns0:surname></ns0:persName>
		</ns0:author>
		<ns0:idno type="DOI">10.1021/acs.jpcc.5b04145</ns0:idno>
	</ns0:analytic>
	<ns0:monogr>
		<ns0:title level="j">J. Phys. Chem. C</ns0:title>
		<ns0:imprint>
			<ns0:biblScope unit="volume">119</ns0:biblScope>
			<ns0:biblScope unit="page" from="16688" to="16699" />
			<ns0:date type="published" when="2015">2015</ns0:date>
		</ns0:imprint>
	</ns0:monogr>
</ns0:biblStruct>

<ns0:biblStruct xml:id="b46">
	<ns0:analytic>
		<ns0:title level="a" type="main">Thermal evolution of cobalt deposits on Co 3 O 4 (111): atomically dispersed cobalt, two-dimensional CoO islands, and metallic Co nanoparticles</ns0:title>
		<ns0:author>
			<ns0:persName><ns0:forename type="first">S</ns0:forename><ns0:surname>Mehl</ns0:surname></ns0:persName>
		</ns0:author>
		<ns0:author>
			<ns0:persName><ns0:forename type="first">P</ns0:forename><ns0:surname>Ferstl</ns0:surname></ns0:persName>
		</ns0:author>
		<ns0:author>
			<ns0:persName><ns0:forename type="first">M</ns0:forename><ns0:surname>Schuler</ns0:surname></ns0:persName>
		</ns0:author>
		<ns0:author>
			<ns0:persName><ns0:forename type="first">A</ns0:forename><ns0:surname>Toghan</ns0:surname></ns0:persName>
		</ns0:author>
		<ns0:author>
			<ns0:persName><ns0:forename type="first">O</ns0:forename><ns0:surname>Brummel</ns0:surname></ns0:persName>
		</ns0:author>
		<ns0:author>
			<ns0:persName><ns0:forename type="first">L</ns0:forename><ns0:surname>Hammer</ns0:surname></ns0:persName>
		</ns0:author>
		<ns0:author>
			<ns0:persName><ns0:forename type="first">M</ns0:forename><ns0:forename type="middle">A</ns0:forename><ns0:surname>Schneider</ns0:surname></ns0:persName>
		</ns0:author>
		<ns0:author>
			<ns0:persName><ns0:forename type="first">J</ns0:forename><ns0:surname>Libuda</ns0:surname></ns0:persName>
		</ns0:author>
		<ns0:idno type="DOI">10.1021/acs.cgd.0c00170?ref=pdf</ns0:idno>
		<ns0:ptr target="https://dx.doi.org/10.1021/acs.cgd.0c00170Cryst" />
	</ns0:analytic>
	<ns0:monogr>
		<ns0:title level="j">Phys. Chem. Chem. Phys</ns0:title>
		<ns0:imprint>
			<ns0:biblScope unit="volume">17</ns0:biblScope>
			<ns0:biblScope unit="page" from="23538" to="23546" />
			<ns0:date type="published" when="2015">2015</ns0:date>
		</ns0:imprint>
	</ns0:monogr>
	<ns0:note>Growth Des. XXXX</ns0:note>
</ns0:biblStruct>

				</ns0:listBibl>
			</ns0:div>
		</ns0:back>
	</ns0:text>
</ns0:TEI>