<ns0:TEI xmlns:ns0="http://www.tei-c.org/ns/1.0" xmlns:xsi="http://www.w3.org/2001/XMLSchema-instance" xml:space="preserve" xsi:schemaLocation="http://www.tei-c.org/ns/1.0 https://raw.githubusercontent.com/kermitt2/grobid/master/grobid-home/schemas/xsd/Grobid.xsd">
	<ns0:teiHeader xml:lang="en">
		<ns0:fileDesc>
			<ns0:titleStmt>
				<ns0:title level="a" type="main">Effect of CO 2 and H 2 O on Char Properties. Part 2: In Situ and Ex Situ</ns0:title>
			</ns0:titleStmt>
			<ns0:publicationStmt>
				<ns0:publisher />
				<ns0:availability status="unknown"><ns0:licence /></ns0:availability>
			</ns0:publicationStmt>
			<ns0:sourceDesc>
				<ns0:biblStruct>
					<ns0:analytic>
						<ns0:author>
							<ns0:persName><ns0:forename type="first">Zehua</ns0:forename><ns0:surname>Li</ns0:surname></ns0:persName>
							<ns0:email>lizehua90@163.com</ns0:email>
							<ns0:affiliation key="aff0">
								<ns0:orgName type="department">School of Energy and Power Engineering</ns0:orgName>
								<ns0:orgName type="laboratory">State Key Laboratory of Coal Combustion</ns0:orgName>
							</ns0:affiliation>
							<ns0:affiliation key="aff2">
								<ns0:orgName type="laboratory">Institute for Quantum Materials and Technologies</ns0:orgName>
								<ns0:orgName type="institution">Karlsruhe Institute of Technology</ns0:orgName>
								<ns0:address>
									<ns0:addrLine>8 Hermann-von-Helmholtz-Platz 1</ns0:addrLine>
									<ns0:postCode>76344, 9 10</ns0:postCode>
									<ns0:settlement>Eggenstein-Leopoldshafen</ns0:settlement>
									<ns0:country key="DE">Germany</ns0:country>
								</ns0:address>
							</ns0:affiliation>
						</ns0:author>
						<ns0:author>
							<ns0:persName><ns0:forename type="first">Renjie</ns0:forename><ns0:surname>Zou</ns0:surname></ns0:persName>
							<ns0:affiliation key="aff0">
								<ns0:orgName type="department">School of Energy and Power Engineering</ns0:orgName>
								<ns0:orgName type="laboratory">State Key Laboratory of Coal Combustion</ns0:orgName>
							</ns0:affiliation>
						</ns0:author>
						<ns0:author>
							<ns0:persName><ns0:forename type="first">Dikun</ns0:forename><ns0:surname>Hong</ns0:surname></ns0:persName>
							<ns0:affiliation key="aff0">
								<ns0:orgName type="department">School of Energy and Power Engineering</ns0:orgName>
								<ns0:orgName type="laboratory">State Key Laboratory of Coal Combustion</ns0:orgName>
							</ns0:affiliation>
						</ns0:author>
						<ns0:author>
							<ns0:persName><ns0:forename type="first">Juncheng</ns0:forename><ns0:surname>Ouyang</ns0:surname></ns0:persName>
							<ns0:affiliation key="aff0">
								<ns0:orgName type="department">School of Energy and Power Engineering</ns0:orgName>
								<ns0:orgName type="laboratory">State Key Laboratory of Coal Combustion</ns0:orgName>
							</ns0:affiliation>
						</ns0:author>
						<ns0:author>
							<ns0:persName><ns0:forename type="first">Liangkui</ns0:forename><ns0:surname>Jiang</ns0:surname></ns0:persName>
							<ns0:affiliation key="aff0">
								<ns0:orgName type="department">School of Energy and Power Engineering</ns0:orgName>
								<ns0:orgName type="laboratory">State Key Laboratory of Coal Combustion</ns0:orgName>
							</ns0:affiliation>
						</ns0:author>
						<ns0:author>
							<ns0:persName><ns0:forename type="first">Huan</ns0:forename><ns0:surname>Liu</ns0:surname></ns0:persName>
							<ns0:affiliation key="aff0">
								<ns0:orgName type="department">School of Energy and Power Engineering</ns0:orgName>
								<ns0:orgName type="laboratory">State Key Laboratory of Coal Combustion</ns0:orgName>
							</ns0:affiliation>
						</ns0:author>
						<ns0:author>
							<ns0:persName><ns0:forename type="first">Guangqian</ns0:forename><ns0:surname>Luo</ns0:surname></ns0:persName>
							<ns0:affiliation key="aff0">
								<ns0:orgName type="department">School of Energy and Power Engineering</ns0:orgName>
								<ns0:orgName type="laboratory">State Key Laboratory of Coal Combustion</ns0:orgName>
							</ns0:affiliation>
						</ns0:author>
						<ns0:author>
							<ns0:persName><ns0:forename type="first">Hong</ns0:forename><ns0:surname>Yao</ns0:surname></ns0:persName>
							<ns0:email>hyao@hust.edu.cn</ns0:email>
							<ns0:affiliation key="aff0">
								<ns0:orgName type="department">School of Energy and Power Engineering</ns0:orgName>
								<ns0:orgName type="laboratory">State Key Laboratory of Coal Combustion</ns0:orgName>
							</ns0:affiliation>
						</ns0:author>
						<ns0:author>
							<ns0:affiliation key="aff1">
								<ns0:orgName type="institution">Huazhong University of Science and Technology</ns0:orgName>
								<ns0:address>
									<ns0:postCode>430074</ns0:postCode>
									<ns0:settlement>Wuhan</ns0:settlement>
									<ns0:region>Hubei</ns0:region>
									<ns0:country key="CN">China</ns0:country>
								</ns0:address>
							</ns0:affiliation>
						</ns0:author>
						<ns0:author>
							<ns0:affiliation key="aff3">
								<ns0:orgName type="department">School of Energy</ns0:orgName>
								<ns0:orgName type="laboratory">State Key Laboratory of Coal Combustion</ns0:orgName>
							</ns0:affiliation>
						</ns0:author>
						<ns0:author>
							<ns0:affiliation key="aff4">
								<ns0:orgName type="institution">Huazhong University of Science and Technology</ns0:orgName>
								<ns0:address>
									<ns0:postCode>430074</ns0:postCode>
									<ns0:settlement>Wuhan</ns0:settlement>
									<ns0:country key="CN">China</ns0:country>
								</ns0:address>
							</ns0:affiliation>
						</ns0:author>
						<ns0:author>
							<ns0:affiliation key="aff5">
								<ns0:orgName type="department">School of Energy</ns0:orgName>
								<ns0:orgName type="laboratory">State Key Laboratory of Coal Combustion</ns0:orgName>
							</ns0:affiliation>
						</ns0:author>
						<ns0:author>
							<ns0:affiliation key="aff6">
								<ns0:orgName type="institution">Huazhong University of Science and Technology</ns0:orgName>
								<ns0:address>
									<ns0:postCode>430074</ns0:postCode>
									<ns0:settlement>Wuhan</ns0:settlement>
									<ns0:country key="CN">China</ns0:country>
								</ns0:address>
							</ns0:affiliation>
						</ns0:author>
						<ns0:title level="a" type="main">Effect of CO 2 and H 2 O on Char Properties. Part 2: In Situ and Ex Situ</ns0:title>
					</ns0:analytic>
					<ns0:monogr>
						<ns0:imprint>
							<ns0:date />
						</ns0:imprint>
					</ns0:monogr>
					<ns0:idno type="DOI">10.1021/acs.energyfuels.0c00845</ns0:idno>
				</ns0:biblStruct>
			</ns0:sourceDesc>
		</ns0:fileDesc>
		<ns0:encodingDesc>
			<ns0:appInfo>
				<ns0:application version="0.7.3" ident="GROBID" when="2023-07-24T05:11+0000">
					<ns0:desc>GROBID - A machine learning software for extracting information from scholarly documents</ns0:desc>
					<ns0:ref target="https://github.com/kermitt2/grobid" />
				</ns0:application>
			</ns0:appInfo>
		</ns0:encodingDesc>
		<ns0:profileDesc>
			<ns0:abstract>
<ns0:div><ns0:head>22</ns0:head><ns0:p>The physical and chemical properties of H 2 O (oxy-steam combustion) and N 2 (air 23 combustion) are different, which has influence on the char properties in oxy-steam 24 combustion. Measuring in situ char (without any cooling) kinetic parameters is very 25 important, especially at oxy-steam atmosphere. Both in situ and ex situ char properties were 26 investigated in this paper. Ex situ char was obtained at different cooling rates. Char 27 properties were measured by X-ray diffraction, H/C ratio, Raman spectrum, and specific 28 surface area. The effect of steam on in situ and ex situ char combustion kinetics were 29 determined. We found that the combustion reaction rates of different chars are in order as: 30 in situ &gt; rapid cooling (10 3 -10 4 K/s) &gt; medium cooling (10-100 K/s) &gt; slow cooling char 31 (0.1 K/s). Rapid cooling char structure is disordered and has a high active surface area, 32 which results in the high reactivity. In situ char has a shorter burn-out time, a faster 33 combustion rate, and a higher reaction constant. For example, at 903 K, it appears the 34 reaction rate of 0.048 s -1 for ex situ char (Vientiane coal char) in oxy-steam atmosphere (30%</ns0:p></ns0:div>
<ns0:div><ns0:head>35</ns0:head><ns0:p>O 2 +15% H 2 O), while that of in situ char is 0.07 s -1 . The reactivity of in situ char is higher 36 than ex situ char. The activation energy of in situ char (e.g. 20.9 kJ/mol) is much lower 37 than that of ex situ char (e.g. 82.24 kJ/mol) in oxy-steam atmosphere (e.g. 30% O 2 + 10% 38 H 2 O). The reaction reactivity of both ex situ and in situ char increase in oxy-steam 39 atmosphere when comparing with O 2 /CO 2 combustion. 40</ns0:p></ns0:div>
			</ns0:abstract>
		</ns0:profileDesc>
	</ns0:teiHeader>
	<ns0:text xml:lang="en">
		<ns0:back>

			<ns0:div type="acknowledgement">
<ns0:div><ns0:p>Acknowledgements 384 This work was supported by the National Key R&amp;D Program of China (2016YFB0600801, 385 2018YFB0605100), China Postdoctoral Science Foundation (2018M632851) and ACS Paragon Plus Environment Energy &amp; Fuels</ns0:p></ns0:div>
			</ns0:div>

			<ns0:div type="annex">
<ns0:div><ns0:p>in our study, the active energy in oxy-steam atmosphere ranged from 48-82 kJ/mol (ex situ 337 char), which agrees with previous study. <ns0:ref type="bibr">Dueso et al. 34</ns0:ref> investigated oxy-steam combustion 338 of three different coals in various atmospheres in TGA, the active energy in their study 339 ranged from 61-104 kJ/mol (ex situ char) in similar atmosphere as we did in this study. The 340 active energy is a little lower than previous study, which is mainly due to our measurement 341 in MFB.</ns0:p></ns0:div>
<ns0:div><ns0:head>342</ns0:head><ns0:p>Table <ns0:ref type="table">5</ns0:ref> shows that the activation energy of in situ char is generally much lower than 343 that of ex situ char. For instance, in 10% H 2 O case, the activation energy of ex situ char is 344 82.24 kJ/mol, while that of in situ char is only 20.90 kJ/mol. Low activation energy results</ns0:p></ns0:div>
<ns0:div><ns0:head>345</ns0:head><ns0:p>in the reaction more easily to take place. It can explain that in situ char has higher reactivity </ns0:p></ns0:div>			</ns0:div>
			<ns0:div type="references">

				<ns0:listBibl>

<ns0:biblStruct xml:id="b0">
	<ns0:analytic>
		<ns0:title level="a" type="main">Oxy-fuel 391 combustion of solid fuels</ns0:title>
		<ns0:author>
			<ns0:persName><ns0:forename type="first">M</ns0:forename><ns0:forename type="middle">B</ns0:forename><ns0:surname>Toftegaard</ns0:surname></ns0:persName>
		</ns0:author>
		<ns0:author>
			<ns0:persName><ns0:forename type="first">J</ns0:forename><ns0:surname>Brix</ns0:surname></ns0:persName>
		</ns0:author>
		<ns0:author>
			<ns0:persName><ns0:forename type="first">P</ns0:forename><ns0:forename type="middle">A</ns0:forename><ns0:surname>Jensen</ns0:surname></ns0:persName>
		</ns0:author>
		<ns0:author>
			<ns0:persName><ns0:forename type="first">P</ns0:forename><ns0:surname>Glarborg</ns0:surname></ns0:persName>
		</ns0:author>
		<ns0:author>
			<ns0:persName><ns0:forename type="first">A</ns0:forename><ns0:forename type="middle">D</ns0:forename><ns0:surname>Jensen</ns0:surname></ns0:persName>
		</ns0:author>
	</ns0:analytic>
	<ns0:monogr>
		<ns0:title level="j">Prog Energ Combust</ns0:title>
		<ns0:imprint>
			<ns0:biblScope unit="volume">36</ns0:biblScope>
			<ns0:biblScope unit="issue">5</ns0:biblScope>
			<ns0:biblScope unit="page" from="581" to="625" />
			<ns0:date type="published" when="2010">2010</ns0:date>
		</ns0:imprint>
	</ns0:monogr>
</ns0:biblStruct>

<ns0:biblStruct xml:id="b1">
	<ns0:analytic>
		<ns0:title level="a" type="main">Oxy-fuel 393 combustion technology for coal-fired power generation</ns0:title>
		<ns0:author>
			<ns0:persName><ns0:forename type="first">B</ns0:forename><ns0:forename type="middle">J P</ns0:forename><ns0:surname>Buhre</ns0:surname></ns0:persName>
		</ns0:author>
		<ns0:author>
			<ns0:persName><ns0:forename type="first">L</ns0:forename><ns0:forename type="middle">K</ns0:forename><ns0:surname>Elliott</ns0:surname></ns0:persName>
		</ns0:author>
		<ns0:author>
			<ns0:persName><ns0:forename type="first">C</ns0:forename><ns0:forename type="middle">D</ns0:forename><ns0:surname>Sheng</ns0:surname></ns0:persName>
		</ns0:author>
		<ns0:author>
			<ns0:persName><ns0:forename type="first">R</ns0:forename><ns0:forename type="middle">P</ns0:forename><ns0:surname>Gupta</ns0:surname></ns0:persName>
		</ns0:author>
		<ns0:author>
			<ns0:persName><ns0:forename type="first">T</ns0:forename><ns0:forename type="middle">F</ns0:forename><ns0:surname>Wall</ns0:surname></ns0:persName>
		</ns0:author>
	</ns0:analytic>
	<ns0:monogr>
		<ns0:title level="j">Prog Energ Combust</ns0:title>
		<ns0:imprint>
			<ns0:biblScope unit="volume">31</ns0:biblScope>
			<ns0:biblScope unit="issue">4</ns0:biblScope>
			<ns0:biblScope unit="page" from="283" to="307" />
			<ns0:date type="published" when="2005">2005</ns0:date>
		</ns0:imprint>
	</ns0:monogr>
</ns0:biblStruct>

<ns0:biblStruct xml:id="b2">
	<ns0:analytic>
		<ns0:title level="a" type="main">Progress in O 2 separation for oxy-396 fuel combustion-A promising way for cost-effective CO 2 capture: A review</ns0:title>
		<ns0:author>
			<ns0:persName><ns0:forename type="first">F</ns0:forename><ns0:surname>Wu</ns0:surname></ns0:persName>
		</ns0:author>
		<ns0:author>
			<ns0:persName><ns0:forename type="first">M</ns0:forename><ns0:forename type="middle">D</ns0:forename><ns0:surname>Argyle</ns0:surname></ns0:persName>
		</ns0:author>
		<ns0:author>
			<ns0:persName><ns0:forename type="first">P</ns0:forename><ns0:forename type="middle">A</ns0:forename><ns0:surname>Dellenback</ns0:surname></ns0:persName>
		</ns0:author>
		<ns0:author>
			<ns0:persName><ns0:forename type="first">M</ns0:forename><ns0:forename type="middle">H</ns0:forename><ns0:surname>Fan</ns0:surname></ns0:persName>
		</ns0:author>
	</ns0:analytic>
	<ns0:monogr>
		<ns0:title level="j">Prog Energ Page</ns0:title>
		<ns0:imprint>
			<ns0:biblScope unit="volume">26</ns0:biblScope>
			<ns0:biblScope unit="page">31</ns0:biblScope>
		</ns0:imprint>
	</ns0:monogr>
</ns0:biblStruct>

<ns0:biblStruct xml:id="b3">
	<ns0:analytic>
		<ns0:title level="a" type="main">Kinetic study of 438 coal char thermal deactivation</ns0:title>
		<ns0:author>
			<ns0:persName><ns0:forename type="first">L</ns0:forename><ns0:forename type="middle">K</ns0:forename><ns0:surname>Jiang</ns0:surname></ns0:persName>
		</ns0:author>
		<ns0:author>
			<ns0:persName><ns0:forename type="first">Z</ns0:forename><ns0:forename type="middle">H</ns0:forename><ns0:surname>Li</ns0:surname></ns0:persName>
		</ns0:author>
		<ns0:author>
			<ns0:persName><ns0:forename type="first">J</ns0:forename><ns0:forename type="middle">C</ns0:forename><ns0:surname>Ouyang</ns0:surname></ns0:persName>
		</ns0:author>
		<ns0:author>
			<ns0:persName><ns0:forename type="first">Y</ns0:forename><ns0:surname>Fang</ns0:surname></ns0:persName>
		</ns0:author>
		<ns0:author>
			<ns0:persName><ns0:forename type="first">G</ns0:forename><ns0:forename type="middle">Q</ns0:forename><ns0:surname>Luo</ns0:surname></ns0:persName>
		</ns0:author>
		<ns0:author>
			<ns0:persName><ns0:forename type="first">H</ns0:forename><ns0:surname>Yao</ns0:surname></ns0:persName>
		</ns0:author>
	</ns0:analytic>
	<ns0:monogr>
		<ns0:title level="j">Energy &amp; Fuels</ns0:title>
		<ns0:imprint>
			<ns0:biblScope unit="volume">33</ns0:biblScope>
			<ns0:biblScope unit="issue">11</ns0:biblScope>
			<ns0:biblScope unit="page" from="11959" to="11967" />
			<ns0:date type="published" when="2019">2019</ns0:date>
		</ns0:imprint>
	</ns0:monogr>
</ns0:biblStruct>

<ns0:biblStruct xml:id="b4">
	<ns0:analytic>
		<ns0:title level="a" type="main">Kinetic study 440 on in-situ and cooling char combustion in a two-step reaction analyzer</ns0:title>
		<ns0:author>
			<ns0:persName><ns0:forename type="first">Y</ns0:forename><ns0:surname>Fang</ns0:surname></ns0:persName>
		</ns0:author>
		<ns0:author>
			<ns0:persName><ns0:forename type="first">G</ns0:forename><ns0:surname>Luo</ns0:surname></ns0:persName>
		</ns0:author>
		<ns0:author>
			<ns0:persName><ns0:forename type="first">J</ns0:forename><ns0:surname>Li</ns0:surname></ns0:persName>
		</ns0:author>
		<ns0:author>
			<ns0:persName><ns0:forename type="first">K</ns0:forename><ns0:surname>Li</ns0:surname></ns0:persName>
		</ns0:author>
		<ns0:author>
			<ns0:persName><ns0:forename type="first">C</ns0:forename><ns0:surname>Chen</ns0:surname></ns0:persName>
		</ns0:author>
		<ns0:author>
			<ns0:persName><ns0:forename type="first">H</ns0:forename><ns0:surname>Zhao</ns0:surname></ns0:persName>
		</ns0:author>
		<ns0:author>
			<ns0:persName><ns0:forename type="first">R</ns0:forename><ns0:surname>Duan</ns0:surname></ns0:persName>
		</ns0:author>
		<ns0:author>
			<ns0:persName><ns0:forename type="first">H</ns0:forename><ns0:surname>Yao</ns0:surname></ns0:persName>
		</ns0:author>
	</ns0:analytic>
	<ns0:monogr>
		<ns0:title level="m">Proceedings of the 441 Combustion Institute</ns0:title>
		<ns0:meeting>the 441 Combustion Institute</ns0:meeting>
		<ns0:imprint>
			<ns0:date type="published" when="2017">2017</ns0:date>
			<ns0:biblScope unit="volume">36</ns0:biblScope>
			<ns0:biblScope unit="page" from="2147" to="2154" />
		</ns0:imprint>
	</ns0:monogr>
</ns0:biblStruct>

<ns0:biblStruct xml:id="b5">
	<ns0:analytic>
		<ns0:title level="a" type="main">Kinetic characteristics of in-situ char-steam gasification following pyrolysis of a 444 demineralized coal</ns0:title>
		<ns0:author>
			<ns0:persName><ns0:forename type="first">Y</ns0:forename><ns0:forename type="middle">J</ns0:forename><ns0:surname>Zhao</ns0:surname></ns0:persName>
		</ns0:author>
		<ns0:author>
			<ns0:persName><ns0:forename type="first">W</ns0:forename><ns0:forename type="middle">D</ns0:forename><ns0:surname>Zhang</ns0:surname></ns0:persName>
		</ns0:author>
		<ns0:author>
			<ns0:persName><ns0:forename type="first">P</ns0:forename><ns0:forename type="middle">X</ns0:forename><ns0:surname>Wang</ns0:surname></ns0:persName>
		</ns0:author>
		<ns0:author>
			<ns0:persName><ns0:forename type="first">P</ns0:forename><ns0:surname>Liu</ns0:surname></ns0:persName>
		</ns0:author>
		<ns0:author>
			<ns0:persName><ns0:forename type="first">G</ns0:forename><ns0:surname>Zeng</ns0:surname></ns0:persName>
		</ns0:author>
		<ns0:author>
			<ns0:persName><ns0:forename type="first">S</ns0:forename><ns0:forename type="middle">Z</ns0:forename><ns0:surname>Sun</ns0:surname></ns0:persName>
		</ns0:author>
		<ns0:author>
			<ns0:persName><ns0:forename type="first">S</ns0:forename><ns0:surname>Zhang</ns0:surname></ns0:persName>
		</ns0:author>
	</ns0:analytic>
	<ns0:monogr>
		<ns0:title level="j">Int J Hydrogen Energ</ns0:title>
		<ns0:imprint>
			<ns0:biblScope unit="volume">43</ns0:biblScope>
			<ns0:biblScope unit="issue">21</ns0:biblScope>
			<ns0:biblScope unit="page" from="10991" to="11001" />
			<ns0:date type="published" when="2018">2018</ns0:date>
		</ns0:imprint>
	</ns0:monogr>
</ns0:biblStruct>

<ns0:biblStruct xml:id="b6">
	<ns0:analytic>
		<ns0:title level="a" type="main">Development of a 446 multistage in situ reaction analyzer based on a micro fluidized bed and its suitability for 447 rapid gas-solid reactions</ns0:title>
		<ns0:author>
			<ns0:persName><ns0:forename type="first">Y</ns0:forename><ns0:surname>Guo</ns0:surname></ns0:persName>
		</ns0:author>
		<ns0:author>
			<ns0:persName><ns0:forename type="first">Y</ns0:forename><ns0:surname>Zhao</ns0:surname></ns0:persName>
		</ns0:author>
		<ns0:author>
			<ns0:persName><ns0:forename type="first">S</ns0:forename><ns0:surname>Meng</ns0:surname></ns0:persName>
		</ns0:author>
		<ns0:author>
			<ns0:persName><ns0:forename type="first">D</ns0:forename><ns0:surname>Feng</ns0:surname></ns0:persName>
		</ns0:author>
		<ns0:author>
			<ns0:persName><ns0:forename type="first">T</ns0:forename><ns0:surname>Yan</ns0:surname></ns0:persName>
		</ns0:author>
		<ns0:author>
			<ns0:persName><ns0:forename type="first">P</ns0:forename><ns0:surname>Wang</ns0:surname></ns0:persName>
		</ns0:author>
		<ns0:author>
			<ns0:persName><ns0:forename type="first">S</ns0:forename><ns0:surname>Sun</ns0:surname></ns0:persName>
		</ns0:author>
	</ns0:analytic>
	<ns0:monogr>
		<ns0:title level="j">Energy &amp; Fuels</ns0:title>
		<ns0:imprint>
			<ns0:biblScope unit="volume">30</ns0:biblScope>
			<ns0:biblScope unit="issue">22</ns0:biblScope>
			<ns0:biblScope unit="page" from="6021" to="6033" />
			<ns0:date type="published" when="2016">2016</ns0:date>
		</ns0:imprint>
	</ns0:monogr>
</ns0:biblStruct>

<ns0:biblStruct xml:id="b7">
	<ns0:analytic>
		<ns0:title level="a" type="main">Kinetics of steam 449 gasification of in-situ chars in a micro fluidized bed</ns0:title>
		<ns0:author>
			<ns0:persName><ns0:forename type="first">Y</ns0:forename><ns0:forename type="middle">Z</ns0:forename><ns0:surname>Guo</ns0:surname></ns0:persName>
		</ns0:author>
		<ns0:author>
			<ns0:persName><ns0:forename type="first">Y</ns0:forename><ns0:forename type="middle">J</ns0:forename><ns0:surname>Zhao</ns0:surname></ns0:persName>
		</ns0:author>
		<ns0:author>
			<ns0:persName><ns0:forename type="first">D</ns0:forename><ns0:forename type="middle">Y</ns0:forename><ns0:surname>Gao</ns0:surname></ns0:persName>
		</ns0:author>
		<ns0:author>
			<ns0:persName><ns0:forename type="first">P</ns0:forename><ns0:surname>Liu</ns0:surname></ns0:persName>
		</ns0:author>
		<ns0:author>
			<ns0:persName><ns0:forename type="first">S</ns0:forename><ns0:surname>Meng</ns0:surname></ns0:persName>
		</ns0:author>
		<ns0:author>
			<ns0:persName><ns0:forename type="first">S</ns0:forename><ns0:forename type="middle">Z</ns0:forename><ns0:surname>Sun</ns0:surname></ns0:persName>
		</ns0:author>
	</ns0:analytic>
	<ns0:monogr>
		<ns0:title level="j">Int J Hydrogen Energ</ns0:title>
		<ns0:imprint>
			<ns0:biblScope unit="volume">41</ns0:biblScope>
			<ns0:biblScope unit="issue">23</ns0:biblScope>
			<ns0:biblScope unit="page" from="15187" to="15198" />
			<ns0:date type="published" when="2016">2016</ns0:date>
		</ns0:imprint>
	</ns0:monogr>
</ns0:biblStruct>

<ns0:biblStruct xml:id="b8">
	<ns0:analytic>
		<ns0:title level="a" type="main">Distinctive 452 hydrodynamics of a micro fluidized bed and its application to gas-solid reaction analysis</ns0:title>
		<ns0:author>
			<ns0:persName><ns0:forename type="first">F</ns0:forename><ns0:surname>Wang</ns0:surname></ns0:persName>
		</ns0:author>
		<ns0:author>
			<ns0:persName><ns0:forename type="first">X</ns0:forename><ns0:surname>Zeng</ns0:surname></ns0:persName>
		</ns0:author>
		<ns0:author>
			<ns0:persName><ns0:forename type="first">S</ns0:forename><ns0:surname>Geng</ns0:surname></ns0:persName>
		</ns0:author>
		<ns0:author>
			<ns0:persName><ns0:forename type="first">J</ns0:forename><ns0:surname>Yue</ns0:surname></ns0:persName>
		</ns0:author>
		<ns0:author>
			<ns0:persName><ns0:forename type="first">S</ns0:forename><ns0:surname>Tang</ns0:surname></ns0:persName>
		</ns0:author>
		<ns0:author>
			<ns0:persName><ns0:forename type="first">Y</ns0:forename><ns0:surname>Cui</ns0:surname></ns0:persName>
		</ns0:author>
		<ns0:author>
			<ns0:persName><ns0:forename type="first">J</ns0:forename><ns0:surname>Yu</ns0:surname></ns0:persName>
		</ns0:author>
		<ns0:author>
			<ns0:persName><ns0:forename type="first">G</ns0:forename><ns0:surname>Xu</ns0:surname></ns0:persName>
		</ns0:author>
	</ns0:analytic>
	<ns0:monogr>
		<ns0:title level="j">Energy &amp; Fuels</ns0:title>
		<ns0:imprint>
			<ns0:biblScope unit="volume">453</ns0:biblScope>
			<ns0:biblScope unit="issue">4</ns0:biblScope>
			<ns0:biblScope unit="page" from="4096" to="4106" />
			<ns0:date type="published" when="2017">2017</ns0:date>
		</ns0:imprint>
	</ns0:monogr>
</ns0:biblStruct>

<ns0:biblStruct xml:id="b9">
	<ns0:analytic>
		<ns0:title level="a" type="main">Isothermal 455 gasification of in situ/ex situ coal char with CO 2 in a micro fluidized bed reaction analyzer</ns0:title>
		<ns0:author>
			<ns0:persName><ns0:forename type="first">F</ns0:forename><ns0:surname>Wang</ns0:surname></ns0:persName>
		</ns0:author>
		<ns0:author>
			<ns0:persName><ns0:forename type="first">X</ns0:forename><ns0:surname>Zeng</ns0:surname></ns0:persName>
		</ns0:author>
		<ns0:author>
			<ns0:persName><ns0:forename type="first">R</ns0:forename><ns0:forename type="middle">Y</ns0:forename><ns0:surname>Shao</ns0:surname></ns0:persName>
		</ns0:author>
		<ns0:author>
			<ns0:persName><ns0:forename type="first">Y</ns0:forename><ns0:forename type="middle">G</ns0:forename><ns0:surname>Wang</ns0:surname></ns0:persName>
		</ns0:author>
		<ns0:author>
			<ns0:persName><ns0:forename type="first">J</ns0:forename><ns0:surname>Yu</ns0:surname></ns0:persName>
		</ns0:author>
		<ns0:author>
			<ns0:persName><ns0:forename type="first">G</ns0:forename><ns0:forename type="middle">W</ns0:forename><ns0:surname>Xu</ns0:surname></ns0:persName>
		</ns0:author>
	</ns0:analytic>
	<ns0:monogr>
		<ns0:title level="j">Energy &amp; Fuels</ns0:title>
		<ns0:imprint>
			<ns0:biblScope unit="volume">456</ns0:biblScope>
			<ns0:biblScope unit="issue">8</ns0:biblScope>
			<ns0:biblScope unit="page" from="4795" to="4802" />
			<ns0:date type="published" when="2015">2015</ns0:date>
		</ns0:imprint>
	</ns0:monogr>
</ns0:biblStruct>

<ns0:biblStruct xml:id="b10">
	<ns0:analytic>
		<ns0:title level="a" type="main">Characteristics of 458 biomass devolatilization and in situ char gasification tested by the non-isothermal method</ns0:title>
		<ns0:author>
			<ns0:persName><ns0:forename type="first">X</ns0:forename><ns0:surname>Zeng</ns0:surname></ns0:persName>
		</ns0:author>
		<ns0:author>
			<ns0:persName><ns0:forename type="first">K</ns0:forename><ns0:surname>Kahara</ns0:surname></ns0:persName>
		</ns0:author>
		<ns0:author>
			<ns0:persName><ns0:forename type="first">Y</ns0:forename><ns0:surname>Ueki</ns0:surname></ns0:persName>
		</ns0:author>
		<ns0:author>
			<ns0:persName><ns0:forename type="first">R</ns0:forename><ns0:surname>Yoshiie</ns0:surname></ns0:persName>
		</ns0:author>
		<ns0:author>
			<ns0:persName><ns0:forename type="first">G</ns0:forename><ns0:surname>Xu</ns0:surname></ns0:persName>
		</ns0:author>
		<ns0:author>
			<ns0:persName><ns0:forename type="first">I</ns0:forename><ns0:surname>Naruse</ns0:surname></ns0:persName>
		</ns0:author>
	</ns0:analytic>
	<ns0:monogr>
		<ns0:title level="j">Energy &amp; Fuels</ns0:title>
		<ns0:imprint>
			<ns0:biblScope unit="volume">30</ns0:biblScope>
			<ns0:biblScope unit="issue">26</ns0:biblScope>
			<ns0:biblScope unit="page" from="9805" to="9817" />
			<ns0:date type="published" when="2019">2019</ns0:date>
		</ns0:imprint>
	</ns0:monogr>
</ns0:biblStruct>

<ns0:biblStruct xml:id="b11">
	<ns0:analytic>
		<ns0:title level="a" type="main">Effect of inherent moisture in collie coal during pyrolysis 461 due to in-situ steam gasification</ns0:title>
		<ns0:author>
			<ns0:persName><ns0:forename type="first">K</ns0:forename><ns0:surname>Yip</ns0:surname></ns0:persName>
		</ns0:author>
		<ns0:author>
			<ns0:persName><ns0:forename type="first">H</ns0:forename><ns0:surname>Wu</ns0:surname></ns0:persName>
		</ns0:author>
		<ns0:author>
			<ns0:persName><ns0:forename type="first">D</ns0:forename><ns0:surname>Zhang</ns0:surname></ns0:persName>
		</ns0:author>
	</ns0:analytic>
	<ns0:monogr>
		<ns0:title level="j">Energy &amp; Fuels</ns0:title>
		<ns0:imprint>
			<ns0:biblScope unit="volume">21</ns0:biblScope>
			<ns0:biblScope unit="issue">5</ns0:biblScope>
			<ns0:biblScope unit="page" from="2883" to="2891" />
			<ns0:date type="published" when="2007">2007</ns0:date>
		</ns0:imprint>
	</ns0:monogr>
</ns0:biblStruct>

<ns0:biblStruct xml:id="b12">
	<ns0:analytic>
		<ns0:title level="a" type="main">Optimizing in-situ char gasification 463 kinetics in reduction zone of pulverized coal air-staged combustion</ns0:title>
		<ns0:author>
			<ns0:persName><ns0:forename type="first">D</ns0:forename><ns0:surname>Chen</ns0:surname></ns0:persName>
		</ns0:author>
		<ns0:author>
			<ns0:persName><ns0:forename type="first">Z</ns0:forename><ns0:surname>Zhang</ns0:surname></ns0:persName>
		</ns0:author>
		<ns0:author>
			<ns0:persName><ns0:forename type="first">Z</ns0:forename><ns0:surname>Li</ns0:surname></ns0:persName>
		</ns0:author>
		<ns0:author>
			<ns0:persName><ns0:forename type="first">Z</ns0:forename><ns0:surname>Lv</ns0:surname></ns0:persName>
		</ns0:author>
		<ns0:author>
			<ns0:persName><ns0:forename type="first">N</ns0:forename><ns0:surname>Cai</ns0:surname></ns0:persName>
		</ns0:author>
	</ns0:analytic>
	<ns0:monogr>
		<ns0:title level="j">Combustion</ns0:title>
		<ns0:imprint>
			<ns0:biblScope unit="volume">464</ns0:biblScope>
			<ns0:biblScope unit="page" from="52" to="71" />
			<ns0:date type="published" when="2018">2018</ns0:date>
		</ns0:imprint>
	</ns0:monogr>
</ns0:biblStruct>

<ns0:biblStruct xml:id="b13">
	<ns0:analytic>
		<ns0:title level="a" type="main">Evolution of char chemistry, 466 crystallinity, and ultrafine structure during pulverized-coal combustion</ns0:title>
		<ns0:author>
			<ns0:persName><ns0:forename type="first">K</ns0:forename><ns0:forename type="middle">A</ns0:forename><ns0:surname>Davis</ns0:surname></ns0:persName>
		</ns0:author>
		<ns0:author>
			<ns0:persName><ns0:forename type="first">R</ns0:forename><ns0:forename type="middle">H</ns0:forename><ns0:surname>Hurt</ns0:surname></ns0:persName>
		</ns0:author>
		<ns0:author>
			<ns0:persName><ns0:forename type="first">N</ns0:forename><ns0:forename type="middle">Y C</ns0:forename><ns0:surname>Yang</ns0:surname></ns0:persName>
		</ns0:author>
		<ns0:author>
			<ns0:persName><ns0:forename type="first">T</ns0:forename><ns0:forename type="middle">J</ns0:forename><ns0:surname>Headley</ns0:surname></ns0:persName>
		</ns0:author>
	</ns0:analytic>
	<ns0:monogr>
		<ns0:title level="j">Combustion</ns0:title>
		<ns0:imprint>
			<ns0:biblScope unit="volume">467</ns0:biblScope>
			<ns0:biblScope unit="issue">1</ns0:biblScope>
			<ns0:biblScope unit="page" from="31" to="40" />
			<ns0:date type="published" when="1995">1995</ns0:date>
		</ns0:imprint>
	</ns0:monogr>
</ns0:biblStruct>

<ns0:biblStruct xml:id="b14">
	<ns0:analytic>
		<ns0:title level="a" type="main">Quantitative X-ray diffraction analysis 469 and its application to various coals</ns0:title>
		<ns0:author>
			<ns0:persName><ns0:forename type="first">L</ns0:forename><ns0:surname>Lu</ns0:surname></ns0:persName>
		</ns0:author>
		<ns0:author>
			<ns0:persName><ns0:forename type="first">V</ns0:forename><ns0:surname>Sahajwalla</ns0:surname></ns0:persName>
		</ns0:author>
		<ns0:author>
			<ns0:persName><ns0:forename type="first">C</ns0:forename><ns0:surname>Kong</ns0:surname></ns0:persName>
		</ns0:author>
		<ns0:author>
			<ns0:persName><ns0:forename type="first">D</ns0:forename><ns0:surname>Harris</ns0:surname></ns0:persName>
		</ns0:author>
	</ns0:analytic>
	<ns0:monogr>
		<ns0:title level="j">Carbon</ns0:title>
		<ns0:imprint>
			<ns0:biblScope unit="volume">39</ns0:biblScope>
			<ns0:biblScope unit="issue">30</ns0:biblScope>
			<ns0:biblScope unit="page" from="1821" to="1833" />
			<ns0:date type="published" when="2001">2001</ns0:date>
		</ns0:imprint>
	</ns0:monogr>
</ns0:biblStruct>

<ns0:biblStruct xml:id="b15">
	<ns0:analytic>
		<ns0:title level="a" type="main">Structural ordering of coal char during heat 471 treatment and its impact on reactivity</ns0:title>
		<ns0:author>
			<ns0:persName><ns0:forename type="first">B</ns0:forename><ns0:surname>Feng</ns0:surname></ns0:persName>
		</ns0:author>
		<ns0:author>
			<ns0:persName><ns0:forename type="first">S</ns0:forename><ns0:forename type="middle">K</ns0:forename><ns0:surname>Bhatia</ns0:surname></ns0:persName>
		</ns0:author>
		<ns0:author>
			<ns0:persName><ns0:forename type="first">J</ns0:forename><ns0:forename type="middle">C</ns0:forename><ns0:surname>Barry</ns0:surname></ns0:persName>
		</ns0:author>
	</ns0:analytic>
	<ns0:monogr>
		<ns0:title level="j">Carbon</ns0:title>
		<ns0:imprint>
			<ns0:biblScope unit="volume">40</ns0:biblScope>
			<ns0:biblScope unit="issue">4</ns0:biblScope>
			<ns0:biblScope unit="page" from="481" to="496" />
			<ns0:date type="published" when="2002">2002</ns0:date>
		</ns0:imprint>
	</ns0:monogr>
</ns0:biblStruct>

<ns0:biblStruct xml:id="b16">
	<ns0:analytic>
		<ns0:title level="a" type="main">Char structural ordering during pyrolysis 473 and combustion and its influence on char reactivity</ns0:title>
		<ns0:author>
			<ns0:persName><ns0:forename type="first">L</ns0:forename><ns0:surname>Lu</ns0:surname></ns0:persName>
		</ns0:author>
		<ns0:author>
			<ns0:persName><ns0:forename type="first">C</ns0:forename><ns0:surname>Kong</ns0:surname></ns0:persName>
		</ns0:author>
		<ns0:author>
			<ns0:persName><ns0:forename type="first">V</ns0:forename><ns0:surname>Sahajwalla</ns0:surname></ns0:persName>
		</ns0:author>
		<ns0:author>
			<ns0:persName><ns0:forename type="first">D</ns0:forename><ns0:surname>Harris</ns0:surname></ns0:persName>
		</ns0:author>
	</ns0:analytic>
	<ns0:monogr>
		<ns0:title level="j">Fuel</ns0:title>
		<ns0:imprint>
			<ns0:biblScope unit="volume">81</ns0:biblScope>
			<ns0:biblScope unit="issue">32</ns0:biblScope>
			<ns0:biblScope unit="page" from="1215" to="1225" />
			<ns0:date type="published" when="2002">2002</ns0:date>
		</ns0:imprint>
	</ns0:monogr>
</ns0:biblStruct>

<ns0:biblStruct xml:id="b17">
	<ns0:analytic>
		<ns0:title level="a" type="main">Kinetic study on coal char combustion in a microfluidized bed</ns0:title>
		<ns0:author>
			<ns0:persName><ns0:forename type="first">Y</ns0:forename><ns0:surname>Fang</ns0:surname></ns0:persName>
		</ns0:author>
		<ns0:author>
			<ns0:persName><ns0:forename type="first">R</ns0:forename><ns0:surname>Zou</ns0:surname></ns0:persName>
		</ns0:author>
		<ns0:author>
			<ns0:persName><ns0:forename type="first">G</ns0:forename><ns0:surname>Luo</ns0:surname></ns0:persName>
		</ns0:author>
		<ns0:author>
			<ns0:persName><ns0:forename type="first">J</ns0:forename><ns0:surname>Chen</ns0:surname></ns0:persName>
		</ns0:author>
		<ns0:author>
			<ns0:persName><ns0:forename type="first">Z</ns0:forename><ns0:surname>Li</ns0:surname></ns0:persName>
		</ns0:author>
		<ns0:author>
			<ns0:persName><ns0:forename type="first">Z</ns0:forename><ns0:surname>Mao</ns0:surname></ns0:persName>
		</ns0:author>
		<ns0:author>
			<ns0:persName><ns0:forename type="first">X</ns0:forename><ns0:surname>Zhu</ns0:surname></ns0:persName>
		</ns0:author>
		<ns0:author>
			<ns0:persName><ns0:forename type="first">F</ns0:forename><ns0:surname>Peng</ns0:surname></ns0:persName>
		</ns0:author>
		<ns0:author>
			<ns0:persName><ns0:forename type="first">S</ns0:forename><ns0:surname>Guo</ns0:surname></ns0:persName>
		</ns0:author>
		<ns0:author>
			<ns0:persName><ns0:forename type="first">X</ns0:forename><ns0:surname>Li</ns0:surname></ns0:persName>
		</ns0:author>
		<ns0:author>
			<ns0:persName><ns0:forename type="first">H</ns0:forename><ns0:surname>Yao</ns0:surname></ns0:persName>
		</ns0:author>
	</ns0:analytic>
	<ns0:monogr>
		<ns0:title level="j">Energy &amp; Fuels</ns0:title>
		<ns0:imprint>
			<ns0:biblScope unit="volume">476</ns0:biblScope>
			<ns0:biblScope unit="issue">33</ns0:biblScope>
			<ns0:biblScope unit="page">31</ns0:biblScope>
			<ns0:date type="published" when="2017">2017</ns0:date>
		</ns0:imprint>
	</ns0:monogr>
</ns0:biblStruct>

<ns0:biblStruct xml:id="b18">
	<ns0:analytic>
		<ns0:title level="a" type="main">Towards oxy-478 steam combustion: The effect of increasing the steam concentration on coal reactivity</ns0:title>
		<ns0:author>
			<ns0:persName><ns0:forename type="first">C</ns0:forename><ns0:surname>Dueso</ns0:surname></ns0:persName>
		</ns0:author>
		<ns0:author>
			<ns0:persName><ns0:forename type="first">M</ns0:forename><ns0:forename type="middle">C</ns0:forename><ns0:surname>Mayoral</ns0:surname></ns0:persName>
		</ns0:author>
		<ns0:author>
			<ns0:persName><ns0:forename type="first">J</ns0:forename><ns0:forename type="middle">M</ns0:forename><ns0:surname>Andr&#233;s</ns0:surname></ns0:persName>
		</ns0:author>
		<ns0:author>
			<ns0:persName><ns0:forename type="first">A</ns0:forename><ns0:forename type="middle">I</ns0:forename><ns0:surname>Escudero</ns0:surname></ns0:persName>
		</ns0:author>
		<ns0:author>
			<ns0:persName><ns0:forename type="first">L</ns0:forename><ns0:forename type="middle">I</ns0:forename><ns0:surname>D&#237;ez</ns0:surname></ns0:persName>
		</ns0:author>
	</ns0:analytic>
	<ns0:monogr>
		<ns0:title level="j">ACS Paragon Plus Environment Energy &amp; Fuels</ns0:title>
		<ns0:imprint>
			<ns0:biblScope unit="volume">31</ns0:biblScope>
			<ns0:biblScope unit="issue">34</ns0:biblScope>
			<ns0:biblScope unit="page" from="534" to="546" />
			<ns0:date type="published" when="2019">2019</ns0:date>
		</ns0:imprint>
	</ns0:monogr>
	<ns0:note>Fuel</ns0:note>
</ns0:biblStruct>

				</ns0:listBibl>
			</ns0:div>
		</ns0:back>
	</ns0:text>
</ns0:TEI>