<ns0:TEI xmlns:ns0="http://www.tei-c.org/ns/1.0" xmlns:xsi="http://www.w3.org/2001/XMLSchema-instance" xml:space="preserve" xsi:schemaLocation="http://www.tei-c.org/ns/1.0 https://raw.githubusercontent.com/kermitt2/grobid/master/grobid-home/schemas/xsd/Grobid.xsd">
	<ns0:teiHeader xml:lang="en">
		<ns0:fileDesc>
			<ns0:titleStmt>
				<ns0:title level="a" type="main">Are environmentally friendly fireworks really "green" for air quality: a study from the 2019 National Day fireworks display in Shenzhen</ns0:title>
			</ns0:titleStmt>
			<ns0:publicationStmt>
				<ns0:publisher />
				<ns0:availability status="unknown"><ns0:licence /></ns0:availability>
			</ns0:publicationStmt>
			<ns0:sourceDesc>
				<ns0:biblStruct>
					<ns0:analytic>
						<ns0:author>
							<ns0:persName><ns0:forename type="first">Shidong</ns0:forename><ns0:surname>Fan</ns0:surname></ns0:persName>
							<ns0:affiliation key="aff0">
								<ns0:orgName type="department">Department of Ocean Science and Engineering</ns0:orgName>
								<ns0:orgName type="institution">Southern University of Science and Technology</ns0:orgName>
								<ns0:address>
									<ns0:settlement>Shenzhen</ns0:settlement>
									<ns0:country key="CN">China</ns0:country>
								</ns0:address>
							</ns0:affiliation>
							<ns0:affiliation key="aff1">
								<ns0:orgName type="department">Center for the Oceanic and Atmospheric Science at SUSTech (COAST)</ns0:orgName>
								<ns0:orgName type="institution">Southern University of Science and Technology</ns0:orgName>
								<ns0:address>
									<ns0:settlement>Shenzhen</ns0:settlement>
									<ns0:country key="CN">China</ns0:country>
								</ns0:address>
							</ns0:affiliation>
						</ns0:author>
						<ns0:author>
							<ns0:persName><ns0:forename type="first">Ying</ns0:forename><ns0:surname>Li</ns0:surname></ns0:persName>
							<ns0:affiliation key="aff0">
								<ns0:orgName type="department">Department of Ocean Science and Engineering</ns0:orgName>
								<ns0:orgName type="institution">Southern University of Science and Technology</ns0:orgName>
								<ns0:address>
									<ns0:settlement>Shenzhen</ns0:settlement>
									<ns0:country key="CN">China</ns0:country>
								</ns0:address>
							</ns0:affiliation>
							<ns0:affiliation key="aff1">
								<ns0:orgName type="department">Center for the Oceanic and Atmospheric Science at SUSTech (COAST)</ns0:orgName>
								<ns0:orgName type="institution">Southern University of Science and Technology</ns0:orgName>
								<ns0:address>
									<ns0:settlement>Shenzhen</ns0:settlement>
									<ns0:country key="CN">China</ns0:country>
								</ns0:address>
							</ns0:affiliation>
						</ns0:author>
						<ns0:author>
							<ns0:persName><ns0:forename type="first">Chanfang</ns0:forename><ns0:surname>Liu</ns0:surname></ns0:persName>
							<ns0:affiliation key="aff2">
								<ns0:orgName type="department">Environmental Monitoring Center</ns0:orgName>
								<ns0:address>
									<ns0:settlement>Shenzhen</ns0:settlement>
									<ns0:country key="CN">China</ns0:country>
								</ns0:address>
							</ns0:affiliation>
						</ns0:author>
						<ns0:title level="a" type="main">Are environmentally friendly fireworks really "green" for air quality: a study from the 2019 National Day fireworks display in Shenzhen</ns0:title>
					</ns0:analytic>
					<ns0:monogr>
						<ns0:imprint>
							<ns0:date />
						</ns0:imprint>
					</ns0:monogr>
				</ns0:biblStruct>
			</ns0:sourceDesc>
		</ns0:fileDesc>
		<ns0:encodingDesc>
			<ns0:appInfo>
				<ns0:application version="0.7.3" ident="GROBID" when="2023-07-23T18:05+0000">
					<ns0:desc>GROBID - A machine learning software for extracting information from scholarly documents</ns0:desc>
					<ns0:ref target="https://github.com/kermitt2/grobid" />
				</ns0:application>
			</ns0:appInfo>
		</ns0:encodingDesc>
		<ns0:profileDesc>
			<ns0:abstract />
		</ns0:profileDesc>
	</ns0:teiHeader>
	<ns0:text xml:lang="en">
		<ns0:back>
			<ns0:div type="annex">
<ns0:div><ns0:p>The red square is the trajectory of the plume.</ns0:p></ns0:div>			</ns0:div>
			<ns0:div type="references">

				<ns0:listBibl>

<ns0:biblStruct xml:id="b0">
	<ns0:analytic>
		<ns0:title level="a" type="main">Effects of indoor pyrotechnic displays on the air quality in the Houston Astrodome</ns0:title>
		<ns0:author>
			<ns0:persName><ns0:forename type="first">D</ns0:forename><ns0:forename type="middle">D</ns0:forename><ns0:surname>Dutcher</ns0:surname></ns0:persName>
		</ns0:author>
		<ns0:author>
			<ns0:persName><ns0:forename type="first">K</ns0:forename><ns0:forename type="middle">D</ns0:forename><ns0:surname>Perry</ns0:surname></ns0:persName>
		</ns0:author>
		<ns0:author>
			<ns0:persName><ns0:forename type="first">T</ns0:forename><ns0:forename type="middle">A</ns0:forename><ns0:surname>Cahill</ns0:surname></ns0:persName>
		</ns0:author>
		<ns0:author>
			<ns0:persName><ns0:forename type="first">S</ns0:forename><ns0:forename type="middle">A</ns0:forename><ns0:surname>Copeland</ns0:surname></ns0:persName>
		</ns0:author>
	</ns0:analytic>
	<ns0:monogr>
		<ns0:title level="j">Journal of the Air &amp; Waste Management Association</ns0:title>
		<ns0:imprint>
			<ns0:biblScope unit="volume">49</ns0:biblScope>
			<ns0:biblScope unit="issue">2</ns0:biblScope>
			<ns0:biblScope unit="page" from="156" to="160" />
			<ns0:date type="published" when="1999">1999</ns0:date>
		</ns0:imprint>
	</ns0:monogr>
</ns0:biblStruct>

<ns0:biblStruct xml:id="b1">
	<ns0:analytic>
		<ns0:title level="a" type="main">Emission factors and exposures from groundlevel pyrotechnics</ns0:title>
		<ns0:author>
			<ns0:persName><ns0:forename type="first">G</ns0:forename><ns0:surname>Croteau</ns0:surname></ns0:persName>
		</ns0:author>
		<ns0:author>
			<ns0:persName><ns0:forename type="first">R</ns0:forename><ns0:surname>Dills</ns0:surname></ns0:persName>
		</ns0:author>
		<ns0:author>
			<ns0:persName><ns0:forename type="first">M</ns0:forename><ns0:surname>Beaudreau</ns0:surname></ns0:persName>
		</ns0:author>
		<ns0:author>
			<ns0:persName><ns0:forename type="first">M</ns0:forename><ns0:surname>Davis</ns0:surname></ns0:persName>
		</ns0:author>
	</ns0:analytic>
	<ns0:monogr>
		<ns0:title level="j">Atmospheric Environment</ns0:title>
		<ns0:imprint>
			<ns0:biblScope unit="volume">44</ns0:biblScope>
			<ns0:biblScope unit="issue">27</ns0:biblScope>
			<ns0:biblScope unit="page" from="3295" to="3303" />
			<ns0:date type="published" when="2010">2010</ns0:date>
		</ns0:imprint>
	</ns0:monogr>
</ns0:biblStruct>

<ns0:biblStruct xml:id="b2">
	<ns0:analytic>
		<ns0:title level="a" type="main">Governing equations and computational structure of the community multiscale air quality (CMAQ) chemical transport model</ns0:title>
		<ns0:author>
			<ns0:persName><ns0:forename type="first">D</ns0:forename><ns0:forename type="middle">W</ns0:forename><ns0:surname>Byun</ns0:surname></ns0:persName>
		</ns0:author>
		<ns0:author>
			<ns0:persName><ns0:forename type="first">J</ns0:forename><ns0:surname>Young</ns0:surname></ns0:persName>
		</ns0:author>
		<ns0:author>
			<ns0:persName><ns0:forename type="first">M</ns0:forename><ns0:forename type="middle">T</ns0:forename><ns0:surname>Odman</ns0:surname></ns0:persName>
		</ns0:author>
	</ns0:analytic>
	<ns0:monogr>
		<ns0:title level="m">Science Algorithms of the EPA Models-3 Community Multiscale Air Quality (CMAQ) Modeling System</ns0:title>
		<ns0:editor>
			<ns0:persName><ns0:forename type="first">D</ns0:forename><ns0:forename type="middle">W</ns0:forename><ns0:surname>Byun</ns0:surname></ns0:persName>
		</ns0:editor>
		<ns0:editor>
			<ns0:persName><ns0:forename type="first">J</ns0:forename><ns0:forename type="middle">K S</ns0:forename><ns0:surname>Ching</ns0:surname></ns0:persName>
		</ns0:editor>
		<ns0:meeting><ns0:address><ns0:addrLine>Washington, DC</ns0:addrLine></ns0:address></ns0:meeting>
		<ns0:imprint>
			<ns0:date type="published" when="1999">1999</ns0:date>
		</ns0:imprint>
	</ns0:monogr>
</ns0:biblStruct>

<ns0:biblStruct xml:id="b3">
	<ns0:analytic>
		<ns0:title level="a" type="main">Numerical transport algorithms for the community multiscale air quality (CMAQ) chemical transport model in generalized coordinates</ns0:title>
		<ns0:author>
			<ns0:persName><ns0:forename type="first">D</ns0:forename><ns0:forename type="middle">W</ns0:forename><ns0:surname>Byun</ns0:surname></ns0:persName>
		</ns0:author>
		<ns0:author>
			<ns0:persName><ns0:forename type="first">J</ns0:forename><ns0:surname>Young</ns0:surname></ns0:persName>
		</ns0:author>
		<ns0:author>
			<ns0:persName><ns0:forename type="first">J</ns0:forename><ns0:surname>Pleim</ns0:surname></ns0:persName>
		</ns0:author>
		<ns0:author>
			<ns0:persName><ns0:forename type="first">M</ns0:forename><ns0:forename type="middle">T</ns0:forename><ns0:surname>Odman</ns0:surname></ns0:persName>
		</ns0:author>
		<ns0:author>
			<ns0:persName><ns0:forename type="first">K</ns0:forename><ns0:surname>Alapaty</ns0:surname></ns0:persName>
		</ns0:author>
	</ns0:analytic>
	<ns0:monogr>
		<ns0:title level="m">Science Algorithms of the EPA Models-3 Community Multiscale Air Quality (CMAQ) Modeling System Byun</ns0:title>
		<ns0:editor>
			<ns0:persName><ns0:forename type="first">D</ns0:forename><ns0:forename type="middle">W</ns0:forename><ns0:surname>Ching</ns0:surname></ns0:persName>
		</ns0:editor>
		<ns0:editor>
			<ns0:persName><ns0:forename type="first">J</ns0:forename><ns0:forename type="middle">K S</ns0:forename></ns0:persName>
		</ns0:editor>
		<ns0:meeting><ns0:address><ns0:addrLine>Washington, DC</ns0:addrLine></ns0:address></ns0:meeting>
		<ns0:imprint>
			<ns0:date type="published" when="1999">1999. 20460</ns0:date>
		</ns0:imprint>
	</ns0:monogr>
</ns0:biblStruct>

<ns0:biblStruct xml:id="b4">
	<ns0:analytic>
		<ns0:title level="a" type="main">A combined local and nonlocal closure model for the atmospheric boundary layer. Part I: Model description and testing</ns0:title>
		<ns0:author>
			<ns0:persName><ns0:forename type="first">J</ns0:forename><ns0:forename type="middle">E</ns0:forename><ns0:surname>Pleim</ns0:surname></ns0:persName>
		</ns0:author>
	</ns0:analytic>
	<ns0:monogr>
		<ns0:title level="j">Journal of Applied Meteorology and Climatology</ns0:title>
		<ns0:imprint>
			<ns0:biblScope unit="volume">46</ns0:biblScope>
			<ns0:biblScope unit="issue">9</ns0:biblScope>
			<ns0:biblScope unit="page" from="1383" to="1395" />
			<ns0:date type="published" when="2007">2007</ns0:date>
		</ns0:imprint>
	</ns0:monogr>
</ns0:biblStruct>

<ns0:biblStruct xml:id="b5">
	<ns0:analytic>
		<ns0:title level="a" type="main">A theory of eddy diffusion in the atmosphere</ns0:title>
		<ns0:author>
			<ns0:persName><ns0:forename type="first">O</ns0:forename><ns0:forename type="middle">G</ns0:forename><ns0:surname>Sutton</ns0:surname></ns0:persName>
		</ns0:author>
	</ns0:analytic>
	<ns0:monogr>
		<ns0:title level="j">Proceedings of the Royal Society of London Series a-Containing Papers of a Mathematical and Physical Character</ns0:title>
		<ns0:imprint>
			<ns0:biblScope unit="volume">135</ns0:biblScope>
			<ns0:biblScope unit="issue">826</ns0:biblScope>
			<ns0:biblScope unit="page" from="143" to="165" />
			<ns0:date type="published" when="1932">1932</ns0:date>
		</ns0:imprint>
	</ns0:monogr>
</ns0:biblStruct>

<ns0:biblStruct xml:id="b6">
	<ns0:analytic>
		<ns0:title level="a" type="main">Review of the governing equations, computational algorithms, and other components of the models-3 Community Multiscale Air Quality (CMAQ) modeling system</ns0:title>
		<ns0:author>
			<ns0:persName><ns0:forename type="first">D</ns0:forename><ns0:forename type="middle">W</ns0:forename><ns0:surname>Byun</ns0:surname></ns0:persName>
		</ns0:author>
		<ns0:author>
			<ns0:persName><ns0:forename type="first">K</ns0:forename><ns0:forename type="middle">L</ns0:forename><ns0:surname>Schere</ns0:surname></ns0:persName>
		</ns0:author>
	</ns0:analytic>
	<ns0:monogr>
		<ns0:title level="j">Applied Mechanics Reviews</ns0:title>
		<ns0:imprint>
			<ns0:biblScope unit="volume">59</ns0:biblScope>
			<ns0:biblScope unit="issue">1-6</ns0:biblScope>
			<ns0:biblScope unit="page" from="51" to="77" />
			<ns0:date type="published" when="2006">2006</ns0:date>
		</ns0:imprint>
	</ns0:monogr>
</ns0:biblStruct>

<ns0:biblStruct xml:id="b7">
	<ns0:analytic>
		<ns0:title level="a" type="main">Recommendations on statistics and benchmarks to assess photochemical model performance</ns0:title>
		<ns0:author>
			<ns0:persName><ns0:forename type="first">C</ns0:forename><ns0:surname>Emery</ns0:surname></ns0:persName>
		</ns0:author>
		<ns0:author>
			<ns0:persName><ns0:forename type="first">Z</ns0:forename><ns0:surname>Liu</ns0:surname></ns0:persName>
		</ns0:author>
		<ns0:author>
			<ns0:persName><ns0:forename type="first">A</ns0:forename><ns0:forename type="middle">G</ns0:forename><ns0:surname>Russell</ns0:surname></ns0:persName>
		</ns0:author>
		<ns0:author>
			<ns0:persName><ns0:forename type="first">M</ns0:forename><ns0:forename type="middle">T</ns0:forename><ns0:surname>Odman</ns0:surname></ns0:persName>
		</ns0:author>
		<ns0:author>
			<ns0:persName><ns0:forename type="first">G</ns0:forename><ns0:surname>Yarwood</ns0:surname></ns0:persName>
		</ns0:author>
		<ns0:author>
			<ns0:persName><ns0:forename type="first">N</ns0:forename><ns0:surname>Kumar</ns0:surname></ns0:persName>
		</ns0:author>
	</ns0:analytic>
	<ns0:monogr>
		<ns0:title level="j">Journal of the Air &amp; Waste Management Association</ns0:title>
		<ns0:imprint>
			<ns0:biblScope unit="volume">67</ns0:biblScope>
			<ns0:biblScope unit="issue">5</ns0:biblScope>
			<ns0:biblScope unit="page" from="582" to="598" />
			<ns0:date type="published" when="2017">2017</ns0:date>
		</ns0:imprint>
	</ns0:monogr>
</ns0:biblStruct>

<ns0:biblStruct xml:id="b8">
	<ns0:monogr>
		<ns0:title level="m" type="main">Enhanced meteorological modeling and performance evaluation for two Texas ozone episodes. Prepared for the Texas natural resource conservation commission</ns0:title>
		<ns0:author>
			<ns0:persName><ns0:forename type="first">C</ns0:forename><ns0:surname>Emery</ns0:surname></ns0:persName>
		</ns0:author>
		<ns0:author>
			<ns0:persName><ns0:forename type="first">E</ns0:forename><ns0:surname>Tai</ns0:surname></ns0:persName>
		</ns0:author>
		<ns0:author>
			<ns0:persName><ns0:forename type="first">G</ns0:forename><ns0:surname>Yarwood</ns0:surname></ns0:persName>
		</ns0:author>
		<ns0:imprint>
			<ns0:date type="published" when="2001">2001</ns0:date>
			<ns0:publisher>ENVIRON International Corporation</ns0:publisher>
		</ns0:imprint>
	</ns0:monogr>
</ns0:biblStruct>

<ns0:biblStruct xml:id="b9">
	<ns0:analytic>
		<ns0:title level="a" type="main">WRF wind simulation and wind energy production estimates forced by different reanalyses: Comparison with observed data for Portugal</ns0:title>
		<ns0:author>
			<ns0:persName><ns0:forename type="first">D</ns0:forename><ns0:surname>Carvalho</ns0:surname></ns0:persName>
		</ns0:author>
		<ns0:author>
			<ns0:persName><ns0:forename type="first">A</ns0:forename><ns0:surname>Rocha</ns0:surname></ns0:persName>
		</ns0:author>
		<ns0:author>
			<ns0:persName><ns0:forename type="first">M</ns0:forename><ns0:surname>Gomez-Gesteira</ns0:surname></ns0:persName>
		</ns0:author>
		<ns0:author>
			<ns0:persName><ns0:forename type="first">C</ns0:forename><ns0:forename type="middle">S</ns0:forename><ns0:surname>Santos</ns0:surname></ns0:persName>
		</ns0:author>
	</ns0:analytic>
	<ns0:monogr>
		<ns0:title level="j">Applied Energy</ns0:title>
		<ns0:imprint>
			<ns0:biblScope unit="volume">117</ns0:biblScope>
			<ns0:biblScope unit="page" from="116" to="126" />
			<ns0:date type="published" when="2014">2014</ns0:date>
		</ns0:imprint>
	</ns0:monogr>
</ns0:biblStruct>

<ns0:biblStruct xml:id="b10">
	<ns0:analytic>
		<ns0:title level="a" type="main">American Fireworks Standards Laboratory (AFSL), Standards for consumer fireworks</ns0:title>
	</ns0:analytic>
	<ns0:monogr>
		<ns0:title level="m">Opti</ns0:title>
		<ns0:imprint>
			<ns0:date type="published" when="2019">2019</ns0:date>
		</ns0:imprint>
	</ns0:monogr>
</ns0:biblStruct>

<ns0:biblStruct xml:id="b11">
	<ns0:monogr>
		<ns0:title level="m" type="main">Formula for colorful fireworks. CN Patent CN103497077A</ns0:title>
		<ns0:author>
			<ns0:persName><ns0:forename type="first">R</ns0:forename><ns0:forename type="middle">B</ns0:forename><ns0:surname>Sun</ns0:surname></ns0:persName>
		</ns0:author>
		<ns0:imprint>
			<ns0:date type="published" when="2013-01-08">Jan 08, 2013</ns0:date>
		</ns0:imprint>
	</ns0:monogr>
</ns0:biblStruct>

<ns0:biblStruct xml:id="b12">
	<ns0:monogr>
		<ns0:title level="m" type="main">Study on Charge Technology of Smokeless Aerial Shell</ns0:title>
		<ns0:author>
			<ns0:persName><ns0:forename type="first">C</ns0:forename><ns0:surname>Yuan</ns0:surname></ns0:persName>
		</ns0:author>
		<ns0:imprint>
			<ns0:date type="published" when="2012">2012</ns0:date>
		</ns0:imprint>
		<ns0:respStmt>
			<ns0:orgName>Master, Nanjing University of Science and Technology</ns0:orgName>
		</ns0:respStmt>
	</ns0:monogr>
	<ns0:note>in Chinese</ns0:note>
</ns0:biblStruct>

<ns0:biblStruct xml:id="b13">
	<ns0:monogr>
		<ns0:title level="m" type="main">Large festive firework with micro-pore firework ammunition as depucelation ammunition and preparation method of large festive firework. CN Patent CN102192685A</ns0:title>
		<ns0:author>
			<ns0:persName><ns0:forename type="first">Z</ns0:forename><ns0:forename type="middle">M</ns0:forename><ns0:surname>Pan</ns0:surname></ns0:persName>
		</ns0:author>
		<ns0:author>
			<ns0:persName><ns0:forename type="first">X</ns0:forename><ns0:forename type="middle">Y</ns0:forename><ns0:surname>Lin</ns0:surname></ns0:persName>
		</ns0:author>
		<ns0:author>
			<ns0:persName><ns0:forename type="first">S</ns0:forename><ns0:forename type="middle">Y</ns0:forename><ns0:surname>Li</ns0:surname></ns0:persName>
		</ns0:author>
		<ns0:imprint>
			<ns0:date type="published" when="2011-09-21">Sep 21, 2011</ns0:date>
		</ns0:imprint>
	</ns0:monogr>
</ns0:biblStruct>

<ns0:biblStruct xml:id="b14">
	<ns0:monogr>
		<ns0:title level="m" type="main">Modular smokeless firework emission ammunition with multihierarchy hole structure and preparation method for modular smokeless firework emission ammunition. CN Patent CN102584506A</ns0:title>
		<ns0:author>
			<ns0:persName><ns0:forename type="first">X</ns0:forename><ns0:forename type="middle">Y</ns0:forename><ns0:surname>Lin</ns0:surname></ns0:persName>
		</ns0:author>
		<ns0:author>
			<ns0:persName><ns0:forename type="first">Z</ns0:forename><ns0:forename type="middle">M</ns0:forename><ns0:surname>Pan</ns0:surname></ns0:persName>
		</ns0:author>
		<ns0:author>
			<ns0:persName><ns0:forename type="first">S</ns0:forename><ns0:forename type="middle">Y</ns0:forename><ns0:surname>Li</ns0:surname></ns0:persName>
		</ns0:author>
		<ns0:imprint>
			<ns0:date type="published" when="2011-07-18">Jul 18, 2011</ns0:date>
		</ns0:imprint>
	</ns0:monogr>
</ns0:biblStruct>

<ns0:biblStruct xml:id="b15">
	<ns0:analytic>
		<ns0:title level="a" type="main">Charging Technology of Micropores Smokeless Propellant for Firework (in Chinese)</ns0:title>
		<ns0:author>
			<ns0:persName><ns0:forename type="first">X</ns0:forename><ns0:forename type="middle">Y</ns0:forename><ns0:surname>Lin</ns0:surname></ns0:persName>
		</ns0:author>
		<ns0:author>
			<ns0:persName><ns0:forename type="first">Y</ns0:forename><ns0:forename type="middle">J</ns0:forename><ns0:surname>Liu</ns0:surname></ns0:persName>
		</ns0:author>
		<ns0:author>
			<ns0:persName><ns0:forename type="first">S</ns0:forename><ns0:surname>Shi</ns0:surname></ns0:persName>
		</ns0:author>
		<ns0:author>
			<ns0:persName><ns0:forename type="first">R</ns0:forename><ns0:forename type="middle">M</ns0:forename><ns0:surname>Pan</ns0:surname></ns0:persName>
		</ns0:author>
	</ns0:analytic>
	<ns0:monogr>
		<ns0:title level="j">Journal of Nanjing University of Science and Technology</ns0:title>
		<ns0:imprint>
			<ns0:biblScope unit="volume">35</ns0:biblScope>
			<ns0:biblScope unit="issue">04</ns0:biblScope>
			<ns0:biblScope unit="page" from="552" to="557" />
			<ns0:date type="published" when="2011">2011</ns0:date>
		</ns0:imprint>
	</ns0:monogr>
</ns0:biblStruct>

<ns0:biblStruct xml:id="b16">
	<ns0:analytic>
		<ns0:title level="a" type="main">Study on the Improvement of Black Powder</ns0:title>
		<ns0:author>
			<ns0:persName><ns0:forename type="first">G</ns0:forename><ns0:forename type="middle">L</ns0:forename><ns0:surname>Tang</ns0:surname></ns0:persName>
		</ns0:author>
		<ns0:author>
			<ns0:persName><ns0:forename type="first">J</ns0:forename><ns0:forename type="middle">Y</ns0:forename><ns0:surname>Zhao</ns0:surname></ns0:persName>
		</ns0:author>
		<ns0:author>
			<ns0:persName><ns0:forename type="first">H</ns0:forename><ns0:surname>Wu</ns0:surname></ns0:persName>
		</ns0:author>
		<ns0:author>
			<ns0:persName><ns0:forename type="first">Z</ns0:forename><ns0:forename type="middle">M</ns0:forename><ns0:surname>Du</ns0:surname></ns0:persName>
		</ns0:author>
	</ns0:analytic>
	<ns0:monogr>
		<ns0:title level="j">Initiators &amp; Pyrotechnics</ns0:title>
		<ns0:imprint>
			<ns0:biblScope unit="issue">04</ns0:biblScope>
			<ns0:biblScope unit="page" from="25" to="26" />
			<ns0:date type="published" when="2002">2002</ns0:date>
		</ns0:imprint>
	</ns0:monogr>
</ns0:biblStruct>

<ns0:biblStruct xml:id="b17">
	<ns0:analytic>
		<ns0:title level="a" type="main">Preliminary Study on the Selection of Smokeless Fireworks Charges (1) On the selection of smokeless oxidants</ns0:title>
		<ns0:author>
			<ns0:persName><ns0:forename type="first">X</ns0:forename><ns0:forename type="middle">L</ns0:forename><ns0:surname>Kong</ns0:surname></ns0:persName>
		</ns0:author>
		<ns0:author>
			<ns0:persName><ns0:forename type="first">J</ns0:forename><ns0:forename type="middle">F</ns0:forename><ns0:surname>Song</ns0:surname></ns0:persName>
		</ns0:author>
	</ns0:analytic>
	<ns0:monogr>
		<ns0:title level="j">Fireworks Technology and Market</ns0:title>
		<ns0:imprint>
			<ns0:biblScope unit="issue">04</ns0:biblScope>
			<ns0:biblScope unit="page">16</ns0:biblScope>
			<ns0:date type="published" when="2009">2009</ns0:date>
		</ns0:imprint>
	</ns0:monogr>
	<ns0:note>in Chinese</ns0:note>
</ns0:biblStruct>

<ns0:biblStruct xml:id="b18">
	<ns0:analytic>
		<ns0:title level="a" type="main">Smokeless and sulfur-free propellant</ns0:title>
	</ns0:analytic>
	<ns0:monogr>
		<ns0:title level="m">Fireworks Technology and Market</ns0:title>
		<ns0:imprint>
			<ns0:date type="published" when="2017">2017</ns0:date>
			<ns0:biblScope unit="page" from="14" to="16" />
		</ns0:imprint>
		<ns0:respStmt>
			<ns0:orgName>Liuyang Jixiang Environmental Firework Material Development Co., L.</ns0:orgName>
		</ns0:respStmt>
	</ns0:monogr>
	<ns0:note>in Chinese</ns0:note>
</ns0:biblStruct>

<ns0:biblStruct xml:id="b19">
	<ns0:monogr>
		<ns0:title level="m" type="main">A Study on Ignition and Propagationof Aerial Shell Charge with Little Burning Smoke</ns0:title>
		<ns0:author>
			<ns0:persName><ns0:forename type="first">Z</ns0:forename><ns0:forename type="middle">H</ns0:forename><ns0:surname>Zhou</ns0:surname></ns0:persName>
		</ns0:author>
		<ns0:imprint>
			<ns0:date type="published" when="2012">2012</ns0:date>
		</ns0:imprint>
		<ns0:respStmt>
			<ns0:orgName>Master, Nanjing University of Science and Technology</ns0:orgName>
		</ns0:respStmt>
	</ns0:monogr>
	<ns0:note>in Chinese</ns0:note>
</ns0:biblStruct>

<ns0:biblStruct xml:id="b20">
	<ns0:analytic>
		<ns0:title level="a" type="main">A novel environmental-friendly and safe unpacking powder without magnesium, aluminum and sulphur for fireworks</ns0:title>
		<ns0:author>
			<ns0:persName><ns0:forename type="first">Z</ns0:forename><ns0:forename type="middle">Y</ns0:forename><ns0:surname>Han</ns0:surname></ns0:persName>
		</ns0:author>
		<ns0:author>
			<ns0:persName><ns0:forename type="first">Q</ns0:forename><ns0:surname>Jiang</ns0:surname></ns0:persName>
		</ns0:author>
		<ns0:author>
			<ns0:persName><ns0:forename type="first">Z</ns0:forename><ns0:forename type="middle">M</ns0:forename><ns0:surname>Du</ns0:surname></ns0:persName>
		</ns0:author>
		<ns0:author>
			<ns0:persName><ns0:forename type="first">H</ns0:forename><ns0:forename type="middle">H</ns0:forename><ns0:surname>Hoon</ns0:surname></ns0:persName>
		</ns0:author>
		<ns0:author>
			<ns0:persName><ns0:forename type="first">Y</ns0:forename><ns0:surname>Yu</ns0:surname></ns0:persName>
		</ns0:author>
		<ns0:author>
			<ns0:persName><ns0:forename type="first">Y</ns0:forename><ns0:forename type="middle">P</ns0:forename><ns0:surname>Zhang</ns0:surname></ns0:persName>
		</ns0:author>
		<ns0:author>
			<ns0:persName><ns0:forename type="first">L</ns0:forename><ns0:surname>Gong</ns0:surname></ns0:persName>
		</ns0:author>
		<ns0:author>
			<ns0:persName><ns0:forename type="first">Y</ns0:forename><ns0:surname>Sun</ns0:surname></ns0:persName>
		</ns0:author>
	</ns0:analytic>
	<ns0:monogr>
		<ns0:title level="j">Journal of Hazardous Materials</ns0:title>
		<ns0:imprint>
			<ns0:biblScope unit="volume">373</ns0:biblScope>
			<ns0:biblScope unit="page" from="835" to="843" />
			<ns0:date type="published" when="2019">2019</ns0:date>
		</ns0:imprint>
	</ns0:monogr>
</ns0:biblStruct>

<ns0:biblStruct xml:id="b21">
	<ns0:monogr>
		<ns0:title level="m" type="main">Emission Factors for Aerial Pyrotechnics and Use in Assessing Environmental Impact of Firework Displays: Case Study from Malta</ns0:title>
		<ns0:author>
			<ns0:persName><ns0:forename type="first">R</ns0:forename><ns0:surname>Camilleri</ns0:surname></ns0:persName>
		</ns0:author>
		<ns0:author>
			<ns0:persName><ns0:forename type="first">A</ns0:forename><ns0:forename type="middle">J</ns0:forename><ns0:surname>Vella</ns0:surname></ns0:persName>
		</ns0:author>
		<ns0:imprint />
	</ns0:monogr>
	<ns0:note>Propellants Explosives</ns0:note>
</ns0:biblStruct>

				</ns0:listBibl>
			</ns0:div>
		</ns0:back>
	</ns0:text>
</ns0:TEI>