<ns0:TEI xmlns:ns0="http://www.tei-c.org/ns/1.0" xmlns:xsi="http://www.w3.org/2001/XMLSchema-instance" xml:space="preserve" xsi:schemaLocation="http://www.tei-c.org/ns/1.0 https://raw.githubusercontent.com/kermitt2/grobid/master/grobid-home/schemas/xsd/Grobid.xsd">
	<ns0:teiHeader xml:lang="en">
		<ns0:fileDesc>
			<ns0:titleStmt>
				<ns0:title level="a" type="main" />
			</ns0:titleStmt>
			<ns0:publicationStmt>
				<ns0:publisher />
				<ns0:availability status="unknown"><ns0:licence /></ns0:availability>
			</ns0:publicationStmt>
			<ns0:sourceDesc>
				<ns0:biblStruct>
					<ns0:analytic>
						<ns0:author>
							<ns0:affiliation key="aff0">
								<ns0:orgName type="department" key="dep1">Facultad de Ciencias</ns0:orgName>
								<ns0:orgName type="department" key="dep2">Escuela de Qu&#237;mica</ns0:orgName>
								<ns0:orgName type="institution">Universidad Central de Venezuela</ns0:orgName>
								<ns0:address>
									<ns0:postCode>1041</ns0:postCode>
									<ns0:region>Caracas</ns0:region>
									<ns0:country key="VE">Venezuela</ns0:country>
								</ns0:address>
							</ns0:affiliation>
						</ns0:author>
						<ns0:author>
							<ns0:affiliation key="aff1">
								<ns0:orgName type="institution" key="instit1">Universit&#233; de Pau et des Pays de l'Adour</ns0:orgName>
								<ns0:orgName type="institution" key="instit2">CNRS</ns0:orgName>
								<ns0:orgName type="institution" key="instit3">TOTAL, LFCR</ns0:orgName>
								<ns0:address>
									<ns0:postCode>E2S UPPA</ns0:postCode>
									<ns0:settlement>Pau</ns0:settlement>
									<ns0:country key="FR">France</ns0:country>
								</ns0:address>
							</ns0:affiliation>
						</ns0:author>
						<ns0:author>
							<ns0:affiliation key="aff2">
								<ns0:orgName type="department">Institut des Sciences Analytiques</ns0:orgName>
								<ns0:orgName type="laboratory">UMR5254</ns0:orgName>
								<ns0:orgName type="institution" key="instit1">Universit&#233; de Pau et des Pays de l'Adour</ns0:orgName>
								<ns0:orgName type="institution" key="instit2">CNRS</ns0:orgName>
								<ns0:orgName type="institution" key="instit3">IPREM</ns0:orgName>
								<ns0:orgName type="institution" key="instit4">Physico-chimie pour l'Environnement et les Mat&#233;riaux</ns0:orgName>
								<ns0:address>
									<ns0:postCode>E2S UPPA, 64053</ns0:postCode>
									<ns0:settlement>H&#233;lioparc, Pau</ns0:settlement>
									<ns0:country key="FR">France</ns0:country>
								</ns0:address>
							</ns0:affiliation>
						</ns0:author>
						<ns0:author>
							<ns0:affiliation key="aff3">
								<ns0:orgName type="institution" key="instit1">TOTAL S.E</ns0:orgName>
								<ns0:orgName type="institution" key="instit2">CSTJF Research Center</ns0:orgName>
								<ns0:address>
									<ns0:postCode>64018</ns0:postCode>
									<ns0:settlement>Pau</ns0:settlement>
									<ns0:country key="FR">France</ns0:country>
								</ns0:address>
							</ns0:affiliation>
						</ns0:author>
					</ns0:analytic>
					<ns0:monogr>
						<ns0:imprint>
							<ns0:date />
						</ns0:imprint>
					</ns0:monogr>
				</ns0:biblStruct>
			</ns0:sourceDesc>
		</ns0:fileDesc>
		<ns0:encodingDesc>
			<ns0:appInfo>
				<ns0:application version="0.7.3" ident="GROBID" when="2023-07-23T11:15+0000">
					<ns0:desc>GROBID - A machine learning software for extracting information from scholarly documents</ns0:desc>
					<ns0:ref target="https://github.com/kermitt2/grobid" />
				</ns0:application>
			</ns0:appInfo>
		</ns0:encodingDesc>
		<ns0:profileDesc>
			<ns0:abstract />
		</ns0:profileDesc>
	</ns0:teiHeader>
	<ns0:text xml:lang="en">
		<ns0:back>
			<ns0:div type="annex">
<ns0:div><ns0:head>Supplementary Material for</ns0:head><ns0:p>SiO 2 Biogenic Nanoparticles and asphaltenes:</ns0:p><ns0:p>Interactions and their consequences investigated by</ns0:p></ns0:div>
<ns0:div><ns0:head>QCR and GPC-ICP-HR-MS</ns0:head><ns0:p>Nelson Acevedo 1,2 , Vicmary Vargas 1,3 , Vincent Piscitelli 1 , Aur&#233;lie Le Beulze 4 , Brice Bouyssiere 3* , Herv&#233; Carrier 2 and Jimmy Castillo 1* SI.3 -Destabilization of remnants solutions with n-heptane followed by the QCR sensor.</ns0:p><ns0:p>The QCR frequency changes (Df) and the theoretical deposited mas (Dm) estimation during the titration with n-heptane of the remnant's solutions after adsorption onto SiO2 biogenic nanoparticles, are presented in Figure <ns0:ref type="figure">S3</ns0:ref>. </ns0:p></ns0:div>
<ns0:div><ns0:head>SI.4 -Decomposition treatment of the GPC-ICP MS profiles of vanadium and sulfur containing compounds and assignment in the different gaussians in the aggregates size distributions.</ns0:head><ns0:p>Figure <ns0:ref type="figure">S4</ns0:ref> shows the decomposition of the GPC-ICP MS profiles made using Python (PSF) for the data treatment. 7 gaussian (G1-G7) were adjusted for fitting the profile of 32 sulfur-(a) and 51 vanadiumcontaining compounds (b) profiles. The assignment of the gaussian to the aggregate size distributions, SHMW, HMW, MMW and LMW, was done based on the location of the gaussian maxima between the borders of each size distribution, denoted as dotted lines. In this sense, the aggregate size distributions were composed by the different gaussian as follow: SHMW = G1, HMW = G2 and G3, MMW = G4, G5 and G6; and LMW = G7. The gaussians (G1-G7) for 32 sulfur-and for 51 vanadium-containing compounds profiles were centered at the same elution time. The decomposition treatment of the GPC ICP MS profiles of all samples are shown in Figure <ns0:ref type="figure">S5</ns0:ref> for 32 Sulfur-containing compounds and in Figure <ns0:ref type="figure">S6</ns0:ref> for 51 Vanadium-containing compounds chromatograms. The gaussians G2 and G3 were denoted HMW1 and HMW2 respectively. In the same way, gaussians G4, G5 and G6 were denoted MMW1, MMW2 and MMW3 respectively.  </ns0:p></ns0:div>			</ns0:div>
			<ns0:div type="references">

				<ns0:listBibl />
			</ns0:div>
		</ns0:back>
	</ns0:text>
</ns0:TEI>